AK	Adak	55.9997	-161.2078
AK	Akiachak	60.8919	-161.3923
AK	Akiak	60.8906	-161.1993
AK	Akutan	54.1430	-165.7854
AK	Alakanuk	62.7470	-164.6023
AK	Aleknagik	59.2697	-158.6199
AK	Allakaket	66.5432	-152.7122
AK	Ambler	67.4695	-156.4557
AK	Anaktuvuk Pass	68.1188	-151.6790
AK	Anchor Point	59.7888	-151.7329
AK	Anchorage	61.2116	-149.8761
AK	Anderson	64.3007	-149.1718
AK	Angoon	57.5698	-134.3711
AK	Aniak	61.6916	-157.7585
AK	Anvik	62.8309	-160.1304
AK	Arctic Village	68.0774	-145.4231
AK	Atka	52.1992	-174.2133
AK	Atqasuk	71.2906	-156.7886
AK	Auke Bay	58.3833	-134.6597
AK	Barrow	71.2346	-156.8174
AK	Beaver	66.3388	-147.2798
AK	Bethel	60.8324	-161.8241
AK	Bettles Field	67.1005	-151.0624
AK	Big Lake	61.5842	-149.4401
AK	Brevig Mission	65.3342	-166.4786
AK	Buckland	65.9811	-161.1317
AK	Cantwell	63.3955	-148.8973
AK	Central	65.4681	-144.7489
AK	Chalkyitsik	66.7190	-143.6381
AK	Chefornak	60.1537	-164.2103
AK	Chevak	61.5840	-164.7765
AK	Chicken	64.0750	-141.9333
AK	Chignik	56.3016	-158.4157
AK	Chignik Lagoon	56.2513	-158.6735
AK	Chignik Lake	56.2556	-158.7625
AK	Chitina	61.5167	-144.4367
AK	Chugiak	61.4098	-149.4537
AK	Circle	65.8245	-144.0826
AK	Clam Gulch	60.2016	-151.4226
AK	Clarks Point	58.8492	-158.4512
AK	Clear	64.4181	-149.1399
AK	Coffman Cove	55.3422	-131.6461
AK	Cold Bay	55.6110	-161.9429
AK	Cooper Landing	60.4767	-149.8235
AK	Copper Center	61.9158	-144.9779
AK	Cordova	60.1026	-147.9433
AK	Craig	55.4732	-133.1171
AK	Crooked Creek	61.8181	-158.0025
AK	Deering	66.0623	-162.7120
AK	Delta Junction	64.0054	-145.6136
AK	Denali National Park	63.5161	-149.5395
AK	Dillingham	59.0593	-158.9735
AK	Douglas	58.2756	-134.3950
AK	Dutch Harbor	53.3628	-167.5107
AK	Eagle	64.7833	-141.2000
AK	Eagle River	61.3114	-149.5085
AK	Eek	60.2151	-162.0323
AK	Egegik	58.2062	-157.3422
AK	Eielson Afb	64.6735	-147.0805
AK	Ekwok	59.3628	-157.4782
AK	Elfin Cove	58.1950	-136.3583
AK	Elim	64.6217	-162.2604
AK	Elmendorf Afb	61.2515	-149.8127
AK	Emmonak	62.8274	-164.1313
AK	Ester	64.8467	-148.0167
AK	Fairbanks	64.8402	-147.7104
AK	False Pass	54.8410	-163.4368
AK	Fort Greely	64.0367	-145.7333
AK	Fort Richardson	61.2753	-149.6755
AK	Fort Wainwright	64.8283	-147.6557
AK	Fort Yukon	66.5207	-145.3064
AK	Gakona	62.6547	-143.5684
AK	Galena	64.7608	-156.7977
AK	Gambell	63.7766	-171.7017
AK	Girdwood	60.9425	-149.1664
AK	Glennallen	62.1039	-145.6617
AK	Goodnews Bay	59.0850	-161.5871
AK	Grayling	63.3720	-159.4049
AK	Gustavus	58.4284	-135.7615
AK	Haines	59.2519	-135.5420
AK	Healy	63.9171	-149.0111
AK	Holy Cross	62.1926	-159.8251
AK	Homer	59.6655	-151.4626
AK	Hoonah	58.0322	-135.5584
AK	Hooper Bay	61.5372	-165.8910
AK	Hope	60.9200	-149.6417
AK	Houston	61.6336	-149.8411
AK	Hughes	66.0382	-154.2644
AK	Huslia	65.6899	-156.2920
AK	Hydaburg	55.1374	-132.6332
AK	Hyder	55.9259	-130.1249
AK	Iliamna	59.5648	-155.4626
AK	Indian	60.9804	-149.4917
AK	Juneau	58.3628	-134.5294
AK	Kake	56.9758	-133.9472
AK	Kaktovik	70.0429	-143.6313
AK	Kalskag	61.5410	-160.3261
AK	Kaltag	64.3305	-158.7243
AK	Karluk	57.5700	-154.4583
AK	Kasigluk	60.8956	-162.5206
AK	Kasilof	60.3164	-151.2896
AK	Kenai	60.6145	-151.2546
AK	Ketchikan	55.3720	-131.6832
AK	Kiana	67.1803	-158.1522
AK	King Cove	55.0628	-162.3056
AK	King Salmon	58.7243	-156.6416
AK	Kipnuk	59.9232	-164.1010
AK	Kivalina	67.6659	-163.7336
AK	Klawock	55.5526	-133.0555
AK	Kobuk	66.9123	-157.0669
AK	Kodiak	57.7820	-152.5002
AK	Kongiganak	60.9888	-149.4116
AK	Kotlik	63.0295	-163.5542
AK	Kotzebue	66.8465	-162.1265
AK	Koyuk	64.9317	-161.1500
AK	Koyukuk	64.8833	-157.7000
AK	Kwethluk	60.7718	-161.3885
AK	Kwigillingok	59.8810	-162.9849
AK	Lake Minchumina	63.9039	-152.4301
AK	Larsen Bay	57.5383	-153.9800
AK	Levelock	59.3714	-154.9768
AK	Lower Kalskag	61.5138	-160.3600
AK	Manley Hot Springs	65.0206	-150.5733
AK	Manokotak	59.0096	-158.9897
AK	Marshall	61.8371	-161.7394
AK	Mc Grath	62.9672	-155.5852
AK	Mekoryuk	60.3657	-166.2836
AK	Metlakatla	55.1215	-131.5790
AK	Meyers Chuck	55.7417	-132.2533
AK	Minto	65.0584	-149.6912
AK	Moose Pass	60.8585	-149.2559
AK	Mountain Village	62.1589	-163.8838
AK	Naknek	58.8857	-156.7054
AK	Napakiak	60.6638	-161.7381
AK	Nenana	64.5577	-149.0867
AK	New Stuyahok	59.5935	-157.2972
AK	Nightmute	60.4794	-164.7239
AK	Nikiski	60.6903	-151.2889
AK	Nikolai	63.0016	-154.3812
AK	Nikolski	52.9883	-168.7884
AK	Ninilchik	60.0108	-151.6396
AK	Noatak	66.9755	-160.5095
AK	Nome	64.5058	-165.3107
AK	Nondalton	60.0308	-154.7317
AK	Noorvik	66.8364	-161.0441
AK	North Pole	64.7805	-147.3694
AK	Northway	62.9642	-141.9086
AK	Nuiqsut	70.1927	-150.9971
AK	Nulato	64.7780	-157.9914
AK	Nunam Iqua	62.5092	-164.4533
AK	Nunapitchuk	60.8969	-162.4594
AK	Old Harbor	57.2028	-153.3039
AK	Ouzinkie	57.9250	-152.4917
AK	Palmer	61.6138	-149.0653
AK	Pedro Bay	59.9224	-153.8219
AK	Pelican	57.9608	-136.2275
AK	Perryville	55.9453	-159.2593
AK	Petersburg	56.8271	-133.1607
AK	Pilot Point	57.5952	-157.4493
AK	Pilot Station	61.9462	-162.8747
AK	Platinum	58.6336	-162.0432
AK	Point Baker	56.3079	-133.3764
AK	Point Hope	68.3121	-166.7262
AK	Point Lay	69.7056	-162.9061
AK	Port Alexander	57.0500	-135.3333
AK	Port Alsworth	60.6364	-154.4338
AK	Port Heiden	56.9643	-158.5664
AK	Port Lions	57.8667	-152.8833
AK	Prudhoe Bay	70.0701	-148.5596
AK	Quinhagak	59.7381	-161.8749
AK	Rampart	65.3836	-150.0112
AK	Red Devil	61.7354	-157.1960
AK	Ruby	64.7201	-155.5039
AK	Russian Mission	61.5913	-161.5584
AK	Saint George Island	56.6032	-169.5473
AK	Saint Marys	62.0541	-163.2053
AK	Saint Michael	63.4776	-162.1091
AK	Saint Paul Island	57.1787	-170.2934
AK	Salcha	64.5091	-146.9530
AK	Sand Point	55.3192	-160.4914
AK	Savoonga	63.6797	-170.4709
AK	Scammon Bay	61.8450	-165.5819
AK	Selawik	65.7135	-158.5343
AK	Seldovia	59.4367	-151.7083
AK	Seward	60.1329	-149.3985
AK	Shageluk	62.6611	-159.5282
AK	Shaktoolik	64.3755	-161.1746
AK	Shishmaref	66.2306	-166.1373
AK	Shungnak	66.9581	-157.6135
AK	Sitka	57.0514	-135.3166
AK	Skagway	59.4685	-135.3018
AK	Skwentna	61.9583	-151.1817
AK	Sleetmute	61.6346	-157.1183
AK	Soldotna	60.4818	-151.1358
AK	South Naknek	58.7362	-156.8503
AK	Stebbins	63.4785	-162.2274
AK	Sterling	60.5204	-150.8498
AK	Stevens Village	65.9959	-149.1183
AK	Sutton	61.7967	-148.4628
AK	Takotna	62.9489	-155.5664
AK	Talkeetna	62.2605	-150.1101
AK	Tanacross	63.3853	-143.3464
AK	Tanana	65.1565	-152.1037
AK	Tatitlek	60.8647	-146.6786
AK	Teller	65.2402	-166.3833
AK	Tenakee Springs	57.7800	-135.2167
AK	Thorne Bay	55.6609	-132.5138
AK	Togiak	59.0667	-160.4000
AK	Tok	63.3333	-142.9833
AK	Toksook Bay	60.5370	-165.0970
AK	Trapper Creek	61.4414	-150.2845
AK	Tuluksak	61.1088	-160.9389
AK	Tuntutuliak	60.8438	-161.6372
AK	Tununak	60.5393	-165.0975
AK	Two Rivers	64.8719	-147.0381
AK	Tyonek	61.1179	-151.3485
AK	Unalakleet	63.8835	-160.7884
AK	Unalaska	53.8871	-166.5199
AK	Valdez	60.8950	-146.1956
AK	Venetie	67.0104	-146.4137
AK	Wainwright	70.6201	-160.0125
AK	Wales	65.6882	-168.5205
AK	Ward Cove	55.4083	-131.7250
AK	Wasilla	61.5814	-149.4394
AK	White Mountain	64.7028	-163.4219
AK	Whittier	60.7750	-148.6833
AK	Willow	61.7715	-150.1889
AK	Wrangell	56.4335	-132.3529
AK	Yakutat	59.6202	-139.7789
AL	Abbeville	31.5755	-85.2790
AL	Abernant	33.2903	-87.1981
AL	Adamsville	33.5884	-86.9597
AL	Addison	34.2056	-87.1948
AL	Adger	33.4343	-87.1675
AL	Akron	32.8724	-87.7086
AL	Alabaster	33.2369	-86.8129
AL	Alberta	32.1449	-87.3425
AL	Albertville	34.2739	-86.2064
AL	Alexander City	32.9414	-85.9511
AL	Alexandria	33.7808	-85.8924
AL	Aliceville	33.1228	-88.1667
AL	Allgood	33.9119	-86.5094
AL	Alma	31.4639	-87.7539
AL	Alpine	33.3312	-86.2089
AL	Alton	33.5792	-86.6375
AL	Altoona	34.0429	-86.3509
AL	Andalusia	31.2971	-86.4905
AL	Anderson	34.9518	-87.2723
AL	Annemanie	32.0528	-87.5708
AL	Anniston	33.6539	-85.8382
AL	Arab	34.3283	-86.4896
AL	Ardmore	34.9804	-86.8346
AL	Ariton	31.5830	-85.7077
AL	Arley	34.0632	-87.1828
AL	Arlington	32.0668	-87.5597
AL	Ashford	31.1888	-85.2535
AL	Ashland	33.2474	-85.8290
AL	Ashville	33.8374	-86.2552
AL	Athens	34.8036	-86.9707
AL	Atmore	31.0572	-87.4873
AL	Attalla	34.0296	-86.0967
AL	Auburn	32.6020	-85.4890
AL	Auburn University	32.6010	-85.4882
AL	Autaugaville	32.4625	-86.7149
AL	Axis	31.0068	-88.0427
AL	Baileyton	34.2683	-86.6213
AL	Banks	31.8368	-85.7998
AL	Bankston	33.7008	-87.6897
AL	Bay Minette	30.8635	-87.7644
AL	Bayou La Batre	30.4080	-88.2507
AL	Bear Creek	34.2135	-87.6861
AL	Beatrice	31.7273	-87.1719
AL	Beaverton	33.9429	-88.0157
AL	Belk	33.6475	-87.9314
AL	Bellamy	32.4489	-88.1336
AL	Belle Mina	34.6567	-86.8792
AL	Bellwood	31.1731	-85.7933
AL	Berry	33.6945	-87.6226
AL	Bessemer	33.4090	-86.9475
AL	Billingsley	32.6106	-86.7163
AL	Birmingham	33.5190	-86.8014
AL	Black	31.0132	-85.7456
AL	Blountsville	34.0929	-86.5686
AL	Boaz	34.1739	-86.1211
AL	Boligee	32.7746	-88.0267
AL	Bon Air	33.2636	-86.3356
AL	Bon Secour	30.3289	-87.7214
AL	Booth	32.5003	-86.5719
AL	Boykin	32.0778	-87.2814
AL	Brantley	31.5710	-86.2743
AL	Bremen	33.9737	-87.0043
AL	Brent	32.9357	-87.2114
AL	Brewton	31.1189	-87.0673
AL	Bridgeport	34.9446	-85.7277
AL	Brierfield	33.0427	-86.9517
AL	Brilliant	34.0377	-87.7563
AL	Brooklyn	31.2625	-86.7711
AL	Brookside	33.6378	-86.9167
AL	Brookwood	33.2775	-87.3090
AL	Brownsboro	34.7167	-86.4687
AL	Brundidge	31.7013	-85.8177
AL	Bryant	34.9450	-85.6324
AL	Bucks	31.0103	-88.0242
AL	Buhl	33.2494	-87.7189
AL	Burnt Corn	31.4580	-86.9258
AL	Burnwell	33.7078	-87.0875
AL	Butler	32.0829	-88.2064
AL	Bynum	33.6131	-85.9611
AL	Calera	33.1098	-86.7560
AL	Calvert	31.1606	-88.0311
AL	Camden	32.0047	-87.2950
AL	Camp Hill	32.7827	-85.6474
AL	Campbell	31.9635	-88.0061
AL	Capshaw	34.7731	-86.7928
AL	Carbon Hill	33.9093	-87.5403
AL	Cardiff	33.6456	-86.9336
AL	Carlton	31.3224	-87.8378
AL	Carrollton	33.2485	-88.1321
AL	Castleberry	31.3261	-87.0268
AL	Catherine	32.1820	-87.4836
AL	Cecil	32.3009	-86.0112
AL	Cedar Bluff	34.2417	-85.6026
AL	Centre	34.1116	-85.6092
AL	Centreville	32.9503	-87.1192
AL	Chancellor	31.1734	-85.9109
AL	Chapman	31.6711	-86.7122
AL	Chatom	31.4876	-88.2699
AL	Chelsea	33.3716	-86.6141
AL	Cherokee	34.7442	-87.9724
AL	Childersburg	33.2669	-86.3376
AL	Choccolocco	33.6592	-85.7036
AL	Chunchula	30.9912	-88.1311
AL	Citronelle	31.0425	-88.2549
AL	Clanton	32.8355	-86.6425
AL	Clay	33.7025	-86.5997
AL	Clayton	31.8874	-85.4509
AL	Cleveland	33.9921	-86.5594
AL	Clinton	32.9136	-87.9925
AL	Clio	31.6852	-85.5904
AL	Clopton	31.6028	-85.4823
AL	Cloverdale	34.9386	-87.7714
AL	Coaling	33.1589	-87.3408
AL	Coden	30.4188	-88.1683
AL	Coffee Springs	31.1388	-85.9182
AL	Coffeeville	31.7843	-88.0715
AL	Coker	33.2526	-87.6365
AL	Collinsville	34.2680	-85.8620
AL	Columbia	31.3352	-85.1455
AL	Columbiana	33.1770	-86.6161
AL	Cook Springs	33.5897	-86.3619
AL	Coosada	32.4967	-86.3317
AL	Cordova	33.7680	-87.1841
AL	Cottondale	33.1767	-87.3871
AL	Cottonton	32.1467	-85.0739
AL	Cottonwood	31.0989	-85.3757
AL	Courtland	34.6719	-87.3143
AL	Cowarts	31.2000	-85.3047
AL	Coy	31.8889	-87.3926
AL	Cragford	33.2171	-85.7108
AL	Crane Hill	34.0821	-87.0484
AL	Creola	30.9013	-88.0174
AL	Cropwell	33.5064	-86.2800
AL	Crossville	34.2588	-86.0306
AL	Cuba	32.4110	-88.3611
AL	Cullman	34.1761	-86.8298
AL	Cusseta	32.8032	-85.2158
AL	Dadeville	32.8224	-85.7704
AL	Daleville	31.2811	-85.7305
AL	Danville	34.4522	-87.0532
AL	Daphne	30.6197	-87.8895
AL	Dauphin Island	30.2521	-88.1096
AL	Daviston	33.0335	-85.7538
AL	Dawson	34.3568	-85.9292
AL	De Armanville	33.6264	-85.7514
AL	Deatsville	32.6134	-86.3382
AL	Decatur	34.5896	-86.9887
AL	Deer Park	31.1849	-88.3273
AL	Delmar	34.1700	-87.6058
AL	Delta	33.4573	-85.6793
AL	Demopolis	32.4908	-87.8397
AL	Detroit	34.0109	-88.1606
AL	Dickinson	31.7172	-87.6569
AL	Dixons Mills	32.0672	-87.7454
AL	Docena	33.5594	-86.9311
AL	Dolomite	33.4654	-86.9564
AL	Dora	33.7349	-87.0401
AL	Dothan	31.2029	-85.4180
AL	Double Springs	34.1387	-87.3974
AL	Douglas	34.1736	-86.3236
AL	Dozier	31.5066	-86.3663
AL	Duncanville	33.0828	-87.4950
AL	Dutton	34.6046	-85.9067
AL	East Tallassee	32.6072	-85.8081
AL	Eastaboga	33.6031	-85.9608
AL	Echola	33.3166	-87.8072
AL	Eclectic	32.6542	-86.0316
AL	Edwardsville	33.7072	-85.5092
AL	Eight Mile	30.7951	-88.1823
AL	Elba	31.4137	-86.0777
AL	Elberta	30.3942	-87.5890
AL	Eldridge	33.9315	-87.6194
AL	Elkmont	34.9152	-86.9105
AL	Elmore	32.5454	-86.3161
AL	Elrod	33.3437	-87.8014
AL	Emelle	32.7550	-88.3057
AL	Empire	33.8256	-87.0161
AL	Enterprise	31.3408	-85.8421
AL	Epes	32.7634	-88.1614
AL	Equality	32.8139	-86.1051
AL	Estillfork	34.9130	-86.1716
AL	Ethelsville	33.3868	-88.2220
AL	Eufaula	31.9051	-85.1656
AL	Eutaw	32.8889	-87.9303
AL	Eva	34.3478	-86.7044
AL	Excel	31.4278	-87.3414
AL	Fackler	34.8259	-85.9846
AL	Fairfield	33.4735	-86.9183
AL	Fairhope	30.5012	-87.8835
AL	Falkville	34.3477	-86.9131
AL	Faunsdale	32.4233	-87.6181
AL	Fayette	33.6974	-87.8346
AL	Fitzpatrick	32.1516	-85.8883
AL	Five Points	33.0424	-85.3243
AL	Flat Rock	34.8076	-85.7084
AL	Flomaton	31.0402	-87.2664
AL	Florala	31.0172	-86.3385
AL	Florence	34.8305	-87.6560
AL	Foley	30.4007	-87.6857
AL	Forest Home	31.8532	-86.7864
AL	Forkland	32.6447	-87.8817
AL	Fort Davis	32.2895	-85.7007
AL	Fort Deposit	31.9960	-86.5761
AL	Fort Mitchell	32.3414	-85.0217
AL	Fort Payne	34.4368	-85.7124
AL	Fort Rucker	31.3480	-85.7214
AL	Fosters	33.1359	-87.7357
AL	Franklin	31.7238	-87.4412
AL	Frankville	31.6468	-88.1332
AL	Frisco City	31.4235	-87.3817
AL	Fruitdale	31.3488	-88.3766
AL	Fruithurst	33.7717	-85.4381
AL	Fulton	31.7909	-87.7081
AL	Fultondale	33.6113	-86.8136
AL	Furman	32.0067	-86.9669
AL	Fyffe	34.4373	-85.9288
AL	Gadsden	33.9972	-86.0103
AL	Gainestown	31.4258	-87.6822
AL	Gainesville	32.9084	-88.2716
AL	Gallant	33.9976	-86.2346
AL	Gallion	32.5298	-87.6985
AL	Gantt	31.4169	-86.4198
AL	Garden City	34.0144	-86.7469
AL	Gardendale	33.7189	-86.8225
AL	Gaylesville	34.3573	-85.5589
AL	Geneva	31.0414	-85.8847
AL	Georgiana	31.6287	-86.7340
AL	Geraldine	34.3439	-86.0404
AL	Gilbertown	31.8666	-88.3265
AL	Glen Allen	33.8994	-87.7303
AL	Glenwood	31.6641	-86.1710
AL	Goodsprings	33.6689	-87.2317
AL	Goodwater	33.0746	-86.0781
AL	Goodway	31.3367	-87.4258
AL	Gordo	33.3469	-87.9005
AL	Gordon	31.1002	-85.1234
AL	Goshen	31.8250	-86.1049
AL	Grady	32.0194	-86.1292
AL	Graham	33.4630	-85.3340
AL	Grand Bay	30.4983	-88.3282
AL	Grant	34.4959	-86.2590
AL	Graysville	33.6336	-86.9482
AL	Green Pond	33.2250	-87.1264
AL	Greensboro	32.7167	-87.5905
AL	Greenville	31.8100	-86.6229
AL	Grove Hill	31.6755	-87.7636
AL	Groveoak	34.4359	-86.0400
AL	Guin	33.9676	-87.9024
AL	Gulf Shores	30.2690	-87.7128
AL	Guntersville	34.3219	-86.3055
AL	Gurley	34.7140	-86.3940
AL	Hackleburg	34.2678	-87.8608
AL	Haleyville	34.2314	-87.5938
AL	Hamilton	34.1534	-88.0085
AL	Hanceville	34.0516	-86.7848
AL	Hardaway	32.3129	-85.8838
AL	Harpersville	33.3675	-86.4294
AL	Hartford	31.0860	-85.7192
AL	Hartselle	34.4482	-86.9242
AL	Harvest	34.8273	-86.7499
AL	Hatchechubbee	32.2845	-85.3029
AL	Hayden	33.8858	-86.8177
AL	Hayneville	32.1957	-86.6550
AL	Hazel Green	34.9496	-86.5935
AL	Headland	31.3534	-85.3323
AL	Heflin	33.6115	-85.5885
AL	Helena	33.3170	-86.8138
AL	Henagar	34.6186	-85.7274
AL	Higdon	34.8732	-85.6225
AL	Highland Home	31.9283	-86.2971
AL	Hillsboro	34.6476	-87.1804
AL	Hodges	34.3417	-87.9590
AL	Hollins	33.1175	-86.1444
AL	Holly Pond	34.1901	-86.6174
AL	Hollytree	34.7990	-86.2336
AL	Hollywood	34.7304	-85.9532
AL	Holy Trinity	32.2222	-85.0053
AL	Honoraville	31.8784	-86.3981
AL	Hope Hull	32.2243	-86.3932
AL	Horton	34.1900	-86.3173
AL	Houston	34.1180	-87.2618
AL	Huntsville	34.7269	-86.5673
AL	Hurtsboro	32.2454	-85.3959
AL	Huxford	31.2200	-87.4619
AL	Ider	34.7351	-85.6416
AL	Irvington	30.4802	-88.2396
AL	Jachin	32.2442	-88.2334
AL	Jack	31.5524	-86.0431
AL	Jackson	31.5131	-87.8672
AL	Jacksons Gap	32.8797	-85.8487
AL	Jacksonville	33.8310	-85.7752
AL	Jasper	33.8717	-87.2491
AL	Jefferson	32.3867	-87.8981
AL	Jemison	32.9805	-86.7181
AL	Jones	32.6085	-86.8893
AL	Joppa	34.2837	-86.5519
AL	Kansas	33.9017	-87.5519
AL	Kellerman	33.3406	-87.3047
AL	Kellyton	32.9791	-86.0484
AL	Kennedy	33.5750	-88.0517
AL	Kent	32.6189	-85.9486
AL	Killen	34.9016	-87.5082
AL	Kimberly	33.7684	-86.8084
AL	Kinston	31.2621	-86.0695
AL	Knoxville	32.9824	-87.7919
AL	Laceys Spring	34.4996	-86.6129
AL	Lafayette	32.9252	-85.4426
AL	Lanett	32.8616	-85.2161
AL	Langston	34.4978	-86.1056
AL	Lapine	31.9854	-86.2785
AL	Lawley	32.8646	-86.9567
AL	Leeds	33.5283	-86.5748
AL	Leesburg	34.1911	-85.7705
AL	Leighton	34.7110	-87.5221
AL	Lenox	31.3273	-87.1967
AL	Leroy	31.4910	-87.9687
AL	Lester	34.9184	-87.1434
AL	Letohatchee	32.0862	-86.4880
AL	Lexington	34.9559	-87.3935
AL	Lillian	30.3972	-87.4745
AL	Lincoln	33.6059	-86.1112
AL	Linden	32.3053	-87.7954
AL	Lineville	33.3286	-85.7346
AL	Lisman	32.2177	-88.3234
AL	Little River	31.2246	-87.7548
AL	Livingston	32.5885	-88.1736
AL	Loachapoka	32.6042	-85.5933
AL	Lockhart	31.0103	-86.3497
AL	Locust Fork	33.9075	-86.6153
AL	Logan	34.1841	-87.0381
AL	Louisville	31.7943	-85.5581
AL	Lower Peach Tree	31.8504	-87.5682
AL	Lowndesboro	32.3003	-86.6099
AL	Loxley	30.6180	-87.7562
AL	Luverne	31.7074	-86.2566
AL	Lynn	34.0530	-87.5398
AL	Madison	34.6578	-86.8056
AL	Magnolia	32.1419	-87.6998
AL	Magnolia Springs	30.3945	-87.7858
AL	Malcolm	31.1911	-88.0075
AL	Malvern	31.1575	-85.5223
AL	Maplesville	32.8045	-86.8717
AL	Marbury	32.6394	-86.5101
AL	Margaret	33.6861	-86.4750
AL	Marion	32.6463	-87.3314
AL	Marion Junction	32.4266	-87.2702
AL	Mathews	32.1283	-86.0413
AL	Maylene	33.2317	-86.8727
AL	Mc Calla	33.2845	-87.1024
AL	Mc Intosh	31.2361	-88.0511
AL	Mc Kenzie	31.5450	-86.7356
AL	Mc Shan	33.3817	-88.1433
AL	Mc Williams	31.8456	-87.0883
AL	Megargel	31.3797	-87.4283
AL	Melvin	31.9303	-88.4589
AL	Mentone	34.5872	-85.5777
AL	Meridianville	34.8618	-86.5789
AL	Mexia	31.5069	-87.3883
AL	Midland City	31.3672	-85.5130
AL	Midway	32.0955	-85.5315
AL	Millbrook	32.4995	-86.3641
AL	Millerville	33.1590	-85.9690
AL	Millport	33.5401	-88.2000
AL	Millry	31.6269	-88.3559
AL	Minter	32.0954	-86.9250
AL	Mobile	30.6959	-88.0434
AL	Monroeville	31.5153	-87.3410
AL	Montevallo	33.1248	-86.8622
AL	Montgomery	32.3743	-86.3118
AL	Montrose	30.5656	-87.9017
AL	Moody	33.5841	-86.5156
AL	Mooresville	34.6283	-86.8803
AL	Morris	33.7392	-86.7726
AL	Morvin	31.9673	-87.9729
AL	Moulton	34.5058	-87.2224
AL	Moundville	32.9789	-87.6151
AL	Mount Hope	34.4630	-87.4515
AL	Mount Meigs	32.3625	-86.1019
AL	Mount Olive	33.6768	-86.8717
AL	Mount Vernon	31.0974	-88.0350
AL	Mulga	33.5407	-87.0440
AL	Munford	33.5410	-85.9363
AL	Muscadine	33.7529	-85.3789
AL	Muscle Shoals	34.7561	-87.6304
AL	Myrtlewood	32.2503	-87.9497
AL	Nanafalia	32.1128	-87.9881
AL	Natural Bridge	34.0933	-87.6019
AL	Nauvoo	33.9299	-87.4324
AL	Needham	32.0122	-88.3458
AL	New Brockton	31.3690	-85.9404
AL	New Castle	33.6489	-86.7686
AL	New Hope	34.5494	-86.3961
AL	New Market	34.9000	-86.4487
AL	Newbern	32.5515	-87.5615
AL	Newton	31.3311	-85.5992
AL	Newville	31.4403	-85.3287
AL	Normal	34.7889	-86.5719
AL	Northport	33.2605	-87.5872
AL	Notasulga	32.5437	-85.6871
AL	Oak Hill	31.9250	-87.0825
AL	Oakman	33.7002	-87.3686
AL	Odenville	33.6756	-86.4090
AL	Ohatchee	33.7788	-86.0254
AL	Oneonta	33.9259	-86.4741
AL	Opelika	32.6278	-85.3586
AL	Opp	31.2799	-86.2571
AL	Orange Beach	30.2906	-87.5559
AL	Orrville	32.2949	-87.2214
AL	Owens Cross Roads	34.6129	-86.4666
AL	Oxford	33.5968	-85.8335
AL	Ozark	31.4391	-85.6436
AL	Paint Rock	34.6671	-86.3326
AL	Palmerdale	33.7386	-86.6461
AL	Panola	32.9506	-88.2689
AL	Pansey	31.1318	-85.2385
AL	Parrish	33.7213	-87.2658
AL	Pelham	33.3105	-86.8062
AL	Pell City	33.5979	-86.3432
AL	Pennington	32.2262	-88.0931
AL	Perdido	30.9806	-87.6284
AL	Perdue Hill	31.5139	-87.4933
AL	Perote	32.0035	-85.7477
AL	Peterman	31.5900	-87.2600
AL	Peterson	33.2325	-87.4236
AL	Petrey	31.8486	-86.2078
AL	Phenix City	32.4840	-85.0911
AL	Phil Campbell	34.3470	-87.7154
AL	Piedmont	33.8389	-85.6460
AL	Pike Road	32.3357	-86.0959
AL	Pinckard	31.3114	-85.5531
AL	Pine Apple	31.9265	-87.0047
AL	Pine Hill	31.9735	-87.5771
AL	Pine Level	32.0678	-86.0597
AL	Pinson	33.7081	-86.6565
AL	Pisgah	34.6886	-85.8030
AL	Pittsview	32.1733	-85.1312
AL	Plantersville	32.6176	-86.9475
AL	Pleasant Grove	33.4883	-86.9766
AL	Point Clear	30.4739	-87.9192
AL	Prattville	32.4787	-86.4300
AL	Princeton	34.8402	-86.2501
AL	Quinton	33.6561	-87.1007
AL	Ragland	33.7367	-86.1619
AL	Rainsville	34.4989	-85.8446
AL	Ralph	33.0629	-87.7450
AL	Ramer	32.0677	-86.2463
AL	Ranburne	33.5616	-85.3786
AL	Randolph	32.8888	-86.9070
AL	Range	31.3017	-87.3197
AL	Red Bay	34.4513	-88.1129
AL	Red Level	31.4399	-86.6121
AL	Reform	33.3959	-88.0203
AL	Remlap	33.8462	-86.6417
AL	Repton	31.4256	-87.1720
AL	River Falls	31.3528	-86.5392
AL	Riverside	33.6088	-86.1983
AL	Roanoke	33.1564	-85.3579
AL	Robertsdale	30.5616	-87.6373
AL	Rockford	32.8780	-86.2400
AL	Rogersville	34.8495	-87.3237
AL	Russellville	34.5066	-87.7257
AL	Rutledge	31.7559	-86.3485
AL	Ryland	34.7697	-86.4808
AL	Safford	32.3002	-87.3693
AL	Saginaw	33.2161	-86.7919
AL	Saint Elmo	30.5033	-88.2542
AL	Saint Stephens	31.5330	-88.0521
AL	Salem	32.6212	-85.1840
AL	Samantha	33.4222	-87.6053
AL	Samson	31.1049	-86.0674
AL	Saraland	30.8332	-88.0934
AL	Sardis	32.2844	-86.9920
AL	Satsuma	30.8516	-88.0533
AL	Sawyerville	32.7578	-87.7402
AL	Sayre	33.7122	-86.9744
AL	Scottsboro	34.6723	-86.0513
AL	Seale	32.3053	-85.1677
AL	Section	34.5433	-85.9940
AL	Selma	32.4197	-87.0245
AL	Seminole	30.5048	-87.4659
AL	Semmes	30.7544	-88.2667
AL	Shannon	33.4053	-86.8719
AL	Sheffield	34.7578	-87.6971
AL	Shelby	33.0785	-86.5536
AL	Shorter	32.3836	-85.9162
AL	Shorterville	31.6256	-85.1458
AL	Silas	31.7668	-88.3091
AL	Siluria	33.2442	-86.8164
AL	Silverhill	30.5222	-87.7457
AL	Sipsey	33.8247	-87.0861
AL	Skipperville	31.5516	-85.5496
AL	Slocomb	31.0956	-85.5830
AL	Smiths Station	32.5201	-85.1000
AL	Somerville	34.4995	-86.8009
AL	Spanish Fort	30.6959	-87.8867
AL	Spring Garden	33.9728	-85.5539
AL	Springville	33.7386	-86.4394
AL	Spruce Pine	34.3848	-87.7121
AL	Stanton	32.7096	-86.8868
AL	Stapleton	30.7425	-87.7933
AL	Steele	33.9417	-86.2289
AL	Sterrett	33.4461	-86.4917
AL	Stevenson	34.8769	-85.8508
AL	Stockton	31.0129	-87.8633
AL	Sulligent	33.8549	-88.1508
AL	Sumiton	33.7680	-87.0445
AL	Summerdale	30.4752	-87.6992
AL	Sunflower	31.3822	-88.0083
AL	Sweet Water	32.0773	-87.9228
AL	Sycamore	33.2511	-86.2025
AL	Sylacauga	33.1717	-86.2713
AL	Sylvania	34.5590	-85.7921
AL	Talladega	33.4354	-86.1134
AL	Tallassee	32.5510	-85.8978
AL	Tanner	34.7130	-86.9892
AL	Theodore	30.5444	-88.1807
AL	Thomaston	32.2538	-87.5974
AL	Thomasville	31.9067	-87.7598
AL	Thorsby	32.9238	-86.7467
AL	Tibbie	31.3737	-88.2668
AL	Titus	32.6900	-86.2393
AL	Toney	34.9116	-86.7000
AL	Town Creek	34.6491	-87.4262
AL	Townley	33.8470	-87.4372
AL	Toxey	31.9315	-88.3179
AL	Trafford	33.8190	-86.7434
AL	Trenton	34.7401	-86.2913
AL	Trinity	34.5918	-87.0913
AL	Troy	31.7567	-85.9993
AL	Trussville	33.6339	-86.5981
AL	Tuscaloosa	33.1969	-87.5627
AL	Tuscumbia	34.6874	-87.6833
AL	Tuskegee	32.4316	-85.6861
AL	Tuskegee Institute	32.4303	-85.7053
AL	Tyler	32.2819	-86.8599
AL	Union Grove	34.4093	-86.4628
AL	Union Springs	32.1663	-85.6787
AL	Uniontown	32.4470	-87.4934
AL	Uriah	31.3135	-87.5705
AL	Valhermoso Springs	34.5381	-86.6780
AL	Valley	32.8113	-85.1749
AL	Valley Head	34.5697	-85.6272
AL	Vance	33.1750	-87.2574
AL	Vandiver	33.4807	-86.5013
AL	Verbena	32.7596	-86.5438
AL	Vernon	33.7613	-88.0979
AL	Vina	34.3712	-88.0774
AL	Vincent	33.4010	-86.3994
AL	Vinegar Bend	31.2584	-88.3865
AL	Vinemont	34.2621	-86.9125
AL	Vredenburgh	31.7344	-87.4162
AL	Wadley	33.1492	-85.5513
AL	Wagarville	31.4102	-88.0705
AL	Walnut Grove	34.0656	-86.3064
AL	Ward	32.3341	-88.2971
AL	Warrior	33.8529	-86.8198
AL	Waterloo	34.9357	-87.9624
AL	Watson	33.6336	-86.8794
AL	Wattsville	33.6814	-86.2797
AL	Waverly	32.7632	-85.5144
AL	Weaver	33.7563	-85.8107
AL	Webb	31.2656	-85.2544
AL	Wedowee	33.3019	-85.4737
AL	Wellington	33.8638	-85.9153
AL	Weogufka	33.0238	-86.3042
AL	West Blocton	33.1424	-87.1369
AL	West Greene	32.9236	-88.0853
AL	Westover	33.3494	-86.5358
AL	Wetumpka	32.5451	-86.1880
AL	Whatley	31.6395	-87.6565
AL	Wilmer	30.8137	-88.3332
AL	Wilsonville	33.2293	-86.5299
AL	Wilton	33.0786	-86.8817
AL	Winfield	33.9303	-87.7972
AL	Wing	31.1481	-86.5612
AL	Woodland	33.3555	-85.3538
AL	Woodstock	33.1698	-87.1635
AL	Woodville	34.6689	-86.2296
AL	York	32.4728	-88.2683
AR	Adona	35.0470	-92.9033
AR	Alexander	34.6313	-92.4727
AR	Alicia	35.9423	-91.0810
AR	Alix	35.4308	-93.7264
AR	Alleene	33.7700	-94.2603
AR	Alma	35.5000	-94.2073
AR	Almyra	34.4146	-91.4310
AR	Alpena	36.2998	-93.2792
AR	Alpine	34.2289	-93.3789
AR	Altheimer	34.3062	-91.8289
AR	Altus	35.4049	-93.8115
AR	Amagon	35.5616	-91.0796
AR	Amity	34.2594	-93.4206
AR	Antoine	34.0283	-93.4372
AR	Arkadelphia	34.1153	-93.0690
AR	Arkansas City	33.6143	-91.2325
AR	Armorel	35.9428	-89.7581
AR	Ash Flat	36.2197	-91.6107
AR	Ashdown	33.6787	-94.1351
AR	Atkins	35.2449	-92.9507
AR	Aubrey	34.7027	-90.9113
AR	Augusta	35.2788	-91.3527
AR	Austin	35.0284	-91.9594
AR	Avoca	36.4019	-94.0706
AR	Bald Knob	35.3113	-91.5502
AR	Banks	33.5497	-92.2604
AR	Barling	35.3330	-94.3082
AR	Barton	34.5475	-90.7681
AR	Bassett	35.5138	-90.1922
AR	Batesville	35.7826	-91.6352
AR	Bauxite	34.5455	-92.3605
AR	Bay	35.7456	-90.5507
AR	Bearden	33.7298	-92.6180
AR	Beaver	36.4736	-93.7672
AR	Bee Branch	35.4234	-92.4085
AR	Beebe	35.0937	-91.9074
AR	Beech Grove	36.1832	-90.6181
AR	Beedeville	35.4203	-91.1064
AR	Beirne	33.8886	-93.2039
AR	Bella Vista	36.4651	-94.2520
AR	Belleville	35.1038	-93.4518
AR	Ben Lomond	33.8353	-94.1183
AR	Benton	34.5801	-92.5952
AR	Bentonville	36.3577	-94.2224
AR	Bergman	36.3161	-93.0075
AR	Berryville	36.3519	-93.5587
AR	Bexar	36.3061	-91.9860
AR	Big Flat	36.0068	-92.3917
AR	Bigelow	34.9847	-92.6308
AR	Biggers	36.3430	-90.7845
AR	Biscoe	34.8337	-91.4900
AR	Bismarck	34.3110	-93.1872
AR	Black Oak	35.8359	-90.3542
AR	Black Rock	36.1149	-91.1176
AR	Blevins	33.8755	-93.5360
AR	Blue Mountain	35.1304	-93.7168
AR	Bluff City	33.6982	-93.1868
AR	Bluffton	34.9016	-93.5919
AR	Blytheville	35.9345	-89.9225
AR	Board Camp	34.5378	-94.0953
AR	Boles	34.7654	-94.0629
AR	Bonnerdale	34.3498	-93.3194
AR	Bono	35.9086	-90.7848
AR	Booneville	35.1364	-93.9274
AR	Bradford	35.4277	-91.5190
AR	Bradley	33.1070	-93.6275
AR	Branch	35.2971	-93.9454
AR	Brickeys	34.8548	-90.5377
AR	Briggsville	34.9161	-93.5157
AR	Brinkley	34.8781	-91.1886
AR	Brockwell	36.1358	-91.9513
AR	Brookland	35.9165	-90.5762
AR	Bryant	34.6068	-92.4920
AR	Buckner	33.3753	-93.4470
AR	Bull Shoals	36.3710	-92.5938
AR	Burdette	35.8148	-89.9423
AR	Cabot	34.9457	-92.0318
AR	Caddo Gap	34.3976	-93.5864
AR	Caldwell	35.0744	-90.8167
AR	Cale	33.6164	-93.2650
AR	Calico Rock	36.1448	-92.1455
AR	Calion	33.3289	-92.5383
AR	Camden	33.5759	-92.8334
AR	Camp	36.4025	-91.7262
AR	Canehill	35.9110	-94.3862
AR	Caraway	35.7590	-90.3358
AR	Carlisle	34.7933	-91.7459
AR	Carthage	34.0636	-92.6262
AR	Casa	35.0322	-93.0470
AR	Cash	35.8301	-90.9410
AR	Casscoe	34.4736	-91.3248
AR	Cave City	35.9517	-91.5444
AR	Cave Springs	36.2668	-94.2078
AR	Cecil	35.4342	-93.9429
AR	Cedarville	35.5902	-94.3446
AR	Center Ridge	35.3981	-92.5582
AR	Centerton	36.3670	-94.3089
AR	Centerville	35.1128	-93.1686
AR	Charleston	35.3115	-94.0337
AR	Charlotte	35.8334	-91.3962
AR	Cherokee Village	36.2978	-91.5158
AR	Cherry Valley	35.3991	-90.7613
AR	Chester	35.6898	-94.2020
AR	Chidester	33.7001	-93.0187
AR	Choctaw	35.5235	-92.4264
AR	Clarendon	34.6601	-91.2564
AR	Clarkedale	35.3092	-90.2361
AR	Clarkridge	36.4433	-92.3516
AR	Clarksville	35.4908	-93.4911
AR	Cleveland	35.3583	-92.7128
AR	Clinton	35.6045	-92.4758
AR	Coal Hill	35.4371	-93.6720
AR	College Station	34.7081	-92.2211
AR	Colt	35.0961	-90.7872
AR	Columbus	33.7451	-93.8559
AR	Combs	35.8483	-93.8252
AR	Compton	36.0979	-93.3099
AR	Concord	35.6414	-91.8333
AR	Conway	35.0842	-92.4236
AR	Cord	35.8184	-91.3375
AR	Corning	36.4155	-90.5870
AR	Cotter	36.2804	-92.5328
AR	Cotton Plant	35.0178	-91.2290
AR	Cove	34.4192	-94.3923
AR	Coy	34.5386	-91.8739
AR	Crawfordsville	35.2119	-90.3351
AR	Crocketts Bluff	34.4253	-91.2321
AR	Crossett	33.1524	-91.9592
AR	Crumrod	34.2162	-90.9495
AR	Curtis	33.9978	-93.1056
AR	Cushman	35.8697	-91.7765
AR	Damascus	35.2910	-92.4330
AR	Danville	35.0495	-93.3929
AR	Dardanelle	35.1955	-93.1873
AR	Datto	36.3897	-90.7231
AR	De Queen	34.0442	-94.3386
AR	De Valls Bluff	34.7447	-91.4982
AR	De Witt	34.2853	-91.3336
AR	Decatur	36.3347	-94.4534
AR	Deer	35.8530	-93.3174
AR	Delaplaine	36.1995	-90.7345
AR	Delaware	35.2780	-93.3462
AR	Delight	34.0238	-93.5247
AR	Dell	35.8501	-90.0354
AR	Dennard	35.7252	-92.5575
AR	Dermott	33.5241	-91.4394
AR	Des Arc	34.9751	-91.5113
AR	Desha	35.7315	-91.6783
AR	Diamond City	36.4644	-92.9200
AR	Diaz	35.6383	-91.2650
AR	Dierks	34.1323	-94.0152
AR	Doddridge	33.1054	-93.9543
AR	Dolph	36.2229	-92.1177
AR	Donaldson	34.2212	-92.9094
AR	Dover	35.4074	-93.1355
AR	Drasco	35.6616	-91.9398
AR	Driver	35.5597	-89.9605
AR	Dumas	33.8921	-91.4861
AR	Dyer	35.4922	-94.1375
AR	Dyess	35.5954	-90.2157
AR	Earle	35.2799	-90.4503
AR	Edgemont	35.6230	-92.1995
AR	Edmondson	35.0223	-90.3287
AR	Egypt	35.8681	-90.9456
AR	El Dorado	33.2073	-92.6629
AR	El Paso	35.1142	-92.0901
AR	Elaine	34.3087	-90.8735
AR	Elizabeth	36.3238	-92.0934
AR	Elkins	36.0177	-94.0073
AR	Elm Springs	36.2061	-94.2342
AR	Emerson	33.0891	-93.1987
AR	Emmet	33.6929	-93.4232
AR	England	34.5575	-91.9484
AR	Enola	35.2087	-92.2123
AR	Ethel	34.2435	-91.1398
AR	Etowah	35.7147	-90.2182
AR	Eudora	33.1213	-91.2716
AR	Eureka Springs	36.4853	-93.7319
AR	Evansville	35.8193	-94.4789
AR	Evening Shade	36.0855	-91.5980
AR	Everton	36.1534	-92.9150
AR	Fairfield Bay	35.6561	-92.3192
AR	Farmington	36.0436	-94.2539
AR	Fayetteville	36.0520	-94.1534
AR	Fifty Six	35.9920	-92.2182
AR	Fisher	35.5140	-90.9550
AR	Flippin	36.2682	-92.5780
AR	Floral	35.6023	-91.7341
AR	Fordyce	33.8176	-92.4225
AR	Foreman	33.7176	-94.3881
AR	Forrest City	35.0091	-90.7886
AR	Fort Smith	35.3653	-94.4110
AR	Fouke	33.3025	-93.9010
AR	Fountain Hill	33.3430	-91.8356
AR	Fox	35.7682	-92.3043
AR	Franklin	36.1291	-91.8096
AR	Frenchmans Bayou	35.4784	-90.0559
AR	Friendship	34.2412	-92.9804
AR	Fulton	33.6299	-93.8086
AR	Gamaliel	36.4618	-92.2284
AR	Garfield	36.4288	-93.9512
AR	Garland City	33.3352	-93.7316
AR	Garner	35.1303	-91.7429
AR	Gassville	36.3175	-92.4736
AR	Gateway	36.4858	-93.9350
AR	Genoa	33.3836	-93.9094
AR	Gentry	36.2652	-94.4751
AR	Gepp	36.4364	-92.0995
AR	Gilbert	35.9878	-92.7161
AR	Gillett	34.1218	-91.3800
AR	Gillham	34.1570	-94.3165
AR	Gilmore	35.3864	-90.2647
AR	Glencoe	36.2890	-91.7695
AR	Glenwood	34.3192	-93.5559
AR	Goodwin	34.9591	-90.9835
AR	Goshen	36.1075	-93.9873
AR	Gosnell	35.9272	-89.9188
AR	Gould	34.0345	-91.5768
AR	Grady	34.0305	-91.6708
AR	Grannis	34.2370	-94.3255
AR	Grapevine	34.1309	-92.3109
AR	Gravelly	34.8881	-93.6802
AR	Gravette	36.4155	-94.4779
AR	Green Forest	36.3224	-93.4059
AR	Greenbrier	35.2295	-92.3578
AR	Greenland	35.9942	-94.1750
AR	Greenway	36.3348	-90.2253
AR	Greenwood	35.1955	-94.2530
AR	Gregory	35.1553	-91.3431
AR	Griffithville	35.1144	-91.6242
AR	Grubbs	35.6497	-91.0739
AR	Guion	35.9601	-91.9343
AR	Gurdon	33.9125	-93.1417
AR	Guy	35.3185	-92.3315
AR	Hackett	35.1945	-94.3983
AR	Hagarville	35.5233	-93.3443
AR	Hamburg	33.2058	-91.8023
AR	Hampton	33.5376	-92.5295
AR	Hardy	36.3227	-91.4110
AR	Harrell	33.5109	-92.3912
AR	Harriet	35.9742	-92.5006
AR	Harrisburg	35.5722	-90.7038
AR	Harrison	36.2417	-93.1062
AR	Hartford	35.0222	-94.3819
AR	Hartman	35.4436	-93.6142
AR	Harvey	34.8679	-93.7525
AR	Hasty	36.0152	-93.0460
AR	Hatfield	34.4877	-94.3714
AR	Hattieville	35.2907	-92.7783
AR	Havana	35.1118	-93.5767
AR	Haynes	34.8838	-90.7666
AR	Hazen	34.7838	-91.5767
AR	Heber Springs	35.5103	-92.0392
AR	Hector	35.4057	-92.9656
AR	Helena	34.5325	-90.6298
AR	Henderson	36.3568	-92.2693
AR	Hensley	34.5911	-92.2140
AR	Hermitage	33.4222	-92.1277
AR	Heth	35.0973	-90.4586
AR	Hickory Plains	34.9786	-91.7508
AR	Hickory Ridge	35.3995	-90.9823
AR	Higden	35.5498	-92.1823
AR	Higginson	35.1883	-91.7183
AR	Hindsville	36.1422	-93.8633
AR	Hiwasse	36.4416	-94.3390
AR	Holly Grove	34.5993	-91.1844
AR	Hope	33.6566	-93.5903
AR	Horatio	33.9392	-94.2959
AR	Horseshoe Bend	36.2025	-91.7553
AR	Hot Springs National Park	34.5015	-93.0260
AR	Hot Springs Village	34.6411	-93.0574
AR	Houston	35.0362	-92.6913
AR	Hoxie	36.0326	-90.9715
AR	Hughes	34.9454	-90.4741
AR	Humnoke	34.5419	-91.7566
AR	Humphrey	34.4034	-91.6790
AR	Hunter	35.0528	-91.1261
AR	Huntington	35.0963	-94.3313
AR	Huntsville	36.1043	-93.7279
AR	Huttig	33.0459	-92.1942
AR	Ida	35.5943	-91.9301
AR	Imboden	36.1976	-91.1854
AR	Ivan	33.9030	-92.4394
AR	Jacksonport	35.6417	-91.3094
AR	Jacksonville	34.8820	-92.1304
AR	Jasper	36.0038	-93.2048
AR	Jefferson	34.3553	-92.1486
AR	Jersey	33.3889	-92.2966
AR	Jerusalem	35.3798	-92.8139
AR	Jessieville	34.6937	-93.1963
AR	Johnson	36.1328	-94.1653
AR	Joiner	35.5052	-90.1478
AR	Jones Mill	34.4536	-92.8620
AR	Jonesboro	35.8330	-90.6965
AR	Judsonia	35.3250	-91.6491
AR	Junction City	33.0440	-92.6843
AR	Keiser	35.6786	-90.0962
AR	Kensett	35.2299	-91.6697
AR	Keo	34.6041	-92.0078
AR	Kingsland	33.8600	-92.3014
AR	Kingston	36.0485	-93.5044
AR	Kirby	34.2552	-93.6167
AR	Knobel	36.3176	-90.5990
AR	Knoxville	35.3749	-93.3618
AR	La Grange	34.6564	-90.7328
AR	Lafe	36.2155	-90.5070
AR	Lake City	35.8171	-90.4423
AR	Lake Village	33.3274	-91.2825
AR	Lakeview	36.3973	-92.5044
AR	Lamar	35.4349	-93.3552
AR	Lambrook	34.3356	-90.9675
AR	Laneburg	33.6850	-93.3467
AR	Langley	34.3140	-93.8509
AR	Lavaca	35.3375	-94.1656
AR	Lawson	33.1967	-92.4828
AR	Leachville	35.9332	-90.1955
AR	Lead Hill	36.4309	-92.9302
AR	Leola	34.1856	-92.5979
AR	Lepanto	35.6069	-90.3359
AR	Leslie	35.8272	-92.5663
AR	Letona	35.3617	-91.8292
AR	Lewisville	33.3736	-93.5953
AR	Lexa	34.6727	-90.7853
AR	Light	36.0700	-90.7478
AR	Lincoln	35.9569	-94.4272
AR	Little Rock	34.7483	-92.2819
AR	Little Rock Air Force Base	34.8986	-92.1442
AR	Lockesburg	33.9306	-94.1276
AR	Locust Grove	35.7177	-91.7414
AR	London	35.3370	-93.2389
AR	Lonoke	34.7832	-91.9214
AR	Lonsdale	34.5562	-92.8340
AR	Louann	33.4117	-92.7828
AR	Lowell	36.2433	-94.0827
AR	Luxora	35.7608	-89.9220
AR	Lynn	36.0166	-91.2546
AR	Mabelvale	34.6218	-92.3846
AR	Madison	35.0131	-90.7225
AR	Magazine	35.1587	-93.8003
AR	Magness	35.7101	-91.4850
AR	Magnolia	33.2647	-93.2392
AR	Malvern	34.3557	-92.8292
AR	Mammoth Spring	36.4076	-91.5757
AR	Manila	35.8749	-90.1803
AR	Mansfield	35.0432	-94.2204
AR	Marble Falls	36.0951	-93.1448
AR	Marcella	35.7497	-91.9419
AR	Marianna	34.7759	-90.7785
AR	Marion	35.2077	-90.1989
AR	Marked Tree	35.5349	-90.4194
AR	Marmaduke	36.1951	-90.3837
AR	Marshall	35.9267	-92.6402
AR	Marvell	34.5485	-90.9413
AR	Maumelle	34.8491	-92.4059
AR	Mayflower	34.9669	-92.4001
AR	Maynard	36.4386	-90.8749
AR	Maysville	36.4011	-94.5813
AR	Mc Caskill	33.9230	-93.6266
AR	Mc Crory	35.2473	-91.1793
AR	Mc Dougal	36.3799	-90.3941
AR	Mc Gehee	33.6297	-91.3928
AR	Mc Neil	33.3622	-93.1930
AR	Mc Rae	35.1132	-91.8216
AR	Melbourne	36.0600	-91.9052
AR	Mellwood	34.2200	-91.0086
AR	Mena	34.5814	-94.2210
AR	Menifee	35.1483	-92.5539
AR	Midland	35.0931	-94.3531
AR	Midway	36.2905	-92.4314
AR	Mineral Springs	33.8639	-93.9188
AR	Minturn	35.9761	-91.0337
AR	Monette	35.9002	-90.3437
AR	Monroe	34.7347	-91.1044
AR	Monticello	33.6250	-91.7948
AR	Montrose	33.3075	-91.5228
AR	Moro	34.8030	-91.0060
AR	Morrilton	35.1692	-92.7354
AR	Morrow	35.8537	-94.4258
AR	Moscow	34.1464	-91.7950
AR	Mount Holly	33.3085	-92.9443
AR	Mount Ida	34.5612	-93.5749
AR	Mount Judea	35.8347	-93.0824
AR	Mount Pleasant	35.9759	-91.7850
AR	Mount Vernon	35.2606	-92.1373
AR	Mountain Home	36.3312	-92.3753
AR	Mountain Pine	34.5772	-93.1600
AR	Mountain View	35.8658	-92.1148
AR	Mountainburg	35.5700	-94.1091
AR	Mulberry	35.5172	-93.9885
AR	Murfreesboro	34.1017	-93.7109
AR	Nashville	33.9576	-93.8707
AR	Natural Dam	35.6743	-94.4124
AR	New Blaine	35.3189	-93.4446
AR	New Edinburg	33.7588	-92.1939
AR	Newark	35.7118	-91.4394
AR	Newhope	34.2273	-93.8905
AR	Newport	35.5988	-91.2571
AR	Norfork	36.2066	-92.2730
AR	Norman	34.4596	-93.6743
AR	Norphlet	33.3096	-92.6576
AR	North Little Rock	34.7670	-92.2654
AR	O Kean	36.1797	-90.8241
AR	Oak Grove	36.4613	-93.4321
AR	Oakland	36.4442	-92.5832
AR	Oark	35.7095	-93.5585
AR	Oden	34.6113	-93.8211
AR	Ogden	33.5857	-94.0278
AR	Oil Trough	35.6131	-91.4703
AR	Okolona	34.0551	-93.2897
AR	Ola	35.0309	-93.2136
AR	Omaha	36.4612	-93.1888
AR	Oneida	34.4053	-90.8260
AR	Onia	35.9403	-92.3459
AR	Osceola	35.7019	-89.9798
AR	Oxford	36.2114	-91.9258
AR	Ozan	33.9028	-93.7714
AR	Ozark	35.5246	-93.8374
AR	Ozone	35.6575	-93.4311
AR	Palestine	34.9663	-90.9049
AR	Pangburn	35.4216	-91.7960
AR	Paragould	36.0600	-90.5251
AR	Paris	35.2941	-93.7265
AR	Parkdale	33.1213	-91.5428
AR	Parkin	35.2586	-90.5564
AR	Parks	34.8003	-93.9509
AR	Paron	34.7853	-92.7482
AR	Parthenon	35.9408	-93.2678
AR	Patterson	35.2567	-91.2350
AR	Pea Ridge	36.4539	-94.1180
AR	Peach Orchard	36.2830	-90.6702
AR	Pearcy	34.4351	-93.2420
AR	Peel	36.4444	-92.7761
AR	Pelsor	35.6912	-93.0161
AR	Pencil Bluff	34.6399	-93.7429
AR	Perry	35.0427	-92.7880
AR	Perryville	34.9701	-92.8472
AR	Pettigrew	35.8346	-93.6181
AR	Pickens	33.8079	-91.3916
AR	Piggott	36.3870	-90.1926
AR	Pindall	36.0675	-92.8864
AR	Pine Bluff	34.2154	-91.9958
AR	Pineville	36.1677	-92.1073
AR	Plainview	34.9668	-93.3099
AR	Pleasant Grove	35.8423	-91.9319
AR	Pleasant Plains	35.5893	-91.6320
AR	Plumerville	35.1575	-92.6204
AR	Pocahontas	36.2829	-90.9968
AR	Pollard	36.4317	-90.2751
AR	Ponca	36.0662	-93.4020
AR	Poplar Grove	34.5394	-90.8813
AR	Portia	36.0807	-91.0680
AR	Portland	33.2318	-91.5139
AR	Pottsville	35.2398	-93.0564
AR	Poughkeepsie	36.0715	-91.4516
AR	Powhatan	36.0800	-91.1482
AR	Poyen	34.3508	-92.5990
AR	Prairie Grove	35.9918	-94.3169
AR	Prattsville	34.3079	-92.5131
AR	Prescott	33.8040	-93.3725
AR	Prim	35.6857	-92.1346
AR	Proctor	35.0834	-90.2550
AR	Pyatt	36.2458	-92.8447
AR	Quitman	35.4050	-92.1333
AR	Ratcliff	35.2760	-93.8421
AR	Ravenden	36.2029	-91.2593
AR	Ravenden Springs	36.3104	-91.2094
AR	Rector	36.2672	-90.2702
AR	Redfield	34.4526	-92.1758
AR	Reydell	34.1433	-91.5504
AR	Reyno	36.3628	-90.7536
AR	Rison	33.9453	-92.1188
AR	Rivervale	35.6739	-90.3400
AR	Roe	34.6286	-91.3771
AR	Rogers	36.3363	-94.1148
AR	Roland	34.8829	-92.5192
AR	Romance	35.2155	-92.0699
AR	Rose Bud	35.3214	-92.0620
AR	Rosie	35.6638	-91.5340
AR	Rosston	33.5617	-93.3039
AR	Rover	34.9475	-93.4017
AR	Royal	34.5150	-93.2897
AR	Rudy	35.5398	-94.2374
AR	Russell	35.3625	-91.5075
AR	Russellville	35.2842	-93.1315
AR	Saffell	35.9180	-91.2978
AR	Sage	36.0425	-91.8246
AR	Saint Charles	34.3353	-91.1681
AR	Saint Francis	36.4548	-90.1450
AR	Saint Joe	35.9877	-92.7928
AR	Saint Paul	35.8496	-93.7347
AR	Salado	35.7035	-91.5979
AR	Salem	36.3654	-91.8363
AR	Saratoga	33.7599	-93.8767
AR	Scotland	35.5080	-92.5867
AR	Scott	34.6942	-92.1157
AR	Scranton	35.3308	-93.5394
AR	Searcy	35.2535	-91.7629
AR	Sedgwick	35.9860	-90.8801
AR	Sheridan	34.3165	-92.3657
AR	Sherrill	34.3581	-91.9933
AR	Sherwood	34.8593	-92.2142
AR	Shirley	35.5733	-92.2975
AR	Sidney	35.9916	-91.6346
AR	Siloam Springs	36.1800	-94.5280
AR	Sims	34.6462	-93.6741
AR	Smackover	33.3398	-92.7442
AR	Smithville	36.0908	-91.2745
AR	Snow Lake	34.0665	-91.0071
AR	Solgohachia	35.2701	-92.6754
AR	Sparkman	33.9030	-92.8110
AR	Springdale	36.1835	-94.1762
AR	Springfield	35.2749	-92.5457
AR	Stamps	33.3569	-93.5013
AR	Star City	33.9405	-91.8653
AR	State University	35.9149	-90.4542
AR	Stephens	33.4550	-93.0214
AR	Story	34.6687	-93.5376
AR	Strawberry	35.9726	-91.3754
AR	Strong	33.1195	-92.3621
AR	Sturkie	36.4639	-91.9899
AR	Stuttgart	34.4854	-91.5487
AR	Subiaco	35.3135	-93.6387
AR	Success	36.4536	-90.7281
AR	Sulphur Rock	35.7545	-91.5073
AR	Sulphur Springs	36.4794	-94.4521
AR	Summers	36.0138	-94.5000
AR	Summit	36.2522	-92.6906
AR	Sweet Home	34.6864	-92.2422
AR	Swifton	35.8274	-91.1264
AR	Taylor	33.1080	-93.4460
AR	Texarkana	33.4417	-94.0375
AR	Thida	35.5536	-91.4618
AR	Thornton	33.7677	-92.4683
AR	Tichnor	34.0893	-91.2437
AR	Tillar	33.6748	-91.5203
AR	Tilly	35.6976	-92.8442
AR	Timbo	35.8963	-92.2525
AR	Tontitown	36.1778	-94.2333
AR	Traskwood	34.4508	-92.6547
AR	Trumann	35.6689	-90.5187
AR	Tucker	34.4414	-91.9163
AR	Tuckerman	35.7307	-91.2003
AR	Tumbling Shoals	35.5470	-91.9704
AR	Tupelo	35.3931	-91.2306
AR	Turner	34.4761	-91.0186
AR	Turrell	35.2969	-90.2630
AR	Tyronza	35.4865	-90.3519
AR	Ulm	34.5799	-91.5134
AR	Umpire	34.2921	-94.0314
AR	Uniontown	35.5748	-94.4349
AR	Urbana	33.1030	-92.4930
AR	Valley Springs	36.1468	-92.9799
AR	Van Buren	35.4540	-94.3278
AR	Vandervoort	34.3795	-94.3698
AR	Vanndale	35.3133	-90.7739
AR	Vendor	35.9481	-93.1008
AR	Vilonia	35.0719	-92.1832
AR	Viola	36.3924	-91.9932
AR	Violet Hill	36.1630	-91.8471
AR	Wabash	34.3886	-90.8286
AR	Wabbaseka	34.3936	-91.7549
AR	Walcott	36.0433	-90.6711
AR	Waldenburg	35.5653	-90.9336
AR	Waldo	33.3600	-93.2949
AR	Waldron	34.9026	-94.0772
AR	Walnut Ridge	36.0778	-90.9528
AR	Ward	34.9532	-91.9004
AR	Warm Springs	36.4675	-91.0387
AR	Warren	33.6140	-92.0778
AR	Washington	33.7546	-93.6735
AR	Watson	33.8907	-91.2815
AR	Weiner	35.6291	-90.9289
AR	Wesley	35.9573	-93.9115
AR	West Fork	35.9082	-94.2304
AR	West Helena	34.5496	-90.6545
AR	West Memphis	35.1484	-90.1779
AR	West Point	35.2069	-91.6142
AR	West Ridge	35.6831	-90.2625
AR	Western Grove	36.0830	-92.9716
AR	Wheatley	34.9207	-91.1086
AR	Whelen Springs	33.8308	-93.1261
AR	White Hall	34.2570	-92.0897
AR	Wickes	34.3088	-94.3403
AR	Wideman	36.1987	-92.0018
AR	Widener	35.0592	-90.6293
AR	Wilburn	35.4545	-91.9072
AR	Williford	36.2453	-91.3792
AR	Willisville	33.4847	-93.3121
AR	Wilmar	33.6213	-91.9257
AR	Wilmot	33.0576	-91.5723
AR	Wilson	35.5660	-90.0427
AR	Wilton	33.7348	-94.1357
AR	Winchester	33.7520	-91.5431
AR	Winslow	35.8312	-94.1187
AR	Winthrop	33.8583	-94.3952
AR	Wiseman	36.2280	-91.8495
AR	Witter	35.9356	-93.6210
AR	Witts Springs	35.7855	-92.8155
AR	Woodson	34.5292	-92.2108
AR	Wooster	35.1973	-92.4510
AR	Wright	34.4377	-92.0631
AR	Wrightsville	34.6022	-92.2167
AR	Wynne	35.2330	-90.7930
AR	Yellville	36.2253	-92.7245
AR	Yorktown	34.0172	-91.7965
AZ	Aguila	33.9428	-113.1733
AZ	Ajo	32.3735	-112.8587
AZ	Alpine	33.8279	-109.1283
AZ	Amado	31.6438	-111.0722
AZ	Apache Junction	33.3277	-111.3259
AZ	Arivaca	31.5747	-111.3317
AZ	Arizona City	32.7558	-111.6703
AZ	Arlington	33.3133	-112.7891
AZ	Ash Fork	35.2150	-112.5027
AZ	Avondale	33.4321	-112.3438
AZ	Bagdad	34.5785	-113.1755
AZ	Bapchule	33.1364	-111.8725
AZ	Bellemont	35.2381	-111.8328
AZ	Benson	31.9883	-110.2941
AZ	Bisbee	31.4086	-109.9117
AZ	Black Canyon City	34.0732	-112.1310
AZ	Blue	33.6512	-109.0685
AZ	Blue Gap	36.1008	-110.2253
AZ	Bouse	33.9325	-114.0050
AZ	Bowie	32.3264	-109.4864
AZ	Buckeye	33.3890	-112.6077
AZ	Bullhead City	35.1678	-114.5430
AZ	Bylas	33.1265	-110.1170
AZ	Cameron	35.7163	-111.4088
AZ	Camp Verde	34.5697	-111.8551
AZ	Carefree	33.8222	-111.9175
AZ	Casa Grande	32.8927	-111.7561
AZ	Cashion	33.4353	-112.2972
AZ	Catalina	32.4972	-110.9236
AZ	Cave Creek	33.8333	-111.9500
AZ	Central	32.8675	-109.7922
AZ	Chambers	35.1430	-109.3739
AZ	Chandler	33.3301	-111.8632
AZ	Chandler Heights	33.2119	-111.6856
AZ	Chinle	36.1304	-109.6037
AZ	Chino Valley	34.7757	-112.4731
AZ	Chloride	35.4144	-114.1986
AZ	Cibecue	34.0447	-110.4847
AZ	Cibola	33.6149	-114.5122
AZ	Clarkdale	34.7478	-112.0334
AZ	Clay Springs	34.3617	-110.2947
AZ	Claypool	33.4111	-110.8419
AZ	Clifton	33.1323	-109.2462
AZ	Cochise	32.0979	-109.9239
AZ	Colorado City	36.9763	-112.9524
AZ	Concho	34.4458	-109.6741
AZ	Congress	34.1764	-112.7680
AZ	Coolidge	32.9574	-111.5344
AZ	Cornville	34.7256	-111.9086
AZ	Cortaro	32.3561	-111.0878
AZ	Cottonwood	34.7055	-112.0091
AZ	Crown King	34.2241	-112.3340
AZ	Dateland	32.8679	-113.4631
AZ	Dennehotso	36.7773	-109.8610
AZ	Dewey	34.5368	-112.2567
AZ	Dolan Springs	35.7748	-114.5478
AZ	Douglas	31.3511	-109.5447
AZ	Dragoon	32.0281	-110.0381
AZ	Duncan	32.7940	-109.1296
AZ	Eagar	33.9546	-109.2469
AZ	Eden	33.0286	-109.9537
AZ	Ehrenberg	33.6042	-114.5244
AZ	El Mirage	33.6082	-112.3241
AZ	Elfrida	31.7139	-109.6193
AZ	Elgin	31.6600	-110.6114
AZ	Eloy	32.7509	-111.5833
AZ	Flagstaff	35.1859	-111.6620
AZ	Florence	32.9969	-111.3612
AZ	Forest Lakes	34.4314	-110.5933
AZ	Fort Apache	33.7906	-109.9881
AZ	Fort Defiance	35.7444	-109.0758
AZ	Fort Huachuca	31.5587	-110.3441
AZ	Fort Mcdowell	33.6118	-111.6806
AZ	Fort Mohave	35.0112	-114.5849
AZ	Fort Thomas	33.0369	-109.9647
AZ	Fountain Hills	33.6085	-111.7237
AZ	Fredonia	36.9044	-112.4979
AZ	Gadsden	32.5544	-114.7842
AZ	Ganado	35.6518	-109.2832
AZ	Gila Bend	32.9306	-112.7468
AZ	Gilbert	33.3500	-111.8092
AZ	Glendale	33.5311	-112.1767
AZ	Glendale Luke Afb	33.5400	-112.3562
AZ	Globe	33.4024	-110.7892
AZ	Golden Valley	35.2102	-114.2764
AZ	Goodyear	33.4368	-112.3834
AZ	Grand Canyon	36.0544	-112.1386
AZ	Gray Mountain	35.6679	-111.4840
AZ	Green Valley	31.8543	-111.0003
AZ	Greer	34.0100	-109.4581
AZ	Hackberry	35.3692	-113.7264
AZ	Happy Jack	34.7433	-111.4067
AZ	Hayden	33.0047	-110.7847
AZ	Heber	34.4163	-110.5686
AZ	Hereford	31.4035	-110.2047
AZ	Higley	33.3024	-111.6969
AZ	Holbrook	34.9085	-110.1434
AZ	Hotevilla	36.2111	-110.5661
AZ	Houck	35.2830	-109.2063
AZ	Huachuca City	31.6639	-110.3334
AZ	Hualapai	35.5407	-113.2953
AZ	Humboldt	34.5008	-112.2367
AZ	Indian Wells	35.4056	-110.0842
AZ	Iron Springs	34.6730	-112.5211
AZ	Jerome	34.7489	-112.1131
AZ	Joseph City	34.9558	-110.3333
AZ	Kaibeto	36.4848	-111.1370
AZ	Kayenta	36.6883	-110.2652
AZ	Keams Canyon	35.8082	-110.2845
AZ	Kearny	33.0594	-110.9123
AZ	Kingman	35.2584	-114.0569
AZ	Kirkland	34.4541	-112.8966
AZ	Kykotsmovi Village	35.5791	-110.3688
AZ	Lake Havasu City	34.4929	-114.3081
AZ	Lake Montezuma	34.6322	-111.7772
AZ	Lakeside	34.1662	-109.9869
AZ	Laveen	33.3436	-112.1716
AZ	Leupp	35.3365	-110.9927
AZ	Litchfield Park	33.4941	-112.3805
AZ	Littlefield	36.8665	-113.9137
AZ	Lukachukai	36.4181	-109.2446
AZ	Lukeville	31.8825	-112.8150
AZ	Lupton	35.4086	-109.0700
AZ	Mammoth	32.7239	-110.6440
AZ	Many Farms	36.4083	-109.6340
AZ	Marana	32.4047	-111.2736
AZ	Marble Canyon	36.9569	-111.5582
AZ	Maricopa	32.9874	-112.0752
AZ	Mayer	34.3655	-112.1296
AZ	Mc Neal	31.5030	-109.6310
AZ	Mcnary	34.0736	-109.8564
AZ	Meadview	35.8137	-114.3277
AZ	Mesa	33.4317	-111.8469
AZ	Miami	33.4319	-110.8812
AZ	Mohave Valley	34.8929	-114.5951
AZ	Morenci	33.0436	-109.3115
AZ	Mormon Lake	34.9169	-111.4549
AZ	Morristown	33.7730	-112.5483
AZ	Mount Lemmon	32.4381	-110.7342
AZ	Munds Park	34.9456	-111.6394
AZ	Naco	31.3353	-109.9475
AZ	Nazlini	35.7114	-109.5414
AZ	New River	33.9059	-112.1345
AZ	Nogales	31.3770	-110.9435
AZ	North Rim	36.9456	-112.5258
AZ	Nutrioso	33.9531	-109.2086
AZ	Oatman	35.0264	-114.3828
AZ	Oracle	32.6005	-110.7961
AZ	Overgaard	34.3908	-110.5525
AZ	Page	36.8966	-111.4385
AZ	Palo Verde	33.3485	-112.6467
AZ	Paradise Valley	33.5494	-111.9565
AZ	Parker	34.0254	-114.2663
AZ	Parks	35.1898	-112.0187
AZ	Patagonia	31.5353	-110.6968
AZ	Paulden	35.0313	-112.5441
AZ	Payson	34.2198	-111.2878
AZ	Peach Springs	35.5378	-113.4202
AZ	Pearce	31.9666	-109.7950
AZ	Peoria	33.5761	-112.2344
AZ	Peridot	33.4789	-110.3725
AZ	Petrified Forest Natl Pk	34.7739	-109.8878
AZ	Phoenix	33.4510	-112.0685
AZ	Picacho	32.7161	-111.4947
AZ	Pima	32.9097	-109.8560
AZ	Pine	34.3909	-111.4735
AZ	Pinedale	34.3075	-110.2508
AZ	Pinetop	34.1175	-109.9197
AZ	Pinon	36.1002	-110.2211
AZ	Pirtleville	31.3569	-109.5611
AZ	Polacca	35.8118	-110.5111
AZ	Pomerene	31.9994	-110.2856
AZ	Poston	33.9906	-114.3956
AZ	Prescott	34.6299	-113.0225
AZ	Prescott Valley	34.6100	-112.3150
AZ	Quartzsite	33.5675	-114.2731
AZ	Queen Creek	33.2386	-111.6436
AZ	Red Rock	32.5761	-111.3250
AZ	Red Valley	35.9156	-109.0292
AZ	Rillito	32.4147	-111.1556
AZ	Rimrock	34.6380	-111.7842
AZ	Rio Rico	31.4851	-110.9898
AZ	Rio Verde	33.7316	-111.6811
AZ	Rock Point	36.7181	-109.6253
AZ	Roll	32.9366	-113.5643
AZ	Roosevelt	33.6358	-110.9749
AZ	Round Rock	36.5022	-109.5531
AZ	Sacaton	33.0977	-111.7752
AZ	Safford	32.8295	-109.6266
AZ	Sahuarita	31.9452	-111.0002
AZ	Saint David	31.8973	-110.2154
AZ	Saint Johns	34.5010	-109.3796
AZ	Saint Michaels	35.6447	-109.0950
AZ	Salome	33.7481	-113.5715
AZ	San Carlos	33.3106	-110.3953
AZ	San Luis	32.4869	-114.7814
AZ	San Manuel	32.6958	-110.6568
AZ	San Simon	32.2082	-109.3672
AZ	Sanders	35.2164	-109.3331
AZ	Sasabe	31.4886	-111.5414
AZ	Scottsdale	33.5218	-111.9049
AZ	Second Mesa	35.9038	-110.6472
AZ	Sedona	34.8697	-111.7602
AZ	Seligman	35.3212	-112.9548
AZ	Sells	32.0316	-111.9222
AZ	Shonto	36.6159	-110.6477
AZ	Show Low	34.0601	-110.0546
AZ	Sierra Vista	31.5365	-110.2666
AZ	Skull Valley	34.5053	-112.6847
AZ	Snowflake	34.4959	-110.0807
AZ	Solomon	32.8125	-109.6333
AZ	Somerton	32.5634	-114.7127
AZ	Sonoita	31.8662	-110.7244
AZ	Springerville	34.1193	-109.3041
AZ	Stanfield	32.8823	-111.9660
AZ	Sun City	33.6061	-112.2797
AZ	Sun City West	33.6626	-112.2554
AZ	Sun Valley	34.2508	-111.2544
AZ	Supai	36.2242	-112.6932
AZ	Superior	33.2887	-111.0985
AZ	Surprise	33.6300	-112.3314
AZ	Tacna	32.6975	-113.9528
AZ	Taylor	34.4650	-110.0906
AZ	Teec Nos Pos	36.7797	-109.3590
AZ	Tempe	33.4273	-111.9307
AZ	Temple Bar Marina	36.0256	-114.3181
AZ	Thatcher	32.8199	-109.7302
AZ	Tolleson	33.4347	-112.2774
AZ	Tombstone	31.7216	-110.0584
AZ	Tonalea	35.9346	-110.8820
AZ	Tonopah	33.4228	-112.9528
AZ	Tonto Basin	33.9303	-111.3081
AZ	Topawa	31.8139	-111.8250
AZ	Topock	34.7784	-114.4817
AZ	Tortilla Flat	33.5264	-111.3892
AZ	Tsaile	36.3071	-109.2176
AZ	Tuba City	36.1037	-111.2686
AZ	Tubac	31.6125	-111.0453
AZ	Tucson	32.2139	-110.9694
AZ	Tumacacori	31.5942	-111.0397
AZ	Vail	32.0359	-110.8838
AZ	Valentine	35.3717	-113.8213
AZ	Valley Farms	32.9883	-111.4467
AZ	Vernon	34.2575	-109.6922
AZ	Waddell	33.5673	-112.4387
AZ	Wellton	32.7493	-114.1766
AZ	Wenden	33.8225	-113.5408
AZ	White Mountain Lake	34.3483	-109.9969
AZ	Whiteriver	33.8369	-109.9636
AZ	Wickenburg	33.9686	-112.7289
AZ	Wikieup	34.7033	-113.6106
AZ	Willcox	32.3730	-109.8631
AZ	Williams	35.2498	-112.1906
AZ	Willow Beach	35.8316	-114.4441
AZ	Window Rock	35.6806	-109.0519
AZ	Winkelman	33.0057	-110.7727
AZ	Winslow	35.1608	-110.5114
AZ	Wittmann	33.7264	-112.4466
AZ	Woodruff	34.5133	-110.0778
AZ	Yarnell	34.4141	-112.6217
AZ	Young	34.1014	-110.9631
AZ	Youngtown	33.5908	-112.3013
AZ	Yucca	34.8722	-114.1486
AZ	Yuma	32.7015	-114.6424
CA	Acampo	38.2004	-121.2186
CA	Acton	34.4835	-118.1959
CA	Adelanto	34.5841	-117.4242
CA	Adin	41.2175	-120.9432
CA	Agoura Hills	34.1572	-118.7572
CA	Aguanga	33.4473	-116.7997
CA	Ahwahnee	37.4076	-119.7233
CA	Alameda	37.7648	-122.2605
CA	Alamo	37.8537	-122.0229
CA	Albany	37.8900	-122.2954
CA	Albion	39.2159	-123.7214
CA	Alderpoint	40.1764	-123.6106
CA	Alhambra	34.0914	-118.1293
CA	Aliso Viejo	33.5724	-117.7089
CA	Alleghany	39.5127	-120.7272
CA	Alpaugh	35.8878	-119.4864
CA	Alpine	32.8282	-116.7543
CA	Alta	39.2280	-120.7732
CA	Altadena	34.1912	-118.1392
CA	Altaville	38.0769	-120.5522
CA	Alturas	41.4767	-120.5456
CA	Alviso	37.4277	-121.9686
CA	Amador City	38.4194	-120.8231
CA	Amboy	34.5990	-115.7749
CA	American Canyon	38.1750	-122.2597
CA	Anaheim	33.8427	-117.9540
CA	Anderson	40.4574	-122.3282
CA	Angels Camp	38.0640	-120.5544
CA	Angelus Oaks	34.1531	-116.9485
CA	Angwin	38.5769	-122.4477
CA	Annapolis	38.7145	-123.3142
CA	Antelope	38.7083	-121.3289
CA	Antioch	37.9939	-121.8089
CA	Anza	33.5688	-116.7135
CA	Apple Valley	34.5291	-117.2132
CA	Applegate	38.9955	-120.9905
CA	Aptos	36.9772	-121.8983
CA	Arbuckle	39.0138	-122.0274
CA	Arcadia	34.1324	-118.0264
CA	Arcata	40.8667	-124.0817
CA	Armona	36.3095	-119.7053
CA	Arnold	38.2418	-120.3422
CA	Aromas	36.8785	-121.6398
CA	Arroyo Grande	35.1145	-120.5729
CA	Artesia	33.8666	-118.0680
CA	Artois	39.6197	-122.1928
CA	Arvin	35.1966	-118.8336
CA	Atascadero	35.4754	-120.6638
CA	Atherton	37.4563	-122.2002
CA	Atwater	37.3532	-120.6008
CA	Atwood	33.8656	-117.8300
CA	Auberry	37.0726	-119.4572
CA	Auburn	38.9828	-121.0938
CA	Avalon	33.3320	-118.3437
CA	Avenal	35.9877	-120.1227
CA	Avery	38.2044	-120.3689
CA	Avila Beach	35.1800	-120.7308
CA	Azusa	34.1248	-117.9031
CA	Badger	36.6314	-119.0122
CA	Baker	35.3606	-116.0638
CA	Bakersfield	35.3866	-119.0171
CA	Baldwin Park	34.0842	-117.9695
CA	Ballico	37.4525	-120.7002
CA	Bangor	39.4249	-121.3505
CA	Banning	33.9282	-116.8899
CA	Bard	32.7892	-114.5553
CA	Barstow	34.8914	-117.0387
CA	Bass Lake	37.3244	-119.5568
CA	Bayside	40.8224	-124.0273
CA	Beale Afb	39.1458	-121.5903
CA	Beaumont	33.9504	-116.9701
CA	Beckwourth	39.8203	-120.3778
CA	Belden	39.9217	-121.3259
CA	Bell	33.9692	-118.1720
CA	Bell Gardens	33.9775	-118.1861
CA	Bella Vista	40.7409	-122.0725
CA	Bellflower	33.8867	-118.1265
CA	Belmont	37.5174	-122.2927
CA	Belvedere Tiburon	37.8899	-122.4726
CA	Ben Lomond	37.0862	-122.0839
CA	Benicia	38.0685	-122.1614
CA	Benton	37.7981	-118.4985
CA	Berkeley	37.8691	-122.2696
CA	Berry Creek	39.6384	-121.3855
CA	Bethel Island	38.0150	-121.6394
CA	Beverly Hills	34.0732	-118.3927
CA	Bieber	41.1214	-121.1431
CA	Big Bar	40.7480	-123.2290
CA	Big Bear City	34.2422	-116.9204
CA	Big Bear Lake	34.2439	-116.9106
CA	Big Bend	41.0208	-121.9100
CA	Big Creek	37.2050	-119.2450
CA	Big Oak Flat	37.8236	-120.2572
CA	Big Pine	37.1679	-118.2916
CA	Big Sur	36.2458	-121.7009
CA	Biggs	39.4149	-121.6959
CA	Biola	36.8022	-120.0153
CA	Birds Landing	38.1504	-121.8443
CA	Bishop	37.3863	-118.4416
CA	Blairsden-graeagle	39.7847	-120.6274
CA	Blocksburg	40.2761	-123.6353
CA	Bloomington	34.0662	-117.3993
CA	Blue Jay	34.2461	-117.2089
CA	Blue Lake	40.9287	-123.8967
CA	Blythe	33.6057	-114.5971
CA	Bodega	38.3393	-122.9514
CA	Bodega Bay	38.3309	-123.0373
CA	Bodfish	35.5870	-118.4847
CA	Bolinas	37.9079	-122.6947
CA	Bonita	32.6671	-117.0221
CA	Bonsall	33.2940	-117.1897
CA	Boonville	39.0350	-123.4020
CA	Boron	35.0037	-117.6629
CA	Borrego Springs	33.2386	-116.3514
CA	Boulder Creek	37.1499	-122.1331
CA	Boulevard	32.6719	-116.3200
CA	Boyes Hot Springs	38.3139	-122.4808
CA	Bradley	35.8093	-120.9728
CA	Brandeis	34.3216	-118.7027
CA	Branscomb	39.7005	-123.5550
CA	Brawley	32.9792	-115.5296
CA	Brea	33.9252	-117.8895
CA	Brentwood	37.9324	-121.6894
CA	Bridgeport	38.2566	-119.2080
CA	Bridgeville	40.4686	-123.5494
CA	Brisbane	37.6811	-122.4001
CA	Brookdale	37.1064	-122.1050
CA	Brooks	38.7393	-122.1334
CA	Browns Valley	39.2844	-121.3465
CA	Brownsville	39.4525	-121.2612
CA	Bryn Mawr	34.0483	-117.2300
CA	Buellton	34.6209	-120.1922
CA	Buena Park	33.8406	-118.0114
CA	Burbank	34.1862	-118.3009
CA	Burlingame	37.5759	-122.3630
CA	Burney	40.8949	-121.6550
CA	Burnt Ranch	40.7722	-123.4612
CA	Burrel	36.4883	-119.9842
CA	Burson	38.1839	-120.8894
CA	Butte City	39.4563	-121.9780
CA	Buttonwillow	35.4033	-119.4659
CA	Byron	37.9026	-121.6022
CA	Cabazon	33.9086	-116.7739
CA	Calabasas	34.1419	-118.6641
CA	Calexico	32.6832	-115.5028
CA	Caliente	35.3568	-118.4103
CA	California City	35.1258	-117.9850
CA	California Hot Springs	35.8924	-118.6463
CA	Calimesa	33.9946	-117.0430
CA	Calipatria	33.1670	-115.5114
CA	Calistoga	38.5823	-122.5814
CA	Callahan	41.3833	-122.7640
CA	Calpella	39.1503	-123.2067
CA	Calpine	39.6517	-120.4442
CA	Camarillo	34.2313	-119.0464
CA	Cambria	35.5566	-121.0840
CA	Camino	38.7449	-120.6720
CA	Camp Meeker	38.4253	-122.9583
CA	Camp Nelson	36.1303	-118.8172
CA	Camp Pendleton	33.3279	-117.4095
CA	Campbell	37.2800	-121.9554
CA	Campo	32.6605	-116.4905
CA	Campo Seco	38.2272	-120.8522
CA	Camptonville	39.4508	-121.0231
CA	Canby	41.4664	-120.9218
CA	Canoga Park	34.1993	-118.5983
CA	Cantil	35.2826	-117.9939
CA	Cantua Creek	36.4921	-120.3353
CA	Canyon	37.8317	-122.1867
CA	Canyon Country	34.4262	-118.4490
CA	Canyon Dam	40.2080	-121.1563
CA	Capay	38.6970	-122.1010
CA	Capistrano Beach	33.4591	-117.6627
CA	Capitola	36.9774	-121.9521
CA	Cardiff By The Sea	33.0253	-117.2744
CA	Carlotta	40.5070	-123.9743
CA	Carlsbad	33.1602	-117.3250
CA	Carmel	36.4478	-121.8395
CA	Carmel By The Sea	36.5546	-121.9203
CA	Carmel Valley	36.4787	-121.7244
CA	Carmichael	38.6284	-121.3287
CA	Carnelian Bay	39.2319	-120.0753
CA	Carpinteria	34.4036	-119.5183
CA	Carson	33.8230	-118.2684
CA	Caruthers	36.5358	-119.8446
CA	Casmalia	34.8381	-120.5303
CA	Caspar	39.3651	-123.7985
CA	Cassel	40.9078	-121.5245
CA	Castaic	34.4889	-118.6219
CA	Castella	41.1386	-122.3167
CA	Castro Valley	37.7015	-122.0782
CA	Castroville	36.7714	-121.7474
CA	Cathedral City	33.8098	-116.4665
CA	Catheys Valley	37.4414	-120.0690
CA	Cayucos	35.4446	-120.8908
CA	Cazadero	38.5663	-123.1829
CA	Cedar Glen	34.2539	-117.1639
CA	Cedar Ridge	39.1989	-121.0200
CA	Cedarpines Park	34.2500	-117.3250
CA	Cedarville	41.4759	-120.1516
CA	Ceres	37.5881	-120.9499
CA	Cerritos	33.8583	-118.0639
CA	Challenge	39.4875	-121.2225
CA	Chatsworth	34.2583	-118.5914
CA	Chester	40.2975	-121.2273
CA	Chicago Park	39.1453	-120.9661
CA	Chico	39.7565	-121.8518
CA	Chilcoot	39.8057	-120.1752
CA	Chinese Camp	37.8568	-120.4067
CA	Chino	34.0122	-117.6881
CA	Chino Hills	33.9797	-117.7308
CA	Chowchilla	37.1014	-120.2691
CA	Chualar	36.5950	-121.4320
CA	Chula Vista	32.6400	-117.0833
CA	Cima	35.2378	-115.4983
CA	Citrus Heights	38.6946	-121.2692
CA	City Of Industry	34.0197	-117.9577
CA	Claremont	34.1092	-117.7183
CA	Clarksburg	38.3960	-121.5569
CA	Clayton	37.9154	-121.9100
CA	Clearlake	38.9571	-122.6361
CA	Clearlake Oaks	39.0348	-122.6687
CA	Clearlake Park	38.9678	-122.6539
CA	Clements	38.1908	-121.0872
CA	Clio	39.7433	-120.5605
CA	Clipper Mills	39.5328	-121.1564
CA	Cloverdale	38.7994	-123.0117
CA	Clovis	36.8243	-119.6824
CA	Coachella	33.6750	-116.1772
CA	Coalinga	36.1624	-120.3489
CA	Coarsegold	37.2214	-119.7455
CA	Cobb	38.8222	-122.7219
CA	Coleville	38.5029	-119.4828
CA	Colfax	39.0769	-120.9602
CA	Coloma	38.8000	-120.8892
CA	Colton	34.0580	-117.3186
CA	Columbia	38.0397	-120.4056
CA	Colusa	39.2131	-122.0116
CA	Comptche	39.2499	-123.5857
CA	Compton	33.8907	-118.2390
CA	Concord	37.9504	-122.0263
CA	Cool	38.9036	-120.9730
CA	Copperopolis	37.9372	-120.6384
CA	Corcoran	36.0865	-119.5607
CA	Corning	39.9296	-122.1960
CA	Corona	33.8815	-117.6078
CA	Corona Del Mar	33.6021	-117.8743
CA	Coronado	32.6807	-117.1698
CA	Corte Madera	37.9223	-122.5132
CA	Costa Mesa	33.6777	-117.9096
CA	Cotati	38.3259	-122.7048
CA	Cottonwood	40.3691	-122.3375
CA	Coulterville	37.7386	-119.9858
CA	Courtland	38.3058	-121.5543
CA	Covelo	39.8019	-123.2150
CA	Covina	34.0972	-117.9065
CA	Coyote	37.2167	-121.7460
CA	Crescent City	41.7854	-124.1784
CA	Crescent Mills	40.0819	-120.8820
CA	Cressey	37.4197	-120.6664
CA	Crest Park	34.2339	-117.1956
CA	Crestline	34.2419	-117.2847
CA	Creston	35.4915	-120.5542
CA	Crockett	38.0519	-122.2177
CA	Crows Landing	37.4390	-121.0199
CA	Culver City	33.9949	-118.3991
CA	Cupertino	37.3174	-122.0386
CA	Cutler	36.5243	-119.2870
CA	Cutten	40.7700	-124.1417
CA	Cypress	33.8186	-118.0387
CA	Daggett	34.8668	-116.8876
CA	Daly City	37.7074	-122.4587
CA	Dana Point	33.4770	-117.7005
CA	Danville	37.8208	-121.9067
CA	Dardanelle	38.3411	-119.8328
CA	Darwin	36.2681	-117.5908
CA	Davenport	37.0631	-122.2257
CA	Davis	38.5548	-121.7485
CA	Davis Creek	41.8626	-120.3235
CA	Death Valley	36.4672	-116.8937
CA	Deer Park	38.5758	-122.4489
CA	Del Mar	32.9715	-117.2373
CA	Del Rey	36.6543	-119.5929
CA	Delano	35.7715	-119.2459
CA	Delhi	37.4286	-120.7755
CA	Denair	37.5384	-120.7965
CA	Descanso	32.8730	-116.6027
CA	Desert Center	33.6049	-115.0526
CA	Desert Hot Springs	33.9050	-116.3662
CA	Diablo	37.8388	-121.9610
CA	Diamond Bar	34.0066	-117.8098
CA	Diamond Springs	38.6630	-120.8361
CA	Dillon Beach	38.2508	-122.9642
CA	Dinuba	36.5349	-119.3909
CA	Discovery Bay	37.9085	-121.6002
CA	Dixon	38.4587	-121.8158
CA	Dobbins	39.3715	-121.2344
CA	Dorris	41.9675	-121.9169
CA	Dos Palos	37.0025	-120.6333
CA	Dos Rios	39.7093	-123.2983
CA	Douglas City	40.6342	-122.9239
CA	Douglas Flat	38.0872	-120.4719
CA	Downey	33.9400	-118.1317
CA	Downieville	39.5703	-120.6778
CA	Doyle	40.0008	-120.1077
CA	Drytown	38.3931	-120.8014
CA	Duarte	34.1394	-117.9764
CA	Dublin	37.7166	-121.9226
CA	Ducor	35.8917	-119.0464
CA	Dulzura	32.6152	-116.7285
CA	Duncans Mills	38.4539	-123.0539
CA	Dunlap	36.7446	-119.0899
CA	Dunnigan	38.8937	-121.9966
CA	Dunsmuir	41.2124	-122.2734
CA	Durham	39.6416	-121.7920
CA	Dutch Flat	39.1978	-120.8262
CA	Eagleville	41.3164	-120.1147
CA	Earlimart	35.8542	-119.2534
CA	Earp	34.1491	-114.3393
CA	East Irvine	33.6758	-117.7589
CA	Echo Lake	38.8103	-120.0705
CA	Edison	35.3475	-118.8708
CA	Edwards	34.9305	-117.9154
CA	El Cajon	32.7777	-116.9191
CA	El Centro	32.7893	-115.5665
CA	El Cerrito	37.9156	-122.2985
CA	El Dorado	38.6828	-120.8467
CA	El Dorado Hills	38.6851	-121.0685
CA	El Granada	37.5028	-122.4683
CA	El Monte	34.0791	-118.0371
CA	El Nido	37.1345	-120.4832
CA	El Portal	37.6747	-119.7831
CA	El Segundo	33.9243	-118.4119
CA	El Sobrante	37.9693	-122.2901
CA	El Toro	33.6258	-117.6928
CA	El Verano	38.2978	-122.4906
CA	Eldridge	38.3489	-122.5097
CA	Elk	39.1604	-123.7240
CA	Elk Creek	39.5989	-122.5572
CA	Elk Grove	38.4127	-121.3599
CA	Elmira	38.3483	-121.9089
CA	Elverta	38.7164	-121.4310
CA	Emeryville	37.8365	-122.2804
CA	Emigrant Gap	39.2869	-120.6629
CA	Empire	37.6383	-120.9011
CA	Encinitas	33.0369	-117.2911
CA	Encino	34.1655	-118.5175
CA	Escalon	37.8044	-120.9900
CA	Escondido	33.1101	-117.0700
CA	Esparto	38.6942	-122.0214
CA	Essex	34.5606	-115.2803
CA	Etna	41.4683	-122.9142
CA	Eureka	40.7762	-124.1559
CA	Exeter	36.3041	-119.1293
CA	Fair Oaks	38.6554	-121.2611
CA	Fairfax	37.9883	-122.5937
CA	Fairfield	38.2671	-122.0357
CA	Fall River Mills	41.0393	-121.4606
CA	Fallbrook	33.3690	-117.2290
CA	Farmersville	36.3002	-119.2054
CA	Farmington	37.9448	-120.8523
CA	Fawnskin	34.2681	-116.9417
CA	Feather Falls	39.5933	-121.2553
CA	Fellows	35.2026	-119.5648
CA	Felton	37.0631	-122.0622
CA	Ferndale	40.5745	-124.2523
CA	Fiddletown	38.5314	-120.7159
CA	Fields Landing	40.7247	-124.2139
CA	Fillmore	34.4026	-118.9041
CA	Finley	39.0044	-122.8744
CA	Firebaugh	36.8651	-120.4700
CA	Fish Camp	37.5169	-119.6420
CA	Five Points	36.4294	-120.1019
CA	Floriston	39.4457	-120.0254
CA	Flournoy	39.9206	-122.4350
CA	Folsom	38.6879	-121.1409
CA	Fontana	34.0589	-117.4383
CA	Foothill Ranch	33.6668	-117.6650
CA	Forbestown	39.5417	-121.2134
CA	Forest Falls	34.0881	-116.9141
CA	Forest Knolls	38.0122	-122.6907
CA	Forest Ranch	40.1299	-121.5002
CA	Foresthill	39.0023	-120.8611
CA	Forestville	38.4894	-122.8967
CA	Forks Of Salmon	41.2570	-123.0978
CA	Fort Bidwell	41.8644	-120.1620
CA	Fort Bragg	39.4375	-123.7883
CA	Fort Dick	41.8382	-124.1660
CA	Fort Irwin	35.4015	-116.6448
CA	Fort Jones	41.6170	-122.8832
CA	Fortuna	40.5849	-124.1407
CA	Fountain Valley	33.7108	-117.9523
CA	Fowler	36.6282	-119.6710
CA	Frazier Park	34.8228	-118.9439
CA	Freedom	36.9365	-121.7768
CA	Fremont	37.5605	-121.9999
CA	French Camp	37.8780	-121.2827
CA	French Gulch	40.7035	-122.6229
CA	Fresno	36.8411	-119.8004
CA	Friant	37.0024	-119.6965
CA	Fullerton	33.8796	-117.8951
CA	Fulton	38.4947	-122.7761
CA	Galt	38.2698	-121.2938
CA	Garberville	40.1003	-123.7939
CA	Garden Grove	33.7857	-117.9318
CA	Garden Valley	38.8665	-120.8567
CA	Gardena	33.8925	-118.2961
CA	Gasquet	41.8628	-123.9125
CA	Gazelle	41.5105	-122.5371
CA	Georgetown	38.9199	-120.7934
CA	Gerber	40.0430	-122.1649
CA	Geyserville	38.7004	-122.8889
CA	Gilroy	37.0160	-121.5782
CA	Glen Ellen	38.3625	-122.5210
CA	Glencoe	38.3516	-120.5945
CA	Glendale	34.1716	-118.2899
CA	Glendora	34.1287	-117.8552
CA	Glenhaven	38.9901	-122.5220
CA	Glenn	39.6069	-122.0384
CA	Glennville	35.7377	-118.7169
CA	Gold Run	39.1751	-120.8569
CA	Goleta	34.4901	-120.0384
CA	Gonzales	36.4900	-121.4103
CA	Goodyears Bar	39.5729	-120.8207
CA	Goshen	36.3511	-119.4192
CA	Granada Hills	34.2771	-118.4992
CA	Grand Terrace	34.0339	-117.3128
CA	Granite Bay	38.7438	-121.1898
CA	Grass Valley	39.2076	-121.0374
CA	Graton	38.4350	-122.8668
CA	Green Valley Lake	34.2378	-117.0797
CA	Greenbrae	37.9506	-122.5355
CA	Greenfield	36.3202	-121.2451
CA	Greenview	41.5508	-122.9044
CA	Greenville	40.1424	-120.9273
CA	Greenwood	38.9362	-120.9166
CA	Grenada	41.6125	-122.5258
CA	Gridley	39.3589	-121.6898
CA	Grimes	39.0744	-121.8928
CA	Grizzly Flats	38.6287	-120.5425
CA	Groveland	37.8409	-120.1918
CA	Grover Beach	35.1210	-120.6173
CA	Guadalupe	34.9600	-120.5703
CA	Gualala	38.8036	-123.5540
CA	Guasti	34.0650	-117.5856
CA	Guatay	32.8489	-116.5564
CA	Guerneville	38.5096	-122.9944
CA	Guinda	38.8166	-122.1897
CA	Gustine	37.2425	-121.0040
CA	Hacienda Heights	33.9977	-117.9652
CA	Half Moon Bay	37.4791	-122.4459
CA	Hamilton City	39.7428	-122.0125
CA	Hanford	36.3314	-119.6491
CA	Happy Camp	41.8018	-123.3880
CA	Harbor City	33.7970	-118.2991
CA	Harmony	35.5086	-121.0217
CA	Hat Creek	40.7677	-121.4637
CA	Hathaway Pines	38.1919	-120.3644
CA	Hawaiian Gardens	33.8296	-118.0730
CA	Hawthorne	33.9132	-118.3470
CA	Hayfork	40.5504	-123.1634
CA	Hayward	37.6564	-122.0957
CA	Healdsburg	38.6155	-122.8565
CA	Heber	32.6989	-115.4283
CA	Helendale	34.7499	-117.3367
CA	Helm	36.4992	-120.0936
CA	Hemet	33.7416	-116.9730
CA	Herald	38.3128	-121.1589
CA	Hercules	38.0066	-122.2637
CA	Herlong	40.1485	-120.1713
CA	Hermosa Beach	33.8643	-118.3955
CA	Hesperia	34.4264	-117.3000
CA	Hickman	37.6200	-120.7172
CA	Hidden Valley Lake	39.9626	-123.8147
CA	Highland	34.1270	-117.2087
CA	Hilmar	37.4084	-120.8561
CA	Hinkley	34.9279	-117.1809
CA	Hollister	36.8484	-121.3871
CA	Holt	37.9344	-121.4261
CA	Holtville	32.8104	-115.3775
CA	Holy City	37.1569	-121.9778
CA	Homeland	33.7453	-117.1118
CA	Homewood	39.0782	-120.1790
CA	Honeydew	40.2444	-124.1217
CA	Hood	38.3683	-121.5164
CA	Hoopa	41.1059	-123.6928
CA	Hopland	38.9721	-123.1170
CA	Hornbrook	41.9077	-122.5265
CA	Hornitos	37.4922	-120.2264
CA	Hughson	37.5944	-120.8653
CA	Hume	36.7850	-118.9128
CA	Huntington Beach	33.7152	-118.0088
CA	Huntington Park	33.9769	-118.2161
CA	Huron	36.2371	-120.1020
CA	Hyampom	40.6175	-123.4514
CA	Hydesville	40.5496	-124.0845
CA	Idyllwild	33.7304	-116.7107
CA	Igo	40.4318	-122.6540
CA	Imperial	32.8470	-115.5730
CA	Imperial Beach	32.5783	-117.1148
CA	Independence	36.8396	-118.2048
CA	Indian Wells	33.7163	-116.3381
CA	Indio	33.7219	-116.2357
CA	Inglewood	33.9550	-118.3556
CA	Inverness	38.0835	-122.8568
CA	Inyokern	35.6745	-117.8348
CA	Ione	38.3519	-120.9433
CA	Irvine	33.7357	-117.7672
CA	Isleton	38.1554	-121.6049
CA	Ivanhoe	36.3856	-119.2189
CA	Jackson	38.3575	-120.7549
CA	Jacumba	32.6249	-116.1952
CA	Jamestown	37.9065	-120.4946
CA	Jamul	32.7163	-116.8323
CA	Janesville	40.2963	-120.5098
CA	Jenner	38.4741	-123.1354
CA	Johannesburg	35.3707	-117.6373
CA	Jolon	35.9708	-121.1750
CA	Joshua Tree	34.1502	-116.3038
CA	Julian	33.0534	-116.5658
CA	Junction City	40.7682	-123.0627
CA	June Lake	37.7773	-119.0825
CA	Kaweah	36.4697	-118.9175
CA	Keeler	36.4872	-117.8731
CA	Keene	35.2375	-118.6076
CA	Kelseyville	38.9462	-122.7817
CA	Kentfield	37.9522	-122.5561
CA	Kenwood	38.4168	-122.5547
CA	Kerman	36.7306	-120.0724
CA	Kernville	35.7550	-118.4047
CA	Kettleman City	36.0215	-119.9644
CA	Keyes	37.5567	-120.9144
CA	King City	36.2028	-121.1273
CA	Kings Beach	39.2401	-120.0233
CA	Kings Canyon National Pk	36.7806	-119.0682
CA	Kingsburg	36.5080	-119.5433
CA	Kirkwood	38.7028	-120.0717
CA	Kit Carson	38.4319	-120.5708
CA	Klamath	41.5421	-124.0339
CA	Klamath River	41.8637	-122.8197
CA	Kneeland	40.7126	-123.9464
CA	Knights Landing	38.8220	-121.7200
CA	Knightsen	37.9818	-121.6721
CA	Korbel	40.8244	-123.8594
CA	Kyburz	38.7800	-120.2553
CA	La Canada Flintridge	34.2093	-118.1990
CA	La Crescenta	34.2316	-118.2457
CA	La Grange	37.6789	-120.3581
CA	La Habra	33.9322	-117.9497
CA	La Honda	37.2723	-122.2939
CA	La Jolla	32.8455	-117.2521
CA	La Mesa	32.7604	-117.0115
CA	La Mirada	33.8953	-118.0024
CA	La Palma	33.8490	-118.0406
CA	La Puente	34.0294	-117.9341
CA	La Quinta	34.3278	-118.6406
CA	La Verne	34.1159	-117.7708
CA	Ladera Ranch	33.5554	-117.6384
CA	Lafayette	37.8961	-122.1119
CA	Laguna Beach	33.5429	-117.7724
CA	Laguna Hills	33.6003	-117.7085
CA	Laguna Niguel	33.5225	-117.7067
CA	Laguna Woods	33.6087	-117.7311
CA	Lagunitas	38.0139	-122.7016
CA	Lake Arrowhead	34.2483	-117.1883
CA	Lake City	41.6682	-120.1814
CA	Lake Elsinore	33.6598	-117.3485
CA	Lake Forest	33.6400	-117.6882
CA	Lake Hughes	34.6683	-118.4447
CA	Lake Isabella	35.6179	-118.4413
CA	Lakehead	40.9588	-122.3593
CA	Lakeport	39.0551	-122.9151
CA	Lakeshore	37.2530	-119.1738
CA	Lakeside	32.8562	-116.9201
CA	Lakewood	33.8517	-118.1328
CA	Lamont	35.2571	-118.9124
CA	Lancaster	34.6909	-118.1491
CA	Landers	34.4031	-116.5917
CA	Larkspur	37.9367	-122.5362
CA	Lathrop	37.8209	-121.2827
CA	Laton	36.4378	-119.7156
CA	Lawndale	33.8879	-118.3510
CA	Laytonville	39.6678	-123.4869
CA	Le Grand	37.2342	-120.2517
CA	Lebec	34.8289	-118.8791
CA	Lee Vining	37.9890	-119.1234
CA	Leggett	39.8658	-123.7131
CA	Lemon Cove	36.3961	-119.0050
CA	Lemon Grove	32.7332	-117.0326
CA	Lemoore	36.3095	-119.8310
CA	Lewiston	40.7460	-122.8426
CA	Likely	41.2306	-120.5031
CA	Lincoln	38.9040	-121.2955
CA	Lincoln Acres	32.6678	-117.0719
CA	Linden	38.0219	-121.0744
CA	Lindsay	36.2096	-119.0884
CA	Litchfield	40.3628	-120.2540
CA	Little Lake	35.9367	-117.9058
CA	Little River	39.2710	-123.7531
CA	Littlerock	34.5474	-117.9574
CA	Live Oak	39.2669	-121.6639
CA	Livermore	37.6830	-121.7630
CA	Livingston	37.3762	-120.7162
CA	Llano	34.4959	-117.7988
CA	Lockeford	38.1624	-121.1356
CA	Lockwood	35.9893	-121.2059
CA	Lodi	38.1236	-121.2630
CA	Loleta	40.6531	-124.2288
CA	Loma Linda	34.0524	-117.2618
CA	Loma Mar	37.2544	-122.2820
CA	Lomita	33.7933	-118.3169
CA	Lompoc	34.6583	-120.4506
CA	Lone Pine	36.5798	-118.0578
CA	Long Barn	38.2034	-120.0012
CA	Long Beach	33.7705	-118.1885
CA	Lookout	41.2081	-121.1542
CA	Loomis	38.8071	-121.1698
CA	Los Alamitos	33.7953	-118.0699
CA	Los Alamos	34.7444	-120.2772
CA	Los Altos	37.3814	-122.1258
CA	Los Angeles	33.9731	-118.2479
CA	Los Banos	37.0627	-120.8544
CA	Los Gatos	37.2117	-121.9787
CA	Los Molinos	40.0497	-122.0992
CA	Los Olivos	34.6678	-120.1139
CA	Los Osos	35.3172	-120.8333
CA	Lost Hills	35.6131	-119.7216
CA	Lotus	38.8017	-120.9289
CA	Lower Lake	38.8607	-122.5754
CA	Loyalton	39.6630	-120.2297
CA	Lucerne	39.0834	-122.7851
CA	Lucerne Valley	34.4470	-116.9189
CA	Ludlow	34.9018	-116.3862
CA	Lynwood	33.9241	-118.2013
CA	Lytle Creek	34.2558	-117.5186
CA	Macdoel	41.8830	-121.9445
CA	Mad River	40.3524	-123.4140
CA	Madeline	41.0511	-120.4744
CA	Madera	36.9528	-119.8806
CA	Madison	38.6802	-121.9721
CA	Magalia	39.8317	-121.5975
CA	Malibu	34.0382	-118.7082
CA	Mammoth Lakes	37.6424	-118.9764
CA	Manchester	38.9921	-123.6710
CA	Manhattan Beach	33.8896	-118.3996
CA	Manteca	37.8088	-121.2186
CA	Manton	40.4331	-121.8365
CA	March Air Reserve Base	33.8956	-117.2761
CA	Maricopa	35.0384	-119.4077
CA	Marina	36.6849	-121.7934
CA	Marina Del Rey	33.9779	-118.4525
CA	Mariposa	37.5039	-119.8925
CA	Markleeville	38.7647	-119.8073
CA	Marshall	38.1762	-122.8900
CA	Martell	38.3669	-120.7950
CA	Martinez	37.9932	-122.1117
CA	Marysville	39.1417	-121.5225
CA	Mather	38.5492	-121.2824
CA	Maxwell	39.2925	-122.1952
CA	Maywood	33.9890	-118.1877
CA	Mc Farland	35.6758	-119.2272
CA	Mc Kittrick	35.3031	-119.6366
CA	Mcarthur	41.1114	-121.2149
CA	Mcclellan	38.6554	-121.4031
CA	Mccloud	41.2521	-122.1356
CA	Mckinleyville	40.8758	-124.0831
CA	Meadow Valley	39.9185	-121.0563
CA	Meadow Vista	39.0031	-121.0292
CA	Mecca	33.5717	-116.0764
CA	Mendocino	39.3232	-123.7885
CA	Mendota	36.7424	-120.4093
CA	Menifee	33.6647	-117.1743
CA	Menlo Park	37.4534	-122.1791
CA	Mentone	34.0774	-117.1126
CA	Merced	37.3007	-120.4617
CA	Meridian	39.1168	-121.8814
CA	Mi Wuk Village	38.1056	-120.1318
CA	Middletown	38.7825	-122.6435
CA	Midpines	37.5710	-119.9465
CA	Midway City	33.7448	-117.9835
CA	Milford	40.1828	-120.3895
CA	Mill Creek	40.3264	-121.5217
CA	Mill Valley	37.8958	-122.5339
CA	Millbrae	37.6004	-122.4020
CA	Millville	40.5653	-122.1111
CA	Milpitas	37.4365	-121.8929
CA	Mineral	40.3288	-121.5248
CA	Mira Loma	33.9938	-117.5236
CA	Miramonte	36.6894	-119.0477
CA	Miranda	40.2347	-123.8225
CA	Mission Hills	34.2619	-118.4587
CA	Mission Viejo	33.6000	-117.6711
CA	Moccasin	37.8108	-120.2989
CA	Modesto	37.6746	-121.0113
CA	Mojave	35.0478	-118.1735
CA	Mokelumne Hill	38.3289	-120.5677
CA	Mono Hot Springs	37.1680	-119.2095
CA	Monrovia	34.1440	-118.0014
CA	Montague	41.7243	-122.4638
CA	Montara	37.5422	-122.5150
CA	Montclair	34.0733	-117.6987
CA	Monte Rio	38.4627	-123.0045
CA	Montebello	34.0133	-118.1130
CA	Monterey	36.5956	-121.8848
CA	Monterey Park	34.0534	-118.1271
CA	Montgomery Creek	40.9124	-121.9233
CA	Montrose	34.2114	-118.2305
CA	Moorpark	34.2856	-118.8811
CA	Moraga	37.8437	-122.1242
CA	Moreno Valley	33.8858	-117.2211
CA	Morgan Hill	37.1292	-121.6464
CA	Morongo Valley	34.0606	-116.5656
CA	Morro Bay	35.3795	-120.8447
CA	Moss Beach	37.5310	-122.5068
CA	Moss Landing	36.8044	-121.7858
CA	Mount Aukum	38.5500	-120.7304
CA	Mount Hamilton	37.3161	-121.6399
CA	Mount Hermon	37.0511	-122.0575
CA	Mount Laguna	32.8722	-116.4175
CA	Mount Shasta	41.3174	-122.3240
CA	Mount Wilson	34.2264	-118.0653
CA	Mountain Center	33.5317	-116.5820
CA	Mountain Pass	35.4703	-115.5442
CA	Mountain Ranch	38.2204	-120.5481
CA	Mountain View	37.4100	-122.0519
CA	Mt Baldy	34.2181	-117.5802
CA	Murphys	38.1269	-120.4618
CA	Murrieta	33.5631	-117.2738
CA	Myers Flat	40.1948	-123.8227
CA	Napa	38.3281	-122.3055
CA	National City	32.6749	-117.0897
CA	Navarro	39.0658	-123.4439
CA	Needles	34.7824	-114.5871
CA	Nelson	39.5522	-121.7644
CA	Nevada City	39.2754	-121.0196
CA	New Almaden	37.1761	-121.8197
CA	New Cuyama	34.9967	-119.8238
CA	Newark	37.5368	-122.0320
CA	Newberry Springs	34.8850	-116.7464
CA	Newbury Park	34.1842	-118.9097
CA	Newcastle	38.8725	-121.1426
CA	Newhall	34.3795	-118.5230
CA	Newman	37.3176	-121.0259
CA	Newport Beach	33.6398	-117.8643
CA	Newport Coast	33.5964	-117.8553
CA	Nicasio	38.0546	-122.6964
CA	Nice	39.1223	-122.8424
CA	Nicolaus	38.8827	-121.5530
CA	Niland	33.3784	-115.6965
CA	Nipomo	35.0298	-120.4894
CA	Nipton	35.4676	-115.4814
CA	Norco	33.9400	-117.5533
CA	Norden	39.3196	-120.4009
CA	North Fork	37.2125	-119.5143
CA	North Highlands	38.6885	-121.3749
CA	North Hills	34.2366	-118.4758
CA	North Hollywood	34.1687	-118.3713
CA	North Palm Springs	33.9003	-116.5272
CA	North San Juan	39.3540	-121.1350
CA	Northridge	34.2367	-118.5466
CA	Norwalk	33.9056	-118.0818
CA	Novato	38.1163	-122.5714
CA	Nubieber	41.0958	-121.1819
CA	Nuevo	33.8077	-117.1187
CA	O Neals	37.0869	-119.7454
CA	Oak Park	34.1364	-118.7736
CA	Oak Run	40.6863	-122.0409
CA	Oak View	34.4020	-119.2982
CA	Oakdale	37.7753	-120.8495
CA	Oakhurst	37.3476	-119.6449
CA	Oakland	37.7806	-122.2166
CA	Oakley	37.9940	-121.7036
CA	Oakville	38.4369	-122.4011
CA	Obrien	40.8122	-122.3231
CA	Occidental	38.3969	-122.9882
CA	Oceano	35.1019	-120.6080
CA	Oceanside	33.1951	-117.3776
CA	Ocotillo	32.7386	-115.9933
CA	Ojai	34.4451	-119.2565
CA	Olancha	36.3208	-118.0256
CA	Old Station	40.6256	-121.4585
CA	Olema	38.0408	-122.7869
CA	Olivehurst	39.0895	-121.5501
CA	Olympic Valley	39.1556	-120.2150
CA	Ontario	34.0631	-117.6197
CA	Onyx	35.7136	-118.1902
CA	Orange	33.7877	-117.8755
CA	Orange Cove	36.6243	-119.3135
CA	Orangevale	38.6824	-121.2229
CA	Oregon House	39.3144	-121.2092
CA	Orick	41.3072	-124.0503
CA	Orinda	37.8787	-122.1728
CA	Orland	39.7446	-122.1579
CA	Orleans	41.3181	-123.5296
CA	Oro Grande	34.6178	-117.3327
CA	Orosi	36.5464	-119.2815
CA	Oroville	39.5330	-121.5784
CA	Oxnard	34.2141	-119.1750
CA	Pacific Grove	36.6167	-121.9220
CA	Pacific Palisades	34.0541	-118.5369
CA	Pacifica	37.6196	-122.4816
CA	Pacoima	34.2581	-118.4207
CA	Paicines	36.4948	-121.0329
CA	Pala	33.3777	-117.0717
CA	Palermo	39.4361	-121.5454
CA	Palm Desert	33.7611	-116.3249
CA	Palm Springs	33.8414	-116.5347
CA	Palmdale	34.5715	-118.0613
CA	Palo Alto	37.4443	-122.1497
CA	Palo Cedro	40.5767	-122.2398
CA	Palo Verde	33.4328	-114.7314
CA	Palomar Mountain	33.3228	-116.8778
CA	Palos Verdes Peninsula	33.7701	-118.3748
CA	Panorama City	34.2262	-118.4470
CA	Paradise	39.7464	-121.6361
CA	Paramount	33.8969	-118.1632
CA	Parker Dam	34.2980	-114.1560
CA	Parlier	36.6103	-119.5375
CA	Pasadena	34.1468	-118.1391
CA	Paskenta	39.8847	-122.5447
CA	Paso Robles	35.6352	-120.6707
CA	Patterson	37.4906	-121.1407
CA	Patton	34.1358	-117.2231
CA	Pauma Valley	33.3063	-116.9596
CA	Paynes Creek	40.3514	-121.7650
CA	Pearblossom	34.4911	-117.9029
CA	Pebble Beach	36.5907	-121.9420
CA	Penn Valley	39.2188	-121.1935
CA	Penngrove	38.3159	-122.6718
CA	Penryn	38.8567	-121.1791
CA	Perris	33.7975	-117.2800
CA	Pescadero	37.2065	-122.3649
CA	Petaluma	38.2403	-122.6777
CA	Petrolia	40.3006	-124.2512
CA	Phelan	34.4261	-117.5714
CA	Phillipsville	40.2092	-123.7847
CA	Philo	39.1200	-123.5382
CA	Pico Rivera	33.9886	-118.0883
CA	Piedmont	37.8276	-122.2507
CA	Piedra	36.8103	-119.3811
CA	Piercy	39.9664	-123.7942
CA	Pilot Hill	38.8263	-121.0298
CA	Pine Grove	38.3968	-120.6437
CA	Pine Valley	32.8350	-116.5127
CA	Pinecrest	38.3411	-119.8652
CA	Pinole	37.9969	-122.2875
CA	Pinon Hills	34.4429	-117.6403
CA	Pioneer	38.4603	-120.5318
CA	Pioneertown	34.1567	-116.4953
CA	Piru	34.4153	-118.7931
CA	Pismo Beach	35.1428	-120.6403
CA	Pittsburg	38.0169	-121.9082
CA	Pixley	35.9553	-119.2564
CA	Placentia	33.8810	-117.8553
CA	Placerville	38.7195	-120.8046
CA	Planada	37.2908	-120.3175
CA	Platina	40.3165	-122.9180
CA	Playa Del Rey	33.9577	-118.4373
CA	Pleasant Grove	38.7878	-121.5080
CA	Pleasant Hill	37.9540	-122.0737
CA	Pleasanton	37.6658	-121.8755
CA	Plymouth	38.4881	-120.8703
CA	Point Arena	38.9153	-123.6608
CA	Point Mugu Nawc	34.1234	-119.0993
CA	Point Reyes Station	38.0648	-122.8162
CA	Pollock Pines	38.7456	-120.5851
CA	Pomona	34.0433	-117.7521
CA	Pope Valley	38.6782	-122.4722
CA	Port Costa	38.0460	-122.1866
CA	Port Hueneme	34.1626	-119.1973
CA	Port Hueneme Cbc Base	34.1621	-119.2060
CA	Porter Ranch	34.2742	-118.5412
CA	Porterville	36.0686	-119.0315
CA	Portola	39.8109	-120.4669
CA	Portola Vally	37.3789	-122.2081
CA	Posey	35.8135	-118.6643
CA	Potrero	32.6205	-116.6037
CA	Potter Valley	39.3296	-123.1042
CA	Poway	32.9756	-117.0402
CA	Prather	36.9938	-119.5268
CA	Princeton	39.4283	-122.0302
CA	Proberta	40.0817	-122.1694
CA	Quincy	39.9405	-120.9285
CA	Rackerby	39.4059	-121.3362
CA	Rail Road Flat	38.3433	-120.5111
CA	Raisin City	36.5989	-119.9032
CA	Ramona	33.0293	-116.8535
CA	Ranchita	33.2405	-116.5391
CA	Rancho Cordova	38.6019	-121.2894
CA	Rancho Cucamonga	34.1339	-117.5991
CA	Rancho Mirage	33.7643	-116.4225
CA	Rancho Palos Verdes	33.7878	-118.3572
CA	Rancho Santa Fe	33.0231	-117.1996
CA	Rancho Santa Margarita	33.6518	-117.5884
CA	Randsburg	35.3522	-117.7264
CA	Ravendale	40.8317	-120.1600
CA	Raymond	37.2790	-119.8766
CA	Red Bluff	40.1795	-122.2383
CA	Red Mountain	35.3728	-117.6339
CA	Redcrest	40.4065	-123.9420
CA	Redding	40.5605	-122.4116
CA	Redlands	34.0397	-117.1804
CA	Redondo Beach	33.8307	-118.3832
CA	Redway	40.1101	-123.8442
CA	Redwood City	37.4647	-122.2304
CA	Redwood Estates	37.1564	-121.9856
CA	Redwood Valley	39.2694	-123.2133
CA	Reedley	36.6044	-119.4378
CA	Represa	38.6883	-121.4478
CA	Rescue	38.7194	-120.9945
CA	Reseda	34.2007	-118.5391
CA	Rialto	34.1132	-117.3771
CA	Richgrove	35.7967	-119.1069
CA	Richmond	37.9400	-122.3620
CA	Richvale	39.4939	-121.7436
CA	Ridgecrest	35.6314	-117.6797
CA	Rimforest	34.2297	-117.2242
CA	Rio Dell	40.4951	-124.1044
CA	Rio Linda	38.6893	-121.4452
CA	Rio Nido	38.5211	-122.9758
CA	Rio Oso	38.9610	-121.5053
CA	Rio Vista	38.1637	-121.7016
CA	Ripon	37.7533	-121.1229
CA	River Pines	38.5463	-120.7430
CA	Riverbank	37.7328	-120.9430
CA	Riverdale	36.4295	-119.8720
CA	Riverside	33.9924	-117.3694
CA	Robbins	38.8703	-121.7053
CA	Rocklin	38.7919	-121.2434
CA	Rodeo	38.0307	-122.2581
CA	Rohnert Park	38.3269	-122.7061
CA	Rosamond	34.8631	-118.1964
CA	Rosemead	34.0658	-118.0853
CA	Roseville	38.7346	-121.2340
CA	Ross	37.9625	-122.5539
CA	Rough And Ready	39.2286	-121.1509
CA	Round Mountain	40.7942	-121.9408
CA	Rowland Heights	33.9818	-117.8969
CA	Rumsey	38.8762	-122.2537
CA	Running Springs	34.2078	-117.1083
CA	Rutherford	38.4586	-122.4214
CA	Ryde	38.2386	-121.5594
CA	Sacramento	38.5816	-121.4933
CA	Saint Helena	38.5138	-122.4619
CA	Salida	37.7071	-121.0905
CA	Salinas	36.6677	-121.6596
CA	Salton City	33.2986	-115.9553
CA	Salyer	40.8909	-123.5478
CA	Samoa	40.8037	-124.1936
CA	San Andreas	38.1867	-120.6687
CA	San Anselmo	37.9846	-122.5711
CA	San Ardo	35.9857	-120.8612
CA	San Bernardino	34.1105	-117.2898
CA	San Bruno	37.6247	-122.4290
CA	San Carlos	37.4969	-122.2674
CA	San Clemente	33.4308	-117.6101
CA	San Diego	32.7185	-117.1593
CA	San Dimas	34.1023	-117.8169
CA	San Fernando	34.2875	-118.4352
CA	San Francisco	37.7750	-122.4183
CA	San Gabriel	34.1155	-118.0857
CA	San Geronimo	38.0172	-122.6778
CA	San Gregorio	37.3255	-122.3556
CA	San Jacinto	33.7839	-116.9578
CA	San Joaquin	36.6059	-120.1889
CA	San Jose	37.3894	-121.8868
CA	San Juan Bautista	36.8499	-121.5327
CA	San Juan Capistrano	33.5117	-117.6574
CA	San Leandro	37.7205	-122.1587
CA	San Lorenzo	37.6787	-122.1295
CA	San Lucas	36.1289	-121.0194
CA	San Luis Obispo	35.2635	-120.6509
CA	San Luis Rey	33.2944	-117.3064
CA	San Marcos	33.1444	-117.1697
CA	San Marino	34.1207	-118.1117
CA	San Martin	37.0911	-121.5999
CA	San Mateo	37.5723	-122.3203
CA	San Miguel	35.7532	-120.6965
CA	San Pablo	37.9724	-122.3369
CA	San Pedro	33.7339	-118.2914
CA	San Quentin	37.9428	-122.4894
CA	San Rafael	37.9691	-122.5105
CA	San Ramon	37.7800	-121.9769
CA	San Simeon	35.6668	-121.1440
CA	San Ysidro	32.5519	-117.0422
CA	Sanger	36.7243	-119.5478
CA	Santa Ana	33.7502	-117.8577
CA	Santa Barbara	34.4197	-119.7078
CA	Santa Clara	37.3473	-121.9541
CA	Santa Clarita	34.4597	-118.4890
CA	Santa Cruz	36.9829	-122.0436
CA	Santa Fe Springs	33.9464	-118.0838
CA	Santa Margarita	35.3413	-120.3202
CA	Santa Maria	34.9545	-120.4325
CA	Santa Monica	34.0176	-118.4907
CA	Santa Paula	34.3547	-119.0713
CA	Santa Rita Park	37.0475	-120.5942
CA	Santa Rosa	38.4431	-122.7517
CA	Santa Ynez	34.6240	-120.0713
CA	Santa Ysabel	33.1476	-116.6963
CA	Santee	32.8486	-116.9862
CA	Saratoga	37.2729	-122.0182
CA	Sausalito	37.8601	-122.4946
CA	Scotia	40.4547	-124.0391
CA	Scott Bar	41.7736	-122.9882
CA	Scotts Valley	37.0578	-122.0150
CA	Seal Beach	33.7610	-118.0843
CA	Seaside	36.6092	-121.8357
CA	Sebastopol	38.3915	-122.8385
CA	Seeley	32.7931	-115.6903
CA	Seiad Valley	41.8866	-123.2438
CA	Selma	36.5695	-119.6170
CA	Sequoia National Park	36.5739	-118.7723
CA	Shafter	35.4970	-119.2801
CA	Shandon	35.6513	-120.3720
CA	Shasta	40.6109	-122.4968
CA	Shasta Lake	40.6803	-122.3654
CA	Shaver Lake	37.1397	-119.2730
CA	Sheep Ranch	38.2094	-120.4631
CA	Sheridan	38.9915	-121.3621
CA	Sherman Oaks	34.1514	-118.4603
CA	Shingle Springs	38.6656	-120.9759
CA	Shingletown	40.5050	-121.8857
CA	Shoshone	35.8992	-116.2645
CA	Sierra City	39.5592	-120.6241
CA	Sierra Madre	34.1651	-118.0519
CA	Sierraville	39.5943	-120.3478
CA	Signal Hill	33.8037	-118.1688
CA	Silverado	33.7461	-117.6361
CA	Simi Valley	34.2694	-118.7805
CA	Skyforest	34.2353	-117.1783
CA	Sloughhouse	38.5075	-121.0941
CA	Smartville	39.2043	-121.2667
CA	Smith River	41.9362	-124.1661
CA	Snelling	37.5144	-120.4816
CA	Soda Springs	39.3385	-120.4655
CA	Solana Beach	32.9937	-117.2598
CA	Soledad	36.4196	-121.3243
CA	Solvang	34.6099	-120.1293
CA	Somerset	38.6074	-120.6663
CA	Somes Bar	41.4330	-123.4759
CA	Somis	34.2798	-119.0115
CA	Sonoma	38.2957	-122.4728
CA	Sonora	37.9957	-120.3385
CA	Soquel	37.0035	-121.9503
CA	Soulsbyville	37.9928	-120.2599
CA	South Dos Palos	36.9644	-120.6522
CA	South El Monte	34.0557	-118.0444
CA	South Gate	33.9462	-118.2013
CA	South Lake Tahoe	38.9170	-119.9865
CA	South Pasadena	34.1109	-118.1547
CA	South San Francisco	37.6538	-122.4347
CA	Spreckels	36.6219	-121.6458
CA	Spring Valley	32.7447	-116.9980
CA	Springville	36.1363	-118.7961
CA	Squaw Valley	36.7071	-119.1814
CA	Standard	37.9842	-120.3811
CA	Standish	40.3509	-120.4068
CA	Stanford	37.4236	-122.1619
CA	Stanton	33.8030	-117.9947
CA	Stevenson Ranch	34.3811	-118.5821
CA	Stevinson	37.3257	-120.8699
CA	Stewarts Point	38.6519	-123.3981
CA	Stinson Beach	37.9020	-122.6393
CA	Stirling City	39.9078	-121.5269
CA	Stockton	37.9580	-121.2876
CA	Stonyford	39.3337	-122.5178
CA	Storrie	39.5139	-121.5553
CA	Stratford	36.1790	-119.8236
CA	Strathmore	36.1472	-119.0792
CA	Strawberry	38.2017	-119.9978
CA	Strawberry Valley	39.6041	-121.0746
CA	Studio City	34.1430	-118.3913
CA	Sugarloaf	34.2611	-116.8442
CA	Suisun City	38.2408	-122.0420
CA	Sultana	36.5456	-119.3392
CA	Summerland	34.4245	-119.5960
CA	Sun City	33.7445	-117.1719
CA	Sun Valley	34.2209	-118.3699
CA	Sunland	34.2610	-118.3214
CA	Sunnyvale	37.3689	-122.0353
CA	Sunol	37.6094	-121.8986
CA	Sunset Beach	33.7164	-118.0681
CA	Surfside	33.7278	-118.0814
CA	Susanville	40.4164	-120.6519
CA	Sutter	39.1681	-121.7565
CA	Sutter Creek	38.4186	-120.7855
CA	Sylmar	34.3054	-118.4322
CA	Taft	35.1482	-119.4557
CA	Tahoe City	39.1806	-120.1445
CA	Tahoe Vista	39.2448	-120.0521
CA	Tahoma	39.0644	-120.1357
CA	Talmage	39.1308	-123.1650
CA	Tarzana	34.1671	-118.5414
CA	Taylorsville	40.0649	-120.8018
CA	Tecate	32.5922	-116.6064
CA	Tecopa	35.8979	-115.8298
CA	Tehachapi	35.1298	-118.5222
CA	Tehama	40.0272	-122.1222
CA	Temecula	33.4936	-117.1475
CA	Temple City	34.1016	-118.0537
CA	Templeton	35.5551	-120.7107
CA	Termo	40.9467	-120.5174
CA	Terra Bella	35.9570	-119.0312
CA	The Sea Ranch	38.7256	-123.4675
CA	Thermal	33.5434	-116.1158
CA	Thornton	38.2261	-121.4236
CA	Thousand Oaks	34.1706	-118.8367
CA	Thousand Palms	33.8082	-116.3713
CA	Three Rivers	36.4377	-118.8875
CA	Tipton	36.0546	-119.3078
CA	Tollhouse	36.9943	-119.3914
CA	Toluca Lake	34.1578	-118.3794
CA	Tomales	38.2464	-122.9044
CA	Topanga	34.1076	-118.6023
CA	Topaz	38.6415	-119.5122
CA	Torrance	33.8268	-118.3118
CA	Trabuco Canyon	33.6639	-117.5894
CA	Tracy	37.7544	-121.3697
CA	Tranquillity	36.6584	-120.2617
CA	Traver	36.4553	-119.4839
CA	Travis Afb	38.2743	-121.9463
CA	Tres Pinos	36.7900	-121.3200
CA	Trinidad	41.0879	-124.1013
CA	Trinity Center	41.0615	-122.7239
CA	Trona	35.7608	-117.3830
CA	Truckee	39.3281	-120.1822
CA	Tujunga	34.2544	-118.2849
CA	Tulare	36.2022	-119.3380
CA	Tulelake	41.9316	-121.4347
CA	Tuolumne	37.9713	-120.2375
CA	Tupman	35.2885	-119.3420
CA	Turlock	37.5036	-120.8505
CA	Tustin	33.7382	-117.8207
CA	Twain	40.0028	-121.1507
CA	Twain Harte	38.0447	-120.2155
CA	Twentynine Palms	34.1455	-116.0601
CA	Twin Bridges	38.8086	-120.1289
CA	Twin Peaks	34.2389	-117.2328
CA	Ukiah	39.1519	-123.2007
CA	Union City	37.5895	-122.0497
CA	Universal City	34.1378	-118.3563
CA	Upland	34.1368	-117.6598
CA	Upper Lake	39.1608	-122.8961
CA	Vacaville	38.3419	-121.9623
CA	Valencia	34.4466	-118.5374
CA	Vallecito	38.1015	-120.4679
CA	Vallejo	38.1483	-122.2493
CA	Valley Center	33.2490	-117.0122
CA	Valley Ford	38.3157	-122.9245
CA	Valley Springs	38.1544	-120.8597
CA	Valley Village	34.1672	-118.3989
CA	Valyermo	34.3390	-117.8271
CA	Van Nuys	34.2012	-118.4742
CA	Venice	33.9938	-118.4635
CA	Ventura	34.2905	-119.2888
CA	Verdugo City	34.2114	-118.2386
CA	Vernalis	37.6185	-121.2590
CA	Victor	38.1381	-121.2050
CA	Victorville	34.5039	-117.3192
CA	Vidal	34.1561	-114.5656
CA	Villa Grande	38.4731	-123.0244
CA	Villa Park	33.8165	-117.8112
CA	Vina	39.9331	-122.0528
CA	Vineburg	38.2725	-122.4375
CA	Vinton	39.7207	-120.2050
CA	Visalia	36.3114	-119.3065
CA	Vista	33.1694	-117.2420
CA	Volcano	38.4773	-120.6178
CA	Wallace	38.1942	-120.9769
CA	Walnut	34.0176	-117.8636
CA	Walnut Creek	37.8753	-122.0703
CA	Walnut Grove	38.2364	-121.5248
CA	Warner Springs	33.3037	-116.7214
CA	Wasco	35.5934	-119.3447
CA	Washington	39.3594	-120.7981
CA	Waterford	37.6510	-120.7539
CA	Watsonville	36.9205	-121.7634
CA	Waukena	36.0981	-119.5594
CA	Weaverville	40.7317	-122.9353
CA	Weed	41.4395	-122.3848
CA	Weimar	39.0375	-120.9714
CA	Weldon	35.6391	-118.2859
CA	Wendel	40.3462	-120.3522
CA	Weott	40.3219	-123.9206
CA	West Covina	34.0673	-117.9366
CA	West Hills	34.1963	-118.6389
CA	West Hollywood	34.0906	-118.3788
CA	West Point	38.4062	-120.5159
CA	West Sacramento	38.5924	-121.5264
CA	Westlake Village	34.1462	-118.8013
CA	Westley	37.5494	-121.1981
CA	Westminster	33.7528	-117.9913
CA	Westmorland	33.0411	-115.6307
CA	Westport	39.6441	-123.7643
CA	Westwood	40.2704	-121.1092
CA	Wheatland	39.0192	-121.4221
CA	Whiskeytown	40.6389	-122.5586
CA	White Water	33.9276	-116.6932
CA	Whitethorn	40.0239	-123.9419
CA	Whitmore	40.6525	-121.8771
CA	Whittier	34.0011	-118.0371
CA	Wildomar	33.6021	-117.2640
CA	Williams	39.1489	-122.1624
CA	Willits	39.4114	-123.3503
CA	Willow Creek	40.9389	-123.6311
CA	Willows	39.5238	-122.1992
CA	Wilmington	33.7855	-118.2645
CA	Wilseyville	38.3846	-120.4424
CA	Wilton	38.4121	-121.2257
CA	Winchester	33.6243	-117.0885
CA	Windsor	38.5432	-122.8044
CA	Winnetka	34.2092	-118.5749
CA	Winterhaven	32.8329	-114.6366
CA	Winters	38.5295	-121.9745
CA	Winton	37.3923	-120.6132
CA	Wishon	37.2810	-119.5570
CA	Witter Springs	39.1821	-122.9711
CA	Wofford Heights	35.7246	-118.4559
CA	Woodacre	38.0069	-122.6382
CA	Woodbridge	38.1551	-121.3086
CA	Woodlake	36.4313	-119.0918
CA	Woodland	38.6743	-121.7793
CA	Woodland Hills	34.1557	-118.6000
CA	Woody	35.7068	-118.8439
CA	Wrightwood	34.3628	-117.6249
CA	Yermo	34.9050	-116.8194
CA	Yettem	36.4864	-119.2586
CA	Yolo	38.7319	-121.8067
CA	Yorba Linda	33.8913	-117.8191
CA	Yorkville	38.9089	-123.2339
CA	Yosemite National Park	37.7467	-119.5836
CA	Yountville	38.4038	-122.3585
CA	Yreka	41.7206	-122.6376
CA	Yuba City	39.1286	-121.6216
CA	Yucaipa	34.0282	-117.0489
CA	Yucca Valley	34.1559	-116.4313
CA	Zamora	38.7999	-121.9065
CA	Zenia	40.2056	-123.4908
CO	Agate	39.4203	-103.9846
CO	Aguilar	37.3933	-104.6769
CO	Akron	40.1803	-103.2259
CO	Alamosa	37.4703	-105.8786
CO	Allenspark	40.2268	-105.5201
CO	Alma	39.2839	-106.0622
CO	Almont	38.6500	-106.6271
CO	Amherst	40.6824	-102.1706
CO	Anton	39.6865	-103.4343
CO	Antonito	37.0855	-106.0379
CO	Arapahoe	38.8417	-102.1940
CO	Arboles	37.1016	-107.3907
CO	Arlington	38.4068	-103.3697
CO	Arriba	39.3025	-103.2710
CO	Arvada	39.8039	-105.0859
CO	Aspen	39.1951	-106.8236
CO	Atwood	40.5174	-103.0393
CO	Ault	40.5938	-104.7356
CO	Aurora	39.7378	-104.8152
CO	Austin	38.7975	-107.9738
CO	Avon	39.6314	-106.5217
CO	Avondale	38.2116	-104.3597
CO	Bailey	39.4482	-105.4693
CO	Basalt	39.3535	-106.9988
CO	Battlement Mesa	39.3583	-107.9142
CO	Bayfield	37.2603	-107.6137
CO	Bedrock	38.3844	-108.9532
CO	Bellvue	40.6265	-105.2610
CO	Bennett	39.7254	-104.4273
CO	Berthoud	40.2993	-105.1055
CO	Bethune	39.3448	-102.4281
CO	Beulah	38.0837	-104.9724
CO	Black Hawk	39.8011	-105.5040
CO	Blanca	37.4317	-105.5178
CO	Boncarbo	37.2167	-104.6944
CO	Bond	39.8691	-106.6763
CO	Boone	38.2646	-104.2585
CO	Boulder	40.0497	-105.2143
CO	Branson	37.0518	-103.8741
CO	Breckenridge	39.4817	-106.0378
CO	Briggsdale	40.6392	-104.2871
CO	Brighton	39.9806	-104.8103
CO	Broomfield	39.9245	-105.0609
CO	Brush	40.2603	-103.6279
CO	Buena Vista	38.8380	-106.1471
CO	Buffalo Creek	39.3272	-105.3714
CO	Burlington	39.3106	-102.2583
CO	Burns	39.8739	-106.8850
CO	Byers	39.6985	-104.2019
CO	Cahone	37.6916	-108.5794
CO	Calhan	38.9648	-104.3553
CO	Campo	37.1195	-102.5464
CO	Canon City	38.4451	-105.2178
CO	Capulin	37.2839	-106.1108
CO	Carbondale	39.3854	-107.1710
CO	Carr	40.8666	-104.8859
CO	Cascade	38.9213	-104.9937
CO	Castle Rock	39.3926	-104.8602
CO	Cedaredge	38.9119	-107.9268
CO	Center	37.7343	-106.0906
CO	Central City	39.8019	-105.5136
CO	Chama	37.1619	-105.3778
CO	Cheraw	38.1069	-103.5097
CO	Cheyenne Wells	38.8198	-102.3582
CO	Chimney Rock	37.1944	-107.3006
CO	Chromo	37.0364	-106.8428
CO	Cimarron	38.3876	-107.4824
CO	Clark	40.7268	-106.9215
CO	Clifton	39.0805	-108.4496
CO	Climax	39.2988	-106.2580
CO	Coal Creek	38.3611	-105.1478
CO	Coaldale	38.3656	-105.7572
CO	Coalmont	40.5383	-106.5321
CO	Collbran	39.2453	-107.9249
CO	Colorado City	37.9453	-104.8347
CO	Colorado Springs	38.8335	-104.8206
CO	Commerce City	39.8259	-104.9113
CO	Como	39.3161	-105.8922
CO	Conejos	37.0883	-106.0192
CO	Conifer	39.5197	-105.3169
CO	Cope	39.7462	-102.9881
CO	Cortez	37.3549	-108.5837
CO	Cory	38.7881	-107.9867
CO	Cotopaxi	38.3703	-105.6875
CO	Cowdrey	40.8597	-106.3125
CO	Craig	40.5224	-107.5615
CO	Crawford	38.6941	-107.6149
CO	Creede	37.8164	-106.9277
CO	Crested Butte	38.8691	-106.9619
CO	Crestone	37.9964	-105.6992
CO	Cripple Creek	38.7467	-105.1778
CO	Crook	40.8747	-102.8472
CO	Crowley	38.1930	-103.8555
CO	Dacono	40.0836	-104.9297
CO	De Beque	39.3118	-108.2304
CO	Deer Trail	39.5931	-104.0680
CO	Del Norte	37.6713	-106.3505
CO	Delta	38.7349	-108.0604
CO	Denver	39.8406	-105.0080
CO	Dillon	39.5748	-106.0573
CO	Dinosaur	40.2566	-108.9652
CO	Divide	38.9576	-105.1994
CO	Dolores	37.4666	-108.4717
CO	Dove Creek	37.7632	-108.9181
CO	Drake	40.4433	-105.2969
CO	Dumont	39.7647	-105.5997
CO	Dupont	39.8381	-104.9114
CO	Durango	37.2874	-107.8617
CO	Eads	38.4441	-102.5054
CO	Eagle	39.6341	-106.7588
CO	Eastlake	39.9297	-104.9489
CO	Eaton	40.5273	-104.7146
CO	Eckert	38.8450	-107.9625
CO	Eckley	40.1138	-102.4828
CO	Edwards	39.6450	-106.5936
CO	Egnar	37.9344	-108.9299
CO	Elbert	39.0969	-104.5746
CO	Eldorado Springs	39.9325	-105.2764
CO	Elizabeth	39.3836	-104.5920
CO	Empire	39.7614	-105.6839
CO	Englewood	39.6460	-104.9900
CO	Erie	40.0597	-105.0686
CO	Estes Park	40.3936	-105.4942
CO	Evans	40.3803	-104.6971
CO	Evergreen	39.6333	-105.3167
CO	Fairplay	39.2256	-105.9994
CO	Firestone	40.1125	-104.9361
CO	Flagler	39.3127	-103.0624
CO	Fleming	40.6370	-102.8688
CO	Florence	38.3850	-105.1232
CO	Florissant	38.8277	-105.2261
CO	Fort Collins	40.5813	-105.1039
CO	Fort Garland	37.4270	-105.4049
CO	Fort Lupton	40.0789	-104.8656
CO	Fort Lyon	39.1000	-103.1500
CO	Fort Morgan	40.2541	-103.8031
CO	Fountain	38.6996	-104.7005
CO	Fowler	38.1231	-104.0299
CO	Franktown	39.3728	-104.7256
CO	Fraser	39.9450	-105.8167
CO	Frederick	40.0992	-104.9367
CO	Frisco	39.4689	-106.1564
CO	Fruita	39.1637	-108.7218
CO	Galeton	40.5150	-104.5973
CO	Garcia	37.0042	-105.5367
CO	Gardner	37.7638	-105.2374
CO	Gateway	38.9151	-108.7913
CO	Genoa	39.3383	-103.4607
CO	Georgetown	39.7061	-105.6969
CO	Gilcrest	40.2819	-104.7772
CO	Gill	40.4696	-104.5000
CO	Glade Park	38.9933	-108.7403
CO	Glen Haven	40.4539	-105.4486
CO	Glenwood Springs	39.5296	-107.3252
CO	Golden	39.7305	-105.1915
CO	Granada	38.0545	-102.3271
CO	Granby	40.0128	-105.8899
CO	Grand Junction	39.0783	-108.5457
CO	Grand Lake	40.2289	-105.8605
CO	Granite	39.0953	-106.3114
CO	Grant	39.4597	-105.6611
CO	Greeley	40.4140	-104.7048
CO	Green Mountain Falls	38.9344	-105.0175
CO	Grover	40.8716	-104.2346
CO	Guffey	38.8146	-105.5784
CO	Gunnison	38.5511	-106.9310
CO	Gypsum	39.6618	-106.9671
CO	Hamilton	40.3250	-107.5841
CO	Hartman	38.1453	-102.1866
CO	Hartsel	39.0217	-105.7953
CO	Hasty	38.1073	-102.9331
CO	Haswell	38.4474	-103.1505
CO	Haxtun	40.6406	-102.6052
CO	Hayden	40.4945	-107.2571
CO	Henderson	39.8983	-104.8718
CO	Hereford	40.9750	-104.3053
CO	Hesperus	37.1654	-108.1219
CO	Hillrose	40.3072	-103.5418
CO	Hillside	38.2653	-105.6111
CO	Hoehne	37.2811	-104.3806
CO	Holly	38.0205	-102.1415
CO	Holyoke	40.5825	-102.2825
CO	Homelake	37.5756	-106.0964
CO	Hooper	37.7232	-105.8712
CO	Hot Sulphur Springs	40.0731	-106.1022
CO	Hotchkiss	38.8124	-107.7472
CO	Howard	38.3885	-105.7471
CO	Hudson	40.0606	-104.6532
CO	Hugo	39.0843	-103.4990
CO	Hygiene	40.1886	-105.1803
CO	Idaho Springs	39.7402	-105.5983
CO	Idalia	39.7331	-102.2116
CO	Idledale	39.6661	-105.2436
CO	Ignacio	37.1264	-107.6395
CO	Iliff	40.7692	-103.0968
CO	Indian Hills	39.6167	-105.2367
CO	Jamestown	40.1006	-105.4190
CO	Jaroso	37.0028	-105.6236
CO	Jefferson	39.3009	-105.7863
CO	Joes	39.6728	-102.6151
CO	Johnstown	40.3355	-104.9236
CO	Julesburg	40.9708	-102.2575
CO	Karval	38.7119	-103.5006
CO	Keenesburg	40.0958	-104.4464
CO	Kersey	40.3963	-104.5288
CO	Kim	37.3312	-103.3583
CO	Kiowa	39.3240	-104.4523
CO	Kirk	39.6171	-102.4776
CO	Kit Carson	38.8040	-102.8198
CO	Kittredge	39.6547	-105.2992
CO	Kremmling	40.0632	-106.3955
CO	La Jara	37.2907	-106.0054
CO	La Junta	37.9916	-103.5491
CO	La Salle	40.3211	-104.7268
CO	La Veta	37.4983	-105.0130
CO	Lafayette	39.9980	-105.0963
CO	Lake City	37.9868	-107.3020
CO	Lake George	39.0342	-105.4347
CO	Lamar	38.0841	-102.6192
CO	Laporte	40.6347	-105.1488
CO	Larkspur	39.2011	-104.8546
CO	Las Animas	38.0655	-103.2085
CO	Lazear	38.7800	-107.7811
CO	Leadville	39.2497	-106.3015
CO	Lewis	37.4710	-108.6189
CO	Limon	39.2639	-103.6917
CO	Lindon	39.8308	-103.3145
CO	Littleton	39.5994	-105.0044
CO	Livermore	40.7799	-105.3677
CO	Log Lane Village	40.2503	-103.7994
CO	Loma	39.2279	-108.8149
CO	Longmont	40.1779	-105.1009
CO	Louisville	39.9789	-105.1456
CO	Louviers	39.4778	-105.0067
CO	Loveland	40.3849	-105.0916
CO	Lucerne	40.4819	-104.6992
CO	Lyons	40.2357	-105.3231
CO	Mack	39.2554	-108.9296
CO	Manassa	37.1742	-105.9369
CO	Mancos	37.3471	-108.2982
CO	Manitou Springs	38.8550	-104.9058
CO	Manzanola	38.1109	-103.8766
CO	Marvel	37.1125	-108.1261
CO	Masonville	40.4875	-105.2103
CO	Matheson	39.1320	-103.9132
CO	Maybell	40.6506	-108.2723
CO	Mc Clave	38.1505	-102.8169
CO	Mc Coy	39.9134	-106.7309
CO	Mead	40.2333	-104.9981
CO	Meeker	40.0387	-107.8925
CO	Meredith	39.3353	-106.6782
CO	Merino	40.5115	-103.3447
CO	Mesa	39.1612	-108.1044
CO	Mesa Verde National Park	37.2331	-108.4792
CO	Milliken	40.3107	-104.8761
CO	Minturn	39.5328	-106.3933
CO	Model	37.4785	-104.1307
CO	Moffat	38.0452	-105.8411
CO	Molina	39.1892	-108.0597
CO	Monarch	38.5328	-106.0494
CO	Monte Vista	37.5731	-106.1408
CO	Montrose	38.4678	-107.8752
CO	Monument	39.1007	-104.8542
CO	Morrison	39.6125	-105.1746
CO	Mosca	37.6358	-105.8069
CO	Nathrop	38.7103	-106.1166
CO	Naturita	38.2226	-108.5728
CO	Nederland	39.9703	-105.4813
CO	New Castle	39.5709	-107.5428
CO	New Raymer	40.6851	-103.8390
CO	Niwot	40.1039	-105.1703
CO	Norwood	38.1104	-108.2845
CO	Nucla	38.2682	-108.5476
CO	Nunn	40.7265	-104.7850
CO	Oak Creek	40.2567	-106.9296
CO	Ohio City	38.5456	-106.5889
CO	Olathe	38.5976	-107.9921
CO	Olney Springs	38.2019	-103.9410
CO	Ophir	37.8562	-107.8520
CO	Orchard	40.3639	-104.0973
CO	Ordway	38.2095	-103.8003
CO	Otis	40.2030	-102.9392
CO	Ouray	38.0258	-107.6726
CO	Ovid	40.9459	-102.3874
CO	Padroni	40.9549	-103.3582
CO	Pagosa Springs	37.2523	-107.0385
CO	Palisade	39.1032	-108.3680
CO	Palmer Lake	39.1205	-104.9148
CO	Paoli	40.6122	-102.4722
CO	Paonia	38.8650	-107.5985
CO	Parachute	39.4407	-108.0380
CO	Paradox	38.3683	-108.9617
CO	Parker	39.5055	-104.7349
CO	Parlin	38.5088	-106.6780
CO	Parshall	40.0538	-106.2255
CO	Peetz	40.9519	-103.1166
CO	Penrose	38.4336	-105.0113
CO	Peyton	38.9541	-104.5472
CO	Phippsburg	40.2322	-106.9431
CO	Pierce	40.6359	-104.7638
CO	Pine	39.4667	-105.3741
CO	Pinecliffe	39.9429	-105.3540
CO	Pitkin	38.6085	-106.5168
CO	Placerville	38.0088	-108.0248
CO	Platteville	40.2131	-104.8028
CO	Pleasant View	37.5888	-108.8095
CO	Poncha Springs	38.5128	-106.0767
CO	Powderhorn	38.2822	-107.1084
CO	Pritchett	37.3559	-102.8931
CO	Pueblo	38.2879	-104.5848
CO	Ramah	39.0736	-104.1247
CO	Rand	40.4539	-106.1808
CO	Rangely	40.0828	-108.7991
CO	Red Cliff	39.5122	-106.3675
CO	Red Feather Lakes	40.7965	-105.6245
CO	Redvale	38.1865	-108.3895
CO	Rico	37.6928	-108.0297
CO	Ridgway	38.1381	-107.7533
CO	Rifle	39.5491	-107.7898
CO	Rockvale	38.1194	-105.1639
CO	Rocky Ford	38.0490	-103.7251
CO	Roggen	40.2074	-104.3157
CO	Rollinsville	39.9108	-105.4726
CO	Romeo	37.1722	-105.9847
CO	Rush	38.7642	-104.0241
CO	Rye	37.9371	-104.8863
CO	Saguache	38.0977	-106.1876
CO	Salida	38.5259	-105.9978
CO	San Luis	37.0506	-105.5756
CO	San Pablo	37.1349	-105.3462
CO	Sanford	37.2087	-105.9286
CO	Sargents	38.4042	-106.4144
CO	Sedalia	39.3301	-105.0083
CO	Sedgwick	40.9103	-102.5291
CO	Seibert	39.3183	-102.8822
CO	Severance	40.5242	-104.8506
CO	Shawnee	39.4211	-105.5536
CO	Sheridan Lake	38.4622	-102.2954
CO	Silt	39.5415	-107.6574
CO	Silver Plume	39.6961	-105.7253
CO	Silverthorne	39.6375	-106.0614
CO	Silverton	37.8090	-107.6667
CO	Simla	39.1465	-104.0862
CO	Slater	40.9480	-107.4972
CO	Snowmass	39.2501	-106.9508
CO	Snowmass Village	39.2131	-106.9372
CO	Snyder	40.3307	-103.5971
CO	Somerset	38.9468	-107.3781
CO	South Fork	37.6725	-106.6125
CO	Springfield	37.4067	-102.6173
CO	Steamboat Springs	40.4850	-106.8311
CO	Sterling	40.6306	-103.2212
CO	Stoneham	40.6870	-103.6387
CO	Strasburg	39.7814	-104.2683
CO	Stratton	39.3087	-102.5979
CO	Sugar City	38.2444	-103.6556
CO	Swink	38.0144	-103.6278
CO	Tabernash	39.9936	-105.8425
CO	Telluride	37.9400	-107.8214
CO	Timnath	40.5292	-104.9847
CO	Toponas	40.1196	-106.9082
CO	Towaoc	37.2084	-108.7200
CO	Trinchera	37.0757	-104.1184
CO	Trinidad	37.1755	-104.5007
CO	Twin Lakes	39.0902	-106.4351
CO	Two Buttes	37.5748	-102.3201
CO	U S A F Academy	38.9904	-104.8601
CO	Vail	39.6238	-106.4635
CO	Vernon	39.9331	-102.3193
CO	Victor	38.7100	-105.1394
CO	Vilas	37.3730	-102.4437
CO	Villa Grove	38.2952	-106.1102
CO	Vona	39.3236	-102.7393
CO	Walden	40.7100	-106.2767
CO	Walsenburg	37.6382	-104.8043
CO	Walsh	37.3521	-102.2537
CO	Ward	40.0726	-105.5080
CO	Watkins	39.7623	-104.5834
CO	Weldona	40.3681	-103.9678
CO	Wellington	40.7255	-105.0318
CO	Westcliffe	38.1230	-105.4332
CO	Westminster	39.8542	-105.0371
CO	Weston	37.1702	-104.8247
CO	Wetmore	38.1899	-105.1064
CO	Wheat Ridge	39.7740	-105.0962
CO	Whitewater	38.9744	-108.3990
CO	Wiggins	40.2057	-104.0528
CO	Wild Horse	38.8258	-103.0111
CO	Wiley	38.1590	-102.7147
CO	Windsor	40.4837	-104.8994
CO	Winter Park	39.8917	-105.7625
CO	Wolcott	39.7028	-106.6781
CO	Woodland Park	38.9969	-105.0623
CO	Woodrow	39.9381	-103.5780
CO	Woody Creek	39.2769	-106.8908
CO	Wray	40.1049	-102.2338
CO	Yampa	40.1525	-106.9081
CO	Yellow Jacket	37.4995	-108.7852
CO	Yoder	38.7753	-104.2184
CO	Yuma	40.1301	-102.7072
CT	Abington	41.8606	-72.0072
CT	Amston	41.6290	-72.3646
CT	Andover	41.7332	-72.3767
CT	Ansonia	41.3427	-73.0742
CT	Ashford	41.8643	-72.1587
CT	Avon	41.7905	-72.8653
CT	Ballouville	41.8767	-71.8617
CT	Baltic	41.6263	-72.0775
CT	Bantam	41.7215	-73.2520
CT	Barkhamsted	41.9249	-72.9827
CT	Beacon Falls	41.4369	-73.0597
CT	Berlin	41.6208	-72.7705
CT	Bethany	41.4262	-73.0007
CT	Bethel	41.3813	-73.4008
CT	Bethlehem	41.6387	-73.2091
CT	Bloomfield	41.8316	-72.7249
CT	Bolton	41.7689	-72.4396
CT	Botsford	41.3664	-73.2575
CT	Bozrah	41.5465	-72.1711
CT	Branford	41.2800	-72.8106
CT	Bridgeport	41.1669	-73.2052
CT	Bridgewater	41.5287	-73.3609
CT	Bristol	41.6823	-72.9302
CT	Broad Brook	41.9114	-72.5437
CT	Brookfield	41.4650	-73.3980
CT	Brooklyn	41.7807	-71.9541
CT	Burlington	41.7573	-72.9444
CT	Canaan	42.0248	-73.3232
CT	Canterbury	41.6844	-72.0010
CT	Canton	41.8384	-72.8987
CT	Canton Center	41.8716	-72.9058
CT	Centerbrook	41.3474	-72.4173
CT	Central Village	41.7228	-71.9072
CT	Chaplin	41.8026	-72.1372
CT	Cheshire	41.5104	-72.9044
CT	Chester	41.4049	-72.4643
CT	Clinton	41.2912	-72.5280
CT	Cobalt	41.5622	-72.5558
CT	Colchester	41.5662	-72.3441
CT	Colebrook	42.0282	-73.1041
CT	Collinsville	41.8513	-72.9283
CT	Columbia	41.6973	-72.3072
CT	Cornwall	41.8436	-73.3297
CT	Cornwall Bridge	41.7701	-73.3675
CT	Cos Cob	41.0530	-73.5935
CT	Coventry	41.7822	-72.3332
CT	Cromwell	41.6105	-72.6663
CT	Danbury	41.3917	-73.4532
CT	Danielson	41.7982	-71.8807
CT	Darien	41.0768	-73.4853
CT	Dayville	41.8540	-71.8683
CT	Deep River	41.3765	-72.4486
CT	Derby	41.3229	-73.0800
CT	Durham	41.4650	-72.6875
CT	East Berlin	41.6128	-72.7190
CT	East Canaan	42.0117	-73.2785
CT	East Glastonbury	41.6942	-72.5342
CT	East Granby	41.9322	-72.7459
CT	East Haddam	41.4696	-72.4059
CT	East Hampton	41.5761	-72.5093
CT	East Hartford	41.7803	-72.6180
CT	East Hartland	42.0016	-72.9242
CT	East Haven	41.2805	-72.8741
CT	East Killingly	41.8488	-71.7985
CT	East Lyme	41.3668	-72.2330
CT	East Windsor	41.9099	-72.6029
CT	East Windsor Hill	41.8603	-72.6036
CT	East Woodstock	41.9836	-71.9778
CT	Eastford	41.8771	-72.0895
CT	Easton	41.2523	-73.2871
CT	Ellington	41.9114	-72.4626
CT	Enfield	41.9890	-72.5652
CT	Essex	41.3549	-72.3965
CT	Fabyan	42.0136	-71.9403
CT	Fairfield	41.1648	-73.2657
CT	Falls Village	41.9578	-73.3517
CT	Farmington	41.7323	-72.7917
CT	Gales Ferry	41.4285	-72.0672
CT	Gaylordsville	41.6486	-73.4835
CT	Georgetown	41.2556	-73.4353
CT	Gilman	41.5812	-72.1266
CT	Glastonbury	41.7073	-72.5727
CT	Goshen	41.8335	-73.2429
CT	Granby	41.9602	-72.7994
CT	Greens Farms	41.1239	-73.3197
CT	Greenwich	41.0302	-73.6300
CT	Grosvenor Dale	41.9683	-71.8953
CT	Groton	41.3572	-72.0579
CT	Guilford	41.3154	-72.6968
CT	Haddam	41.4627	-72.5050
CT	Hadlyme	41.4203	-72.4069
CT	Hamden	41.3620	-72.9361
CT	Hampton	41.7617	-72.0680
CT	Hanover	41.6425	-72.0658
CT	Hartford	41.7636	-72.6855
CT	Harwinton	41.7701	-73.0728
CT	Hawleyville	41.4275	-73.3556
CT	Hebron	41.6842	-72.3986
CT	Higganum	41.4682	-72.5751
CT	Ivoryton	41.3421	-72.4404
CT	Jewett City	41.6052	-71.9808
CT	Kent	41.7316	-73.4583
CT	Killingworth	41.3696	-72.5712
CT	Lakeside	41.6900	-73.2382
CT	Lakeville	41.9516	-73.4377
CT	Lebanon	41.6330	-72.2440
CT	Ledyard	41.4401	-71.9956
CT	Litchfield	41.7541	-73.2000
CT	Madison	41.3090	-72.6153
CT	Manchester	41.7777	-72.5244
CT	Mansfield Center	41.7698	-72.2011
CT	Mansfield Depot	41.8014	-72.3069
CT	Marion	41.5636	-72.9261
CT	Marlborough	41.6412	-72.4609
CT	Mashantucket	41.4757	-71.9574
CT	Meriden	41.5334	-72.7997
CT	Middle Haddam	41.5539	-72.5506
CT	Middlebury	41.5343	-73.1131
CT	Middlefield	41.5168	-72.7186
CT	Middletown	41.5569	-72.6652
CT	Milford	41.2175	-73.0549
CT	Milldale	41.5658	-72.8922
CT	Monroe	41.3312	-73.2243
CT	Montville	41.4453	-72.1265
CT	Moodus	41.5078	-72.4419
CT	Moosup	41.7210	-71.8850
CT	Morris	41.6881	-73.1765
CT	Mystic	41.3616	-71.9774
CT	Naugatuck	41.4920	-73.0493
CT	New Britain	41.6611	-72.7800
CT	New Canaan	41.1510	-73.4944
CT	New Fairfield	41.4730	-73.4978
CT	New Hartford	41.8468	-73.0104
CT	New Haven	41.3080	-72.9286
CT	New London	41.3507	-72.1062
CT	New Milford	41.5817	-73.4128
CT	New Preston Marble Dale	41.6894	-73.3493
CT	Newington	41.6864	-72.7297
CT	Newtown	41.3931	-73.3167
CT	Niantic	41.3253	-72.2108
CT	Norfolk	41.9854	-73.1992
CT	North Branford	41.3280	-72.7760
CT	North Canton	41.9235	-72.9041
CT	North Franklin	41.6161	-72.1425
CT	North Granby	42.0219	-72.8409
CT	North Grosvenordale	41.9879	-71.9027
CT	North Haven	41.3822	-72.8585
CT	North Stonington	41.4531	-71.8727
CT	North Westchester	41.5808	-72.4017
CT	North Windham	41.7451	-72.1601
CT	Northfield	41.7074	-73.1321
CT	Northford	41.3962	-72.7809
CT	Norwalk	41.1222	-73.4358
CT	Norwich	41.5371	-72.0849
CT	Oakdale	41.4706	-72.1904
CT	Oakville	41.5909	-73.0873
CT	Old Greenwich	41.0354	-73.5673
CT	Old Lyme	41.3347	-72.3086
CT	Old Mystic	41.3914	-71.9622
CT	Old Saybrook	41.2913	-72.3850
CT	Oneco	41.6936	-71.8089
CT	Orange	41.2815	-73.0287
CT	Oxford	41.4202	-73.1296
CT	Pawcatuck	41.3735	-71.8478
CT	Pequabuck	41.6728	-72.9936
CT	Pine Meadow	41.8764	-72.9675
CT	Plainfield	41.6775	-71.9220
CT	Plainville	41.6727	-72.8644
CT	Plantsville	41.5797	-72.8990
CT	Plymouth	41.6611	-73.0449
CT	Pomfret	41.8975	-71.9631
CT	Pomfret Center	41.8697	-71.9820
CT	Poquonock	41.9047	-72.6792
CT	Portland	41.5852	-72.6128
CT	Preston	41.5221	-72.0211
CT	Prospect	41.5022	-72.9788
CT	Putnam	41.9185	-71.8968
CT	Quaker Hill	41.4032	-72.1172
CT	Quinebaug	42.0217	-71.9391
CT	Redding	41.3069	-73.3935
CT	Redding Center	41.3044	-73.3808
CT	Redding Ridge	41.3139	-73.3508
CT	Ridgefield	41.2977	-73.4973
CT	Riverside	41.0380	-73.5811
CT	Riverton	41.9614	-73.0255
CT	Rockfall	41.5341	-72.6997
CT	Rocky Hill	41.6583	-72.6632
CT	Rogers	41.8403	-71.9067
CT	Roxbury	41.5509	-73.2993
CT	Salem	41.4966	-72.2725
CT	Salisbury	42.0015	-73.4215
CT	Sandy Hook	41.4087	-73.2485
CT	Scotland	41.6898	-72.0783
CT	Seymour	41.3862	-73.0817
CT	Sharon	41.8714	-73.4578
CT	Shelton	41.3047	-73.1294
CT	Sherman	41.5714	-73.4947
CT	Simsbury	41.8737	-72.8213
CT	Somers	41.9978	-72.4583
CT	Somersville	41.9828	-72.4883
CT	South Britain	41.4708	-73.2519
CT	South Glastonbury	41.6607	-72.5543
CT	South Kent	41.6951	-73.4690
CT	South Lyme	41.3053	-72.2589
CT	South Willington	41.8553	-72.3019
CT	South Windham	41.6677	-72.1681
CT	South Windsor	41.8341	-72.5576
CT	South Woodstock	41.9389	-71.9600
CT	Southbury	41.4767	-73.2241
CT	Southington	41.6052	-72.8727
CT	Southport	41.1364	-73.2839
CT	Stafford	41.9847	-72.2894
CT	Stafford Springs	41.9661	-72.2899
CT	Staffordville	41.9939	-72.2592
CT	Stamford	41.0531	-73.5390
CT	Sterling	41.7156	-71.8196
CT	Stevenson	41.3831	-73.1850
CT	Stonington	41.3664	-71.9155
CT	Storrs Mansfield	41.8054	-72.2572
CT	Stratford	41.2044	-73.1356
CT	Suffield	41.9900	-72.6420
CT	Taconic	42.0356	-73.4083
CT	Taftville	41.5653	-72.0529
CT	Tariffville	41.9077	-72.7678
CT	Terryville	41.6762	-73.0092
CT	Thomaston	41.6786	-73.0886
CT	Thompson	41.9803	-71.8376
CT	Tolland	41.8696	-72.3718
CT	Torrington	41.8131	-73.1156
CT	Trumbull	41.2564	-73.2111
CT	Uncasville	41.4622	-72.1126
CT	Unionville	41.7477	-72.8874
CT	Vernon Rockville	41.8501	-72.4649
CT	Versailles	41.6017	-72.0378
CT	Voluntown	41.5831	-71.8550
CT	Wallingford	41.4600	-72.8222
CT	Washington	41.6346	-73.2935
CT	Washington Depot	41.6559	-73.3274
CT	Waterbury	41.5580	-73.0519
CT	Waterford	41.3469	-72.1458
CT	Watertown	41.6057	-73.1221
CT	Wauregan	41.7442	-71.9097
CT	Weatogue	41.8372	-72.8253
CT	West Cornwall	41.8689	-73.3313
CT	West Granby	41.9655	-72.8555
CT	West Hartford	41.7556	-72.7532
CT	West Hartland	42.0075	-72.9711
CT	West Haven	41.2701	-72.9638
CT	West Mystic	41.3542	-71.9669
CT	West Simsbury	41.8718	-72.8577
CT	West Suffield	42.0115	-72.7362
CT	Westbrook	41.2927	-72.4563
CT	Weston	41.2195	-73.3715
CT	Westport	41.1434	-73.3496
CT	Wethersfield	41.7013	-72.6763
CT	Willimantic	41.7149	-72.2134
CT	Willington	41.8740	-72.2728
CT	Wilton	41.2018	-73.4383
CT	Winchester Center	41.9000	-73.1353
CT	Windham	41.7027	-72.1526
CT	Windsor	41.8525	-72.6442
CT	Windsor Locks	41.9261	-72.6458
CT	Winsted	41.9252	-73.0663
CT	Wolcott	41.5970	-72.9828
CT	Woodbridge	41.3517	-73.0139
CT	Woodbury	41.5521	-73.2083
CT	Woodstock	41.9602	-72.0040
CT	Woodstock Valley	41.9153	-72.0937
CT	Yantic	41.5597	-72.1242
DC	Naval Anacost Annex	38.8950	-77.0366
DC	Washington	38.9122	-77.0177
DC	Washington Navy Yard	38.8742	-76.9943
DE	Bear	39.6102	-75.6747
DE	Bethany Beach	38.5310	-75.0674
DE	Bethel	38.5685	-75.6243
DE	Bridgeville	38.7366	-75.6088
DE	Camden Wyoming	39.0991	-75.5966
DE	Cheswold	39.2192	-75.5861
DE	Claymont	39.8044	-75.4649
DE	Clayton	39.2564	-75.6904
DE	Dagsboro	38.5596	-75.2113
DE	Delaware City	39.5778	-75.5892
DE	Delmar	38.4770	-75.5759
DE	Dover	39.1566	-75.5360
DE	Dover Afb	39.1202	-75.4790
DE	Ellendale	38.8057	-75.4056
DE	Felton	39.0225	-75.5829
DE	Fenwick Island	38.4603	-75.2211
DE	Frankford	38.5177	-75.2006
DE	Frederica	39.0342	-75.4545
DE	Georgetown	38.6790	-75.3932
DE	Greenwood	38.8175	-75.5935
DE	Harbeson	38.6723	-75.2236
DE	Harrington	38.9240	-75.5843
DE	Hartly	39.1542	-75.6935
DE	Hockessin	39.7760	-75.6889
DE	Houston	38.9114	-75.5064
DE	Kenton	39.2275	-75.6633
DE	Kirkwood	39.5717	-75.6967
DE	Laurel	38.5537	-75.5631
DE	Lewes	38.7381	-75.1747
DE	Lincoln	38.8613	-75.4000
DE	Little Creek	39.1669	-75.4486
DE	Magnolia	39.0735	-75.5083
DE	Marydel	39.0998	-75.7287
DE	Middletown	39.4815	-75.6832
DE	Milford	38.9218	-75.4299
DE	Millsboro	38.5934	-75.2555
DE	Millville	38.5589	-75.1078
DE	Milton	38.7687	-75.2953
DE	Montchanin	39.7897	-75.5894
DE	Nassau	38.7519	-75.1881
DE	New Castle	39.6770	-75.5899
DE	Newark	39.6349	-75.6993
DE	Ocean View	38.5555	-75.0965
DE	Odessa	39.4572	-75.6617
DE	Port Penn	39.5167	-75.5769
DE	Rehoboth Beach	38.7147	-75.1073
DE	Rockland	39.7961	-75.5725
DE	Saint Georges	39.5550	-75.6506
DE	Seaford	38.6404	-75.6041
DE	Selbyville	38.4654	-75.1573
DE	Smyrna	39.2934	-75.6008
DE	Townsend	39.3819	-75.6834
DE	Viola	39.0419	-75.5726
DE	Wilmington	39.7378	-75.5497
DE	Winterthur	39.8028	-75.5919
DE	Woodside	39.0714	-75.5686
DE	Yorklyn	39.8081	-75.6758
FL	Alachua	29.7970	-82.4805
FL	Alford	30.7141	-85.3484
FL	Altamonte Springs	28.6627	-81.3719
FL	Altha	30.5319	-85.1704
FL	Altoona	29.0219	-81.6323
FL	Alturas	27.8714	-81.7153
FL	Alva	26.7147	-81.6351
FL	Anna Maria	27.5308	-82.7336
FL	Anthony	29.3048	-82.1262
FL	Apalachicola	29.7255	-85.0063
FL	Apollo Beach	27.7716	-82.4102
FL	Apopka	28.6619	-81.4851
FL	Arcadia	27.1861	-81.8095
FL	Archer	29.5597	-82.5108
FL	Argyle	30.7194	-86.0444
FL	Aripeka	28.4319	-82.6644
FL	Astatula	28.7088	-81.7195
FL	Astor	29.1650	-81.5399
FL	Atlantic Beach	30.3483	-81.4159
FL	Auburndale	28.0724	-81.8122
FL	Avon Park	27.6001	-81.5015
FL	Babson Park	27.8317	-81.5342
FL	Bagdad	30.5986	-87.0311
FL	Baker	30.8316	-86.6770
FL	Balm	27.7592	-82.2614
FL	Barberville	29.1869	-81.4211
FL	Bartow	27.8957	-81.8127
FL	Bascom	30.9514	-85.0972
FL	Bay Pines	27.8139	-82.7783
FL	Bell	29.7837	-82.8711
FL	Belle Glade	26.6843	-80.6724
FL	Belleair Beach	27.9229	-82.8413
FL	Belleview	29.0520	-82.0420
FL	Beverly Hills	28.9166	-82.4583
FL	Big Pine Key	24.6800	-81.3620
FL	Blountstown	30.4394	-85.0620
FL	Boca Grande	26.7486	-82.2622
FL	Boca Raton	26.3583	-80.0833
FL	Bokeelia	26.6627	-82.1401
FL	Bonifay	30.8464	-85.6900
FL	Bonita Springs	26.3869	-81.7330
FL	Bostwick	29.7739	-81.6372
FL	Bowling Green	27.6277	-81.8451
FL	Boynton Beach	26.5250	-80.0666
FL	Bradenton	27.5028	-82.5139
FL	Bradenton Beach	27.5151	-82.7210
FL	Bradley	27.7914	-81.8583
FL	Brandon	27.9378	-82.2861
FL	Branford	29.9395	-82.8993
FL	Bristol	30.4223	-84.9466
FL	Bronson	29.4610	-82.6356
FL	Brooker	29.9190	-82.2956
FL	Brooksville	28.5658	-82.3737
FL	Bryant	26.8589	-80.6339
FL	Bryceville	30.4193	-81.9724
FL	Bunnell	29.4562	-81.3244
FL	Bushnell	28.6611	-82.1553
FL	Callahan	30.5520	-81.8145
FL	Campbellton	30.9563	-85.3766
FL	Canal Point	26.8593	-80.6299
FL	Candler	29.0711	-81.9683
FL	Cantonment	30.6143	-87.3251
FL	Cape Canaveral	28.3903	-80.6043
FL	Cape Coral	26.5775	-81.9522
FL	Captiva	26.7505	-82.2610
FL	Carrabelle	29.8692	-84.6358
FL	Caryville	30.7969	-85.7998
FL	Cassadaga	28.9661	-81.2361
FL	Casselberry	28.6617	-81.3122
FL	Cedar Key	29.1710	-83.0168
FL	Center Hill	28.6635	-81.9963
FL	Century	30.9687	-87.3216
FL	Chattahoochee	30.6834	-84.8280
FL	Chiefland	29.4832	-82.8809
FL	Chipley	30.7107	-85.5486
FL	Chokoloskee	25.8125	-81.3622
FL	Christmas	28.5462	-81.0116
FL	Citra	29.3918	-82.1062
FL	Clarcona	28.6125	-81.4989
FL	Clarksville	30.3568	-85.1898
FL	Clearwater	27.9799	-82.7806
FL	Clearwater Beach	27.9831	-82.8229
FL	Clermont	28.5525	-81.7574
FL	Clewiston	26.7172	-80.9492
FL	Cocoa	28.3672	-80.7465
FL	Cocoa Beach	28.3325	-80.6121
FL	Coconut Creek	26.2441	-80.2066
FL	Coleman	28.7994	-82.0703
FL	Copeland	25.9533	-81.3561
FL	Cortez	27.4727	-82.7006
FL	Cottondale	30.8004	-85.3847
FL	Crawfordville	30.1758	-84.3753
FL	Crescent City	29.4454	-81.5579
FL	Crestview	30.7706	-86.5537
FL	Cross City	29.6342	-83.1253
FL	Crystal Beach	28.0911	-82.7800
FL	Crystal River	28.9593	-82.6259
FL	Crystal Springs	28.1811	-82.1578
FL	Cypress	30.7131	-85.0739
FL	Dade City	28.4297	-82.2082
FL	Dania	26.0476	-80.1447
FL	Davenport	28.2200	-81.6205
FL	Day	30.1497	-83.2851
FL	Daytona Beach	29.2012	-81.0371
FL	De Leon Springs	29.1166	-81.3488
FL	Debary	28.8846	-81.3065
FL	Deerfield Beach	26.3096	-80.0992
FL	Defuniak Springs	30.7518	-86.1380
FL	Deland	29.0266	-81.3349
FL	Delray Beach	26.4564	-80.0793
FL	Deltona	28.8989	-81.2473
FL	Destin	30.3920	-86.4834
FL	Doctors Inlet	30.1000	-81.7764
FL	Dover	27.9920	-82.2138
FL	Dundee	28.0194	-81.6212
FL	Dunedin	28.0194	-82.7719
FL	Dunnellon	28.9965	-82.5090
FL	Durant	27.9083	-82.1864
FL	Eagle Lake	27.9787	-81.7564
FL	Earleton	29.7222	-82.1138
FL	East Palatka	29.6609	-81.5879
FL	Eastlake Weir	29.0200	-81.9083
FL	Eastpoint	29.7339	-84.8701
FL	Eaton Park	28.0083	-81.9078
FL	Ebro	30.4352	-85.8881
FL	Edgar	29.6236	-81.8906
FL	Edgewater	28.9818	-80.9103
FL	Eglin Afb	30.4794	-86.6160
FL	El Jobean	26.9761	-82.1996
FL	Elfers	28.2164	-82.7225
FL	Elkton	29.7882	-81.4620
FL	Ellenton	27.5382	-82.5006
FL	Englewood	26.9250	-82.3117
FL	Estero	26.4351	-81.8102
FL	Eustis	28.8577	-81.6451
FL	Everglades City	25.8597	-81.3806
FL	Evinston	29.4867	-82.2314
FL	Fairfield	29.3667	-82.2514
FL	Fedhaven	27.8728	-81.4714
FL	Felda	26.5394	-81.4358
FL	Fellsmere	27.7643	-80.6019
FL	Fernandina Beach	30.6354	-81.4688
FL	Ferndale	28.6000	-81.6742
FL	Flagler Beach	29.4750	-81.1303
FL	Fleming Island	30.1070	-81.7167
FL	Florahome	29.7581	-81.8622
FL	Floral City	28.7497	-82.2969
FL	Fort Lauderdale	26.1216	-80.1288
FL	Fort Mc Coy	29.2796	-81.8878
FL	Fort Meade	27.7464	-81.7823
FL	Fort Myers	26.6204	-81.8725
FL	Fort Myers Beach	26.4520	-81.9245
FL	Fort Ogden	27.0869	-81.9525
FL	Fort Pierce	27.4382	-80.4440
FL	Fort Walton Beach	30.4473	-86.6275
FL	Fort White	29.9207	-82.6879
FL	Fountain	30.4753	-85.4293
FL	Freeport	30.4896	-86.1684
FL	Frostproof	27.7211	-81.5148
FL	Fruitland Park	28.8639	-81.8998
FL	Gainesville	29.6450	-82.3100
FL	Geneva	28.7503	-81.1114
FL	Georgetown	29.4033	-81.6298
FL	Gibsonton	27.8411	-82.3698
FL	Glen Saint Mary	30.2861	-82.2041
FL	Glenwood	29.0858	-81.3544
FL	Goldenrod	28.6128	-81.2939
FL	Gonzalez	30.5814	-87.2914
FL	Goodland	25.9244	-81.6458
FL	Gotha	28.5275	-81.5233
FL	Graceville	30.9426	-85.5136
FL	Graham	29.8600	-82.2186
FL	Grand Island	28.8866	-81.7391
FL	Grand Ridge	30.7148	-85.0210
FL	Grandin	29.7275	-81.9186
FL	Grant	27.9286	-80.5267
FL	Green Cove Springs	30.0042	-81.7262
FL	Greensboro	30.5692	-84.7433
FL	Greenville	30.4512	-83.6474
FL	Greenwood	30.8525	-85.1555
FL	Gretna	30.6169	-84.6600
FL	Groveland	28.5644	-81.8745
FL	Gulf Breeze	30.3847	-87.0439
FL	Gulf Hammock	29.2528	-82.7311
FL	Haines City	28.0951	-81.6147
FL	Hallandale	25.9808	-80.1486
FL	Hampton	29.8575	-82.1483
FL	Hastings	29.7051	-81.4909
FL	Havana	30.6092	-84.4143
FL	Hawthorne	29.5740	-82.1056
FL	Hernando	28.8997	-82.3747
FL	Hialeah	25.9050	-80.3049
FL	High Springs	29.8410	-82.6156
FL	Highland City	27.9650	-81.8781
FL	Hilliard	30.6884	-81.9345
FL	Hobe Sound	27.0813	-80.1509
FL	Holder	28.9667	-82.4208
FL	Holiday	28.1913	-82.7279
FL	Hollister	29.6225	-81.8139
FL	Hollywood	26.0070	-80.1219
FL	Holmes Beach	27.4667	-82.7042
FL	Holt	30.7252	-86.7046
FL	Homeland	27.8175	-81.8247
FL	Homestead	25.4766	-80.4839
FL	Homosassa	28.7488	-82.5318
FL	Homosassa Springs	28.8033	-82.5761
FL	Horseshoe Beach	29.4869	-83.2616
FL	Hosford	30.3639	-84.8054
FL	Howey In The Hills	28.7098	-81.7900
FL	Hudson	28.3648	-82.6757
FL	Hurlburt Field	30.4283	-86.6883
FL	Immokalee	26.3751	-81.3678
FL	Indialantic	28.1091	-80.5787
FL	Indian Lake Estates	27.8136	-81.3786
FL	Indian Rocks Beach	27.8840	-82.8455
FL	Indiantown	27.0615	-80.4803
FL	Inglis	29.0300	-82.6689
FL	Intercession City	28.2622	-81.5081
FL	Interlachen	29.6270	-81.8894
FL	Inverness	28.8337	-82.2896
FL	Islamorada	24.9233	-80.6300
FL	Island Grove	29.4533	-82.1067
FL	Istachatta	28.6597	-82.2778
FL	Jacksonville	30.3163	-81.4175
FL	Jacksonville Beach	30.2944	-81.3933
FL	Jasper	30.5029	-82.9322
FL	Jay	30.8985	-87.1332
FL	Jennings	30.5482	-83.1350
FL	Jensen Beach	27.2356	-80.2277
FL	Jupiter	26.9339	-80.1201
FL	Kathleen	28.2052	-82.0435
FL	Kenansville	27.8767	-81.0500
FL	Key Biscayne	25.6921	-80.1625
FL	Key Colony Beach	24.7205	-81.0188
FL	Key Largo	25.1402	-80.4061
FL	Key West	24.5653	-81.7622
FL	Keystone Heights	29.7976	-81.9899
FL	Killarney	28.5469	-81.6506
FL	Kissimmee	28.3051	-81.4242
FL	La Crosse	29.8431	-82.4050
FL	Labelle	26.7321	-81.4340
FL	Lacoochee	28.4656	-82.1722
FL	Lady Lake	28.9172	-81.9230
FL	Lake Alfred	28.0895	-81.7271
FL	Lake Butler	30.0035	-82.3828
FL	Lake City	30.0949	-82.7117
FL	Lake Como	29.4836	-81.5731
FL	Lake Geneva	29.7719	-82.0103
FL	Lake Hamilton	28.0442	-81.6281
FL	Lake Harbor	26.6933	-80.8050
FL	Lake Helen	28.9806	-81.2334
FL	Lake Mary	28.7524	-81.3381
FL	Lake Monroe	28.8244	-81.3272
FL	Lake Panasoffkee	28.7953	-82.1363
FL	Lake Placid	27.2945	-81.3649
FL	Lake Wales	27.9037	-81.5488
FL	Lake Worth	26.6155	-80.1469
FL	Lakeland	28.0381	-81.9392
FL	Lamont	30.3653	-83.9003
FL	Lanark Village	29.8833	-84.5958
FL	Land O Lakes	28.2682	-82.4650
FL	Largo	27.9163	-82.7996
FL	Laurel	27.1300	-82.4533
FL	Laurel Hill	30.9524	-86.4003
FL	Lawtey	30.0472	-82.1055
FL	Lecanto	28.9303	-82.4905
FL	Lee	30.3979	-83.2844
FL	Leesburg	28.8080	-81.8858
FL	Lehigh Acres	26.6153	-81.6105
FL	Lighthouse Point	26.2787	-80.1124
FL	Lithia	27.8293	-82.1357
FL	Live Oak	30.2866	-83.0250
FL	Lloyd	30.4772	-84.0219
FL	Lochloosa	29.5114	-82.1006
FL	Long Key	24.6244	-82.8633
FL	Longboat Key	27.3867	-82.6384
FL	Longwood	28.7120	-81.3552
FL	Lorida	27.4150	-81.1965
FL	Loughman	28.2417	-81.5669
FL	Lowell	29.3303	-82.1917
FL	Loxahatchee	26.7383	-80.2760
FL	Lulu	30.0754	-82.5385
FL	Lutz	28.1430	-82.4752
FL	Lynn Haven	30.2362	-85.6467
FL	Macclenny	30.2737	-82.1325
FL	Madison	30.4802	-83.4067
FL	Maitland	28.6313	-81.3546
FL	Malabar	28.0033	-80.5658
FL	Malone	30.9602	-85.1639
FL	Mango	27.9794	-82.3067
FL	Marathon	24.7279	-81.0386
FL	Marathon Shores	24.7117	-81.0910
FL	Marco Island	25.9392	-81.7174
FL	Marianna	30.7586	-85.2294
FL	Mary Esther	30.4122	-86.7127
FL	Mascotte	28.5781	-81.8869
FL	Mayo	30.0400	-83.1462
FL	Mc Alpin	30.1509	-82.9662
FL	Mc David	30.8700	-87.4496
FL	Mc Intosh	29.4506	-82.2200
FL	Melbourne	28.0691	-80.6200
FL	Melbourne Beach	28.0219	-80.5389
FL	Melrose	29.7325	-82.0279
FL	Merritt Island	28.3286	-80.6782
FL	Mexico Beach	29.9478	-85.4181
FL	Miami	25.7790	-80.1982
FL	Miami Beach	25.7611	-80.1403
FL	Micanopy	29.5260	-82.2797
FL	Mid Florida	28.7461	-81.6672
FL	Middleburg	30.0686	-81.8606
FL	Midway	30.4953	-84.4544
FL	Milligan	30.7522	-86.6408
FL	Milton	30.6604	-87.0473
FL	Mims	28.6974	-80.8663
FL	Minneola	28.5742	-81.7464
FL	Miramar Beach	30.3823	-86.3509
FL	Molino	30.7239	-87.3142
FL	Monticello	30.5197	-83.8925
FL	Montverde	28.5972	-81.6794
FL	Moore Haven	26.8327	-81.2188
FL	Morriston	29.2813	-82.4917
FL	Mossy Head	30.7617	-86.3228
FL	Mount Dora	28.8022	-81.6447
FL	Mulberry	27.9020	-82.0015
FL	Murdock	27.0125	-82.1464
FL	Myakka City	27.3648	-82.1849
FL	Nalcrest	27.8581	-81.4253
FL	Naples	26.1377	-81.7966
FL	Navarre	30.5903	-86.9371
FL	Neptune Beach	30.3155	-81.4051
FL	New Port Richey	28.2326	-82.7327
FL	New Smyrna Beach	29.0247	-80.9584
FL	Newberry	29.6609	-82.5852
FL	Niceville	30.4958	-86.4145
FL	Nichols	27.8900	-82.0317
FL	Nobleton	28.6453	-82.2642
FL	Nocatee	27.1600	-81.8825
FL	Nokomis	27.1189	-82.4444
FL	Noma	30.9819	-85.6186
FL	North Fort Myers	26.6781	-81.9096
FL	North Miami Beach	25.9361	-80.1351
FL	North Palm Beach	26.8289	-80.0603
FL	North Port	27.0781	-82.1735
FL	O Brien	30.0381	-82.9300
FL	Oak Hill	28.8700	-80.8551
FL	Oakland	28.5547	-81.6333
FL	Ocala	29.1981	-82.0974
FL	Ochopee	25.9811	-81.1211
FL	Ocklawaha	29.0643	-81.8857
FL	Ocoee	28.5837	-81.5326
FL	Odessa	28.1421	-82.5905
FL	Okahumpka	28.7373	-81.8839
FL	Okeechobee	27.3115	-80.8479
FL	Old Town	29.6246	-83.0574
FL	Oldsmar	28.0460	-82.6848
FL	Olustee	30.2039	-82.4289
FL	Ona	27.4127	-81.9280
FL	Oneco	27.4472	-82.5464
FL	Opa Locka	25.9097	-80.2470
FL	Orange City	28.9453	-81.2995
FL	Orange Lake	29.4250	-82.2167
FL	Orange Park	30.1044	-81.7145
FL	Orange Springs	29.5058	-81.9456
FL	Orlando	28.4988	-80.5825
FL	Ormond Beach	29.2855	-81.0561
FL	Osprey	27.1838	-82.4853
FL	Osteen	28.8426	-81.1562
FL	Otter Creek	29.3247	-82.7719
FL	Oviedo	28.6697	-81.2083
FL	Oxford	28.9272	-82.0375
FL	Ozona	28.0692	-82.7758
FL	Pahokee	26.8142	-80.6629
FL	Paisley	28.9993	-81.5030
FL	Palatka	29.6577	-81.6595
FL	Palm Bay	28.0146	-80.5991
FL	Palm Beach	26.7206	-80.0388
FL	Palm Beach Gardens	26.8444	-80.0873
FL	Palm City	27.1656	-80.2916
FL	Palm Coast	29.5847	-81.2080
FL	Palm Harbor	28.0778	-82.7639
FL	Palmdale	26.9450	-81.3164
FL	Palmetto	27.5211	-82.5725
FL	Panacea	30.0153	-84.3912
FL	Panama City	30.1606	-85.6494
FL	Panama City Beach	30.1946	-85.7920
FL	Parrish	27.5572	-82.3960
FL	Patrick Afb	28.2599	-80.6071
FL	Paxton	30.9814	-86.3075
FL	Pembroke Pines	26.0229	-80.2974
FL	Penney Farms	29.9794	-81.8106
FL	Pensacola	30.4223	-87.2248
FL	Perry	30.0975	-83.5850
FL	Pierson	29.2226	-81.4353
FL	Pineland	26.6603	-82.1536
FL	Pinellas Park	27.8387	-82.7151
FL	Pinetta	30.5997	-83.3405
FL	Placida	26.8193	-82.2616
FL	Plant City	28.0168	-82.1289
FL	Plymouth	28.6919	-81.5475
FL	Point Washington	30.3700	-86.1150
FL	Polk City	28.1987	-81.8083
FL	Pomona Park	29.5021	-81.6307
FL	Pompano Beach	26.2315	-80.1235
FL	Ponce De Leon	30.7041	-85.9546
FL	Ponte Vedra	30.0980	-81.4395
FL	Ponte Vedra Beach	30.2394	-81.3858
FL	Port Charlotte	26.9827	-82.1412
FL	Port Orange	29.1214	-80.9767
FL	Port Richey	28.3011	-82.6927
FL	Port Saint Joe	29.8354	-85.2988
FL	Port Saint Lucie	27.2889	-80.2980
FL	Port Salerno	27.1439	-80.2008
FL	Punta Gorda	26.9152	-82.0532
FL	Putnam Hall	29.7364	-81.9594
FL	Quincy	30.5867	-84.6094
FL	Raiford	30.0636	-82.2367
FL	Reddick	29.3754	-82.2440
FL	River Ranch	27.8825	-81.4742
FL	Riverview	27.8658	-82.3267
FL	Rockledge	28.3134	-80.7319
FL	Roseland	27.8356	-80.4933
FL	Rosemary Beach	30.2833	-86.0306
FL	Rotonda West	26.9004	-82.2938
FL	Ruskin	27.7015	-82.4355
FL	Safety Harbor	28.0096	-82.6967
FL	Saint Augustine	29.8364	-81.2745
FL	Saint Cloud	28.2480	-81.2876
FL	Saint James City	26.5290	-82.0916
FL	Saint Johns	30.0956	-81.6217
FL	Saint Leo	28.3369	-82.2586
FL	Saint Marks	30.1608	-84.2064
FL	Saint Petersburg	27.7723	-82.6386
FL	Salem	29.8238	-83.3858
FL	San Antonio	28.3371	-82.2882
FL	San Mateo	29.5888	-81.5921
FL	Sanderson	30.3025	-82.3377
FL	Sanford	28.8013	-81.2850
FL	Sanibel	26.4514	-82.0868
FL	Santa Rosa Beach	30.3659	-86.2458
FL	Sarasota	27.4072	-82.5303
FL	Satellite Beach	28.1786	-80.5987
FL	Satsuma	29.5594	-81.6406
FL	Scottsmoor	28.7667	-80.8783
FL	Sebastian	27.8781	-80.5161
FL	Sebring	27.4924	-81.4357
FL	Seffner	27.9833	-82.2758
FL	Seminole	27.8438	-82.7947
FL	Seville	29.3201	-81.5279
FL	Shady Grove	30.2878	-83.6319
FL	Shalimar	30.4456	-86.5717
FL	Sharpes	28.4319	-80.7603
FL	Silver Springs	29.2076	-81.9219
FL	Sneads	30.7276	-84.9337
FL	Sopchoppy	30.0714	-84.4549
FL	Sorrento	28.8035	-81.5323
FL	South Bay	26.6701	-80.7312
FL	Sparr	29.3383	-82.1128
FL	Spring Hill	28.4655	-82.5981
FL	Starke	29.9583	-82.1185
FL	Steinhatchee	29.6739	-83.3723
FL	Stuart	27.1968	-80.2538
FL	Sumatra	30.0200	-84.9792
FL	Summerfield	28.9958	-82.0214
FL	Summerland Key	24.6553	-81.4936
FL	Sumterville	28.7447	-82.0636
FL	Sun City	27.6781	-82.4789
FL	Sun City Center	27.7205	-82.4333
FL	Suwannee	29.3286	-83.1444
FL	Sydney	27.9631	-82.2075
FL	Tallahassee	30.4286	-84.2593
FL	Tallevast	27.4014	-82.5431
FL	Tampa	28.0879	-82.4593
FL	Tangerine	28.7647	-81.6308
FL	Tarpon Springs	28.1458	-82.7569
FL	Tavares	28.8010	-81.7340
FL	Tavernier	25.0108	-80.5218
FL	Telogia	30.3506	-84.8192
FL	Terra Ceia	27.5792	-82.5806
FL	The Villages	28.9335	-82.0046
FL	Thonotosassa	28.0617	-82.3082
FL	Titusville	28.5697	-80.8191
FL	Trenton	29.6264	-82.8093
FL	Trilby	28.4622	-82.1950
FL	Umatilla	28.9314	-81.6717
FL	Valparaiso	30.5092	-86.5009
FL	Valrico	27.9124	-82.2466
FL	Vanderbilt Beach	26.1627	-81.7912
FL	Venice	27.0993	-82.4489
FL	Venus	27.1346	-81.3594
FL	Vernon	30.6267	-85.7553
FL	Vero Beach	27.6330	-80.4031
FL	Wabasso	27.7481	-80.4364
FL	Wacissa	30.3583	-83.9872
FL	Waldo	29.7871	-82.1608
FL	Wauchula	27.5517	-81.8074
FL	Wausau	30.6319	-85.5889
FL	Waverly	27.9786	-81.6142
FL	Webster	28.5775	-82.0930
FL	Weirsdale	28.9782	-81.8932
FL	Welaka	29.4789	-81.6717
FL	Wellborn	30.1796	-82.8505
FL	Wesley Chapel	28.2104	-82.2890
FL	West Palm Beach	26.7140	-80.0659
FL	Westville	30.8747	-85.9130
FL	Wewahitchka	30.2632	-85.2065
FL	White Springs	30.3387	-82.7765
FL	Wildwood	28.8454	-82.0347
FL	Williston	29.3977	-82.4856
FL	Wimauma	27.7015	-82.3151
FL	Windermere	28.5006	-81.5354
FL	Winter Beach	27.7189	-80.4208
FL	Winter Garden	28.4867	-81.6051
FL	Winter Haven	27.9993	-81.7515
FL	Winter Park	28.5978	-81.3534
FL	Winter Springs	28.6831	-81.2814
FL	Woodville	30.3139	-84.2475
FL	Worthington Springs	29.9292	-82.4236
FL	Yalaha	28.7444	-81.8263
FL	Yankeetown	29.0297	-82.7161
FL	Youngstown	30.3269	-85.5169
FL	Yulee	30.6317	-81.6067
FL	Zellwood	28.7194	-81.5762
FL	Zephyrhills	28.2333	-82.1813
FL	Zolfo Springs	27.4800	-81.7423
GA	Abbeville	31.9648	-83.3068
GA	Acworth	34.0658	-84.6769
GA	Adairsville	34.3595	-84.9176
GA	Adel	31.1251	-83.4213
GA	Adrian	32.5635	-82.5695
GA	Ailey	32.2143	-82.4762
GA	Alamo	32.1330	-82.7944
GA	Alapaha	31.3940	-83.2132
GA	Albany	31.5678	-84.1619
GA	Allenhurst	31.7741	-81.6186
GA	Allentown	32.6538	-83.1898
GA	Alma	31.5465	-82.4633
GA	Alpharetta	34.1048	-84.2949
GA	Alston	32.0806	-82.4778
GA	Alto	34.4591	-83.6020
GA	Ambrose	31.5367	-82.9976
GA	Americus	32.0881	-84.2362
GA	Andersonville	32.1299	-84.1010
GA	Appling	33.6271	-82.2856
GA	Arabi	31.8629	-83.7286
GA	Aragon	34.0666	-85.0696
GA	Argyle	31.0739	-82.6486
GA	Arlington	31.4397	-84.7250
GA	Armuchee	34.4411	-85.1843
GA	Arnoldsville	33.8803	-83.2341
GA	Ashburn	31.7059	-83.6608
GA	Athens	33.9761	-83.3632
GA	Atlanta	33.7498	-84.3169
GA	Attapulgus	30.7489	-84.4839
GA	Auburn	34.0136	-83.8278
GA	Augusta	33.5117	-82.0995
GA	Austell	33.8337	-84.6252
GA	Avera	33.1410	-82.5150
GA	Avondale Estates	33.7717	-84.2607
GA	Axson	31.3035	-82.7319
GA	Baconton	31.3878	-84.1135
GA	Bainbridge	30.9355	-84.5809
GA	Baldwin	34.4564	-83.5298
GA	Ball Ground	34.3393	-84.3758
GA	Barnesville	33.0457	-84.1515
GA	Barney	31.0074	-83.5219
GA	Bartow	32.8632	-82.4708
GA	Barwick	30.8919	-83.7383
GA	Baxley	31.7837	-82.3486
GA	Bellville	32.1522	-81.9744
GA	Berlin	31.0681	-83.6239
GA	Bethlehem	33.9261	-83.7282
GA	Bishop	33.8081	-83.4777
GA	Blackshear	31.2931	-82.2617
GA	Blairsville	34.8763	-83.9920
GA	Blakely	31.3775	-84.9342
GA	Bloomingdale	32.1177	-81.3085
GA	Blue Ridge	34.8555	-84.3281
GA	Bluffton	31.5228	-84.8678
GA	Blythe	33.2941	-82.2030
GA	Bogart	33.9340	-83.5055
GA	Bolingbroke	32.9492	-83.8033
GA	Bonaire	32.5460	-83.6047
GA	Boneville	33.4333	-82.4389
GA	Boston	30.7855	-83.7971
GA	Bostwick	33.7372	-83.5144
GA	Bowdon	33.5373	-85.2533
GA	Bowdon Junction	33.6631	-85.1469
GA	Bowersville	34.3996	-83.0484
GA	Bowman	34.1919	-83.0284
GA	Box Springs	32.5656	-84.6130
GA	Braselton	34.1389	-83.7812
GA	Bremen	33.7309	-85.1286
GA	Brinson	30.9767	-84.7378
GA	Bristol	31.4028	-82.2496
GA	Bronwood	31.8308	-84.3644
GA	Brookfield	31.4183	-83.3911
GA	Brooklet	32.2940	-81.6280
GA	Brooks	33.2984	-84.4769
GA	Broxton	31.6484	-82.9050
GA	Brunswick	31.1697	-81.4930
GA	Buchanan	33.8283	-85.1506
GA	Buckhead	33.5368	-83.3435
GA	Buena Vista	32.3542	-84.5273
GA	Buford	34.1313	-84.0267
GA	Butler	32.5726	-84.2343
GA	Byromville	32.1852	-83.8991
GA	Byron	32.6474	-83.7622
GA	Cadwell	32.3174	-83.0268
GA	Cairo	30.9517	-84.2048
GA	Calhoun	34.4965	-84.9345
GA	Calvary	30.7267	-84.3497
GA	Camak	33.4533	-82.6461
GA	Camilla	31.2199	-84.2297
GA	Canon	34.3478	-83.1267
GA	Canton	34.2059	-84.4578
GA	Carlton	33.9852	-83.0038
GA	Carnesville	34.3947	-83.2792
GA	Carrollton	33.5809	-85.0792
GA	Cartersville	34.1870	-84.8204
GA	Cassville	34.2447	-84.8522
GA	Cataula	32.6242	-84.9207
GA	Cave Spring	34.1167	-85.3379
GA	Cecil	31.0453	-83.3922
GA	Cedar Springs	31.1833	-85.0381
GA	Cedartown	34.0112	-85.2459
GA	Centerville	32.6344	-83.6768
GA	Chatsworth	34.7589	-84.7943
GA	Chauncey	32.0835	-83.0508
GA	Cherrylog	34.7737	-84.4431
GA	Chester	32.3982	-83.1740
GA	Chestnut Mountain	34.2275	-83.8844
GA	Chickamauga	34.8580	-85.3221
GA	Chula	31.5439	-83.5509
GA	Cisco	34.8474	-84.7174
GA	Clarkdale	33.8308	-84.6497
GA	Clarkesville	34.6450	-83.5243
GA	Clarkston	33.8101	-84.2388
GA	Claxton	32.1650	-81.9080
GA	Clayton	34.8826	-83.4065
GA	Clermont	34.4761	-83.7853
GA	Cleveland	34.5839	-83.7500
GA	Climax	30.8758	-84.4314
GA	Clinchfield	32.4133	-83.6383
GA	Clyo	32.5126	-81.3086
GA	Cobb	31.9617	-83.9581
GA	Cobbtown	32.2642	-82.1333
GA	Cochran	32.3981	-83.3229
GA	Cohutta	34.9326	-84.9458
GA	Colbert	34.0382	-83.2191
GA	Coleman	31.6728	-84.8892
GA	Collins	32.1852	-82.1095
GA	Colquitt	31.1711	-84.7333
GA	Columbus	32.4730	-84.9795
GA	Comer	34.0888	-83.1220
GA	Commerce	34.2216	-83.3874
GA	Concord	33.0998	-84.4470
GA	Conley	33.6447	-84.3258
GA	Conyers	33.6947	-84.0152
GA	Coolidge	30.9859	-83.8752
GA	Coosa	34.2544	-85.3544
GA	Cordele	31.9633	-83.7825
GA	Cornelia	34.5209	-83.5453
GA	Cotton	31.1614	-84.0669
GA	Covington	33.5817	-83.8467
GA	Crandall	34.9412	-84.7645
GA	Crawford	33.9095	-83.1893
GA	Crawfordville	33.5708	-82.8872
GA	Crescent	31.4967	-81.3892
GA	Culloden	32.8301	-84.0456
GA	Cumming	34.2470	-84.1812
GA	Cusseta	32.2990	-84.7645
GA	Cuthbert	31.7711	-84.7894
GA	Dacula	33.9886	-83.8981
GA	Dahlonega	34.5299	-83.9798
GA	Daisy	32.1517	-81.8347
GA	Dallas	33.9163	-84.8278
GA	Dalton	34.7697	-84.9702
GA	Damascus	31.2989	-84.7189
GA	Danielsville	34.1708	-83.2758
GA	Danville	32.5930	-83.3033
GA	Darien	31.3826	-81.4312
GA	Davisboro	32.9443	-82.6227
GA	Dawson	31.7733	-84.4467
GA	Dawsonville	34.3943	-84.1037
GA	De Soto	31.9502	-84.0271
GA	Dearing	33.4070	-82.3955
GA	Decatur	33.7699	-84.2950
GA	Demorest	34.5756	-83.5696
GA	Denton	31.7458	-82.7201
GA	Dewy Rose	34.1721	-82.9409
GA	Dexter	32.4356	-83.0528
GA	Dillard	34.9797	-83.3801
GA	Dixie	30.7722	-83.6792
GA	Doerun	31.3136	-83.9253
GA	Donalsonville	31.0403	-84.8792
GA	Douglas	31.4973	-82.8465
GA	Douglasville	33.7494	-84.7459
GA	Dover	32.5769	-81.7153
GA	Dry Branch	32.7050	-83.4951
GA	Du Pont	31.0000	-82.8555
GA	Dublin	32.5478	-82.9037
GA	Dudley	32.5259	-83.0899
GA	Duluth	34.0243	-84.1484
GA	East Dublin	32.5475	-82.8683
GA	East Ellijay	34.6826	-84.4731
GA	Eastanollee	34.5037	-83.2587
GA	Eastman	32.2084	-83.1860
GA	Eatonton	33.3127	-83.3628
GA	Eden	32.1736	-81.3908
GA	Edison	31.5581	-84.7383
GA	Elberton	34.1082	-82.8448
GA	Elko	32.3336	-83.7304
GA	Ellabell	32.1273	-81.4983
GA	Ellaville	32.2390	-84.3039
GA	Ellenton	31.1758	-83.5875
GA	Ellenwood	33.6100	-84.2881
GA	Ellerslie	32.6617	-84.8772
GA	Ellijay	34.6725	-84.5003
GA	Emerson	34.1200	-84.7570
GA	Enigma	31.3736	-83.3552
GA	Epworth	34.9442	-84.4416
GA	Esom Hill	33.9489	-85.3878
GA	Eton	34.8250	-84.7633
GA	Evans	33.5412	-82.1398
GA	Experiment	33.2653	-84.2817
GA	Fairburn	33.5648	-84.5809
GA	Fairmount	34.4652	-84.7669
GA	Fargo	30.7166	-82.5801
GA	Farmington	33.7761	-83.4236
GA	Fayetteville	33.4481	-84.4636
GA	Felton	33.8871	-85.2208
GA	Fitzgerald	31.7248	-83.2495
GA	Fleming	31.8645	-81.4232
GA	Flintstone	34.9252	-85.3524
GA	Flovilla	33.2500	-83.9079
GA	Flowery Branch	34.1819	-83.9024
GA	Folkston	30.8508	-82.0116
GA	Forest Park	33.6211	-84.3658
GA	Forsyth	33.0508	-83.9362
GA	Fort Benning	32.3697	-84.9453
GA	Fort Gaines	31.6089	-85.0472
GA	Fort Oglethorpe	34.9641	-85.2428
GA	Fort Stewart	31.9791	-81.4405
GA	Fort Valley	32.5496	-83.8887
GA	Fortson	32.6288	-85.0017
GA	Fowlstown	30.8033	-84.5500
GA	Franklin	33.2911	-85.1055
GA	Franklin Springs	34.2847	-83.1444
GA	Funston	31.1997	-83.8736
GA	Gainesville	34.3073	-83.8256
GA	Garfield	32.6008	-82.0856
GA	Gay	33.1499	-84.5806
GA	Geneva	32.5797	-84.5508
GA	Georgetown	31.9794	-81.2319
GA	Gibson	33.2471	-82.5766
GA	Gillsville	34.3001	-83.6757
GA	Girard	33.0437	-81.7106
GA	Glenn	33.1542	-85.2031
GA	Glennville	31.9467	-81.9483
GA	Glenwood	32.1572	-82.6759
GA	Good Hope	33.7613	-83.5950
GA	Gordon	32.9092	-83.3204
GA	Gough	33.0917	-82.2267
GA	Gracewood	33.3725	-82.0322
GA	Grantville	33.2473	-84.8350
GA	Gray	33.0172	-83.5400
GA	Grayson	33.8942	-83.9558
GA	Graysville	34.9764	-85.1414
GA	Greensboro	33.5637	-83.1702
GA	Greenville	33.0372	-84.7422
GA	Griffin	33.2549	-84.2728
GA	Grovetown	33.4766	-82.2409
GA	Guyton	32.3140	-81.3896
GA	Haddock	33.0519	-83.4312
GA	Hagan	32.1558	-81.9339
GA	Hahira	30.9416	-83.3574
GA	Hamilton	32.7418	-84.8848
GA	Hampton	33.4124	-84.2947
GA	Haralson	33.2264	-84.5714
GA	Hardwick	33.0681	-83.2236
GA	Harlem	33.4170	-82.3097
GA	Harrison	32.8420	-82.7159
GA	Hartsfield	31.2173	-83.9704
GA	Hartwell	34.3571	-82.9296
GA	Hawkinsville	32.2778	-83.4948
GA	Hazlehurst	31.8606	-82.5909
GA	Helen	34.6866	-83.7399
GA	Helena	32.0781	-82.9178
GA	Hephzibah	33.3433	-82.0887
GA	Hiawassee	34.9377	-83.7478
GA	High Shoals	33.8208	-83.5061
GA	Hillsboro	33.1800	-83.6871
GA	Hinesville	31.8488	-81.5971
GA	Hiram	33.8673	-84.7699
GA	Hoboken	31.1838	-82.1838
GA	Hogansville	33.1644	-84.9309
GA	Holly Springs	34.1739	-84.5014
GA	Homer	34.3563	-83.4974
GA	Homerville	31.0450	-82.7431
GA	Hortense	31.3199	-81.9596
GA	Hoschton	34.0866	-83.7803
GA	Howard	32.5958	-84.3844
GA	Hull	34.0478	-83.3110
GA	Ideal	32.3930	-84.1481
GA	Ila	34.1725	-83.2922
GA	Iron City	31.0133	-84.8131
GA	Irwinton	32.8088	-83.1740
GA	Irwinville	31.6542	-83.4017
GA	Jackson	33.2820	-83.9784
GA	Jacksonville	31.8481	-82.9750
GA	Jakin	31.0908	-84.9822
GA	Jasper	34.4620	-84.4759
GA	Jefferson	34.1062	-83.5708
GA	Jeffersonville	32.7411	-83.3859
GA	Jekyll Island	31.0740	-81.4128
GA	Jenkinsburg	33.3186	-84.0261
GA	Jersey	33.7156	-83.7989
GA	Jesup	31.6043	-81.8871
GA	Jewell	33.3288	-82.7328
GA	Jonesboro	33.5242	-84.3590
GA	Juliette	33.1194	-83.8235
GA	Junction City	32.6080	-84.4574
GA	Kathleen	32.4672	-83.6128
GA	Kennesaw	34.0287	-84.6047
GA	Keysville	33.1719	-82.1834
GA	Kings Bay	30.7917	-81.4969
GA	Kingsland	30.7977	-81.7075
GA	Kingston	34.2501	-84.9973
GA	Kite	32.7078	-82.5274
GA	Knoxville	32.6472	-83.9430
GA	La Fayette	34.6920	-85.2602
GA	Lagrange	33.0340	-85.0395
GA	Lake Park	30.6906	-83.1753
GA	Lakeland	31.0381	-83.0889
GA	Lakemont	34.7617	-83.4038
GA	Lavonia	34.4528	-83.1130
GA	Lawrenceville	33.9435	-83.9643
GA	Leary	31.4856	-84.5139
GA	Lebanon	34.1428	-84.5094
GA	Leesburg	31.6812	-84.1593
GA	Lenox	31.2664	-83.4481
GA	Leslie	31.9540	-84.0783
GA	Lexington	33.8799	-83.0858
GA	Lilburn	33.8739	-84.1173
GA	Lilly	32.1469	-83.8775
GA	Lincolnton	33.7773	-82.4435
GA	Lindale	34.1707	-85.1825
GA	Lithia Springs	33.7939	-84.6606
GA	Lithonia	33.6823	-84.1610
GA	Lizella	32.7773	-83.8250
GA	Locust Grove	33.3449	-84.0982
GA	Loganville	33.8389	-83.8981
GA	Lookout Mountain	34.9335	-85.3794
GA	Louisville	33.0163	-82.3836
GA	Louvale	32.1750	-84.8253
GA	Lovejoy	33.4361	-84.3144
GA	Ludowici	31.7705	-81.7453
GA	Lula	34.3985	-83.6945
GA	Lumber City	31.9251	-82.7073
GA	Lumpkin	32.0435	-84.8022
GA	Luthersville	33.1798	-84.7577
GA	Lyerly	34.4030	-85.4038
GA	Lyons	32.1711	-82.3078
GA	Mableton	33.8186	-84.5825
GA	Macon	32.8439	-83.5987
GA	Madison	33.5947	-83.4618
GA	Manassas	32.0966	-82.0529
GA	Manchester	32.8721	-84.6312
GA	Manor	31.1088	-82.5742
GA	Mansfield	33.5186	-83.7353
GA	Marble Hill	34.4154	-84.3372
GA	Marietta	33.9043	-84.4680
GA	Marshallville	32.4520	-83.9435
GA	Martin	34.5155	-83.1686
GA	Matthews	33.2176	-82.2867
GA	Mauk	32.5090	-84.3999
GA	Maxeys	33.7542	-83.1736
GA	Maysville	34.2736	-83.5840
GA	Mc Caysville	34.9522	-84.3683
GA	Mc Intyre	32.8468	-83.2040
GA	Mc Rae	32.0435	-82.8877
GA	Mcdonough	33.4506	-84.1583
GA	Meansville	33.0134	-84.3169
GA	Meigs	31.0625	-84.0824
GA	Meldrim	32.1431	-81.3781
GA	Menlo	34.5709	-85.4597
GA	Meridian	31.4111	-81.4239
GA	Mershon	31.4783	-82.2170
GA	Mesena	33.4597	-82.5903
GA	Metter	32.4010	-82.0607
GA	Midland	32.5616	-84.8559
GA	Midville	32.8638	-82.2042
GA	Midway	31.8018	-81.3909
GA	Milan	31.9618	-83.0588
GA	Milledgeville	33.0769	-83.3032
GA	Millen	32.7877	-81.9618
GA	Millwood	31.2506	-82.6441
GA	Milner	33.1410	-84.1759
GA	Mineral Bluff	34.9341	-84.2541
GA	Mitchell	33.2052	-82.6817
GA	Molena	32.9978	-84.4558
GA	Monroe	33.8081	-83.7072
GA	Montezuma	32.3026	-84.0041
GA	Monticello	33.3118	-83.7140
GA	Montrose	32.5619	-83.1601
GA	Moody A F B	30.9644	-83.1967
GA	Moreland	33.2734	-84.7566
GA	Morgan	31.5375	-84.5994
GA	Morganton	34.8714	-84.2115
GA	Morris	31.7942	-84.9464
GA	Morrow	33.5849	-84.3247
GA	Morven	30.8937	-83.4498
GA	Moultrie	31.1792	-83.7641
GA	Mount Airy	34.5678	-83.4713
GA	Mount Berry	34.2750	-85.1833
GA	Mount Vernon	32.1840	-82.5867
GA	Mount Zion	33.6342	-85.1872
GA	Mountain City	34.9181	-83.3856
GA	Murrayville	34.4342	-83.8949
GA	Musella	32.8202	-84.0456
GA	Mystic	31.6219	-83.3358
GA	Nahunta	31.1827	-81.9722
GA	Nashville	31.2074	-83.2319
GA	Naylor	30.8985	-83.1224
GA	Nelson	34.3814	-84.3711
GA	Newborn	33.5169	-83.6961
GA	Newington	32.5884	-81.5327
GA	Newnan	33.3894	-84.8170
GA	Newton	31.3128	-84.3358
GA	Nicholls	31.4498	-82.6032
GA	Nicholson	34.0970	-83.4210
GA	Norcross	33.9392	-84.2053
GA	Norman Park	31.0691	-83.9404
GA	Norristown	32.4989	-82.4939
GA	North Metro	33.9770	-84.1493
GA	Norwood	33.4789	-82.7356
GA	Nunez	32.4911	-82.3472
GA	Oakfield	31.7798	-83.9706
GA	Oakman	34.5664	-84.7083
GA	Oakwood	34.2372	-83.8940
GA	Ochlocknee	30.9594	-84.0326
GA	Ocilla	31.5929	-83.2565
GA	Oconee	32.8553	-82.9500
GA	Odum	31.6999	-81.9943
GA	Offerman	31.4094	-82.1119
GA	Oglethorpe	32.2842	-84.0830
GA	Oliver	32.5214	-81.5333
GA	Omaha	32.1652	-84.9008
GA	Omega	31.3604	-83.5939
GA	Orchard Hill	33.1864	-84.2114
GA	Oxford	33.6189	-83.8675
GA	Palmetto	33.5242	-84.6790
GA	Parrott	31.8933	-84.5133
GA	Patterson	31.3903	-82.1274
GA	Pavo	30.9401	-83.7409
GA	Peachtree City	33.3915	-84.5635
GA	Pearson	31.3106	-82.8591
GA	Pelham	31.1272	-84.1564
GA	Pembroke	32.1571	-81.5533
GA	Pendergrass	34.1796	-83.6634
GA	Perkins	32.9057	-81.8696
GA	Perry	32.4605	-83.7283
GA	Pine Lake	33.7936	-84.2061
GA	Pine Mountain	32.8735	-84.8960
GA	Pine Mountain Valley	32.7918	-84.8239
GA	Pinehurst	32.1967	-83.7209
GA	Pineview	32.0907	-83.5158
GA	Pitts	31.9425	-83.5579
GA	Plains	32.0339	-84.3586
GA	Plainville	34.4145	-85.0312
GA	Pooler	32.1149	-81.2520
GA	Portal	32.5550	-81.9123
GA	Porterdale	33.5750	-83.8939
GA	Poulan	31.4672	-83.7616
GA	Powder Springs	33.8594	-84.6839
GA	Preston	32.0740	-84.5489
GA	Pulaski	32.3900	-81.9569
GA	Putney	31.4700	-84.1178
GA	Quitman	30.7797	-83.5567
GA	Rabun Gap	34.9576	-83.3901
GA	Ranger	34.5404	-84.7270
GA	Ray City	31.0825	-83.2143
GA	Rayle	33.7836	-82.9100
GA	Rebecca	31.7979	-83.5235
GA	Red Oak	33.6247	-84.4986
GA	Redan	33.7453	-84.1317
GA	Register	32.3382	-81.8728
GA	Reidsville	32.0548	-82.1478
GA	Rentz	32.3638	-82.9140
GA	Resaca	34.5920	-84.9163
GA	Rex	33.5808	-84.2782
GA	Reynolds	32.5541	-84.1011
GA	Rhine	32.0113	-83.1983
GA	Riceboro	31.7357	-81.4671
GA	Richland	32.0846	-84.6667
GA	Richmond Hill	31.8962	-81.2940
GA	Rincon	32.2356	-81.2878
GA	Ringgold	34.9205	-85.1549
GA	Rising Fawn	34.8535	-85.4711
GA	Riverdale	33.5531	-84.4003
GA	Roberta	32.7222	-84.0451
GA	Rochelle	31.9491	-83.4450
GA	Rock Spring	34.8065	-85.2415
GA	Rockledge	32.3915	-82.7479
GA	Rockmart	33.9979	-85.0594
GA	Rocky Face	34.7745	-85.0561
GA	Rocky Ford	32.6569	-81.7417
GA	Rome	34.2507	-85.1465
GA	Roopville	33.4322	-85.1671
GA	Rossville	34.9535	-85.2968
GA	Roswell	34.0408	-84.3859
GA	Royston	34.2778	-83.1406
GA	Rupert	32.4325	-84.2738
GA	Rutledge	33.6163	-83.6023
GA	Rydal	34.3927	-84.7803
GA	Saint George	30.5208	-82.0378
GA	Saint Marys	30.7735	-81.5652
GA	Saint Simons Island	31.1692	-81.3824
GA	Sale City	31.2600	-84.0422
GA	Sandersville	32.9870	-82.8169
GA	Sapelo Island	31.4219	-81.2679
GA	Sardis	32.9809	-81.7730
GA	Sargent	33.4322	-84.8694
GA	Sasser	31.7197	-84.3472
GA	Sautee Nacoochee	34.7162	-83.6931
GA	Savannah	32.0676	-81.1024
GA	Scotland	32.0486	-82.8172
GA	Scottdale	33.7934	-84.2585
GA	Screven	31.5168	-82.0397
GA	Sea Island	31.1953	-81.3366
GA	Senoia	33.2845	-84.5918
GA	Seville	31.9603	-83.6011
GA	Shady Dale	33.4014	-83.7040
GA	Shannon	34.3367	-85.0714
GA	Sharon	33.5597	-82.7950
GA	Sharpsburg	33.4013	-84.6540
GA	Shellman	31.7561	-84.6153
GA	Shiloh	32.8067	-84.7412
GA	Siloam	33.5367	-83.0811
GA	Silver Creek	34.1593	-85.1429
GA	Smarr	32.9853	-83.8822
GA	Smithville	31.8847	-84.2271
GA	Smyrna	33.8796	-84.5023
GA	Snellville	33.8039	-84.0397
GA	Social Circle	33.6561	-83.7183
GA	Soperton	32.3869	-82.5871
GA	Sparks	31.1790	-83.4476
GA	Sparta	33.2655	-82.9859
GA	Springfield	32.4121	-81.3264
GA	Stapleton	33.1894	-82.4597
GA	Statenville	30.7255	-82.9799
GA	Statesboro	32.4408	-81.7740
GA	Statham	33.9602	-83.5893
GA	Stephens	33.7715	-83.1159
GA	Stillmore	32.4419	-82.2153
GA	Stockbridge	33.5633	-84.2165
GA	Stockton	31.0229	-83.0139
GA	Stone Mountain	33.7942	-84.2018
GA	Suches	34.7253	-84.0496
GA	Sugar Valley	34.5519	-85.0260
GA	Summerville	34.4859	-85.3362
GA	Sumner	31.5392	-83.7245
GA	Sunny Side	33.3406	-84.2908
GA	Surrency	31.6489	-82.1982
GA	Suwanee	34.0514	-84.0714
GA	Swainsboro	32.5819	-82.3387
GA	Sycamore	31.6553	-83.6064
GA	Sylvania	32.7763	-81.6334
GA	Sylvester	31.5393	-83.8607
GA	Talbotton	32.6797	-84.5462
GA	Talking Rock	34.5394	-84.4912
GA	Tallapoosa	33.7602	-85.3000
GA	Tallulah Falls	34.7333	-83.3917
GA	Talmo	34.1951	-83.7187
GA	Tarrytown	32.2906	-82.5169
GA	Tate	34.4239	-84.3653
GA	Taylorsville	34.1229	-84.9739
GA	Temple	33.7677	-85.0133
GA	Tennga	34.9867	-84.7386
GA	Tennille	32.9063	-82.8400
GA	The Rock	32.9717	-84.2424
GA	Thomaston	32.9015	-84.3324
GA	Thomasville	30.8665	-83.9233
GA	Thomson	33.4774	-82.4942
GA	Tifton	31.4503	-83.5086
GA	Tiger	34.8174	-83.4333
GA	Tignall	33.8833	-82.6956
GA	Toccoa	34.5665	-83.3114
GA	Toccoa Falls	34.5936	-83.3583
GA	Toomsboro	32.8219	-83.0844
GA	Townsend	31.5673	-81.4182
GA	Trenton	34.9017	-85.5171
GA	Trion	34.5468	-85.3112
GA	Tucker	33.8570	-84.2160
GA	Tunnel Hill	34.8541	-85.0468
GA	Turin	33.3264	-84.6358
GA	Turnerville	34.6867	-83.4261
GA	Twin City	32.6129	-82.1979
GA	Ty Ty	31.4560	-83.6220
GA	Tybee Island	32.0068	-80.8509
GA	Tyrone	33.4719	-84.5914
GA	Unadilla	32.2558	-83.7447
GA	Union City	33.5832	-84.5499
GA	Union Point	33.6345	-83.0879
GA	Upatoi	32.5601	-84.7448
GA	Uvalda	32.0483	-82.5089
GA	Valdosta	30.8106	-83.2772
GA	Varnell	34.9011	-84.9739
GA	Vidalia	32.1934	-82.4067
GA	Vienna	32.0913	-83.7922
GA	Villa Rica	33.7173	-84.9297
GA	Waco	33.6840	-85.2197
GA	Wadley	32.8747	-82.4025
GA	Waleska	34.3217	-84.5620
GA	Walthourville	31.7739	-81.6328
GA	Waresboro	31.2478	-82.4739
GA	Warm Springs	32.8956	-84.8217
GA	Warner Robins	32.5934	-83.6416
GA	Warrenton	33.4091	-82.6357
GA	Warthen	33.1255	-82.8039
GA	Warwick	31.7345	-83.9201
GA	Washington	33.7265	-82.7429
GA	Watkinsville	33.8542	-83.4080
GA	Waverly	31.0427	-81.5697
GA	Waverly Hall	32.6793	-84.7425
GA	Waycross	31.2197	-82.3645
GA	Waynesboro	33.1013	-81.9908
GA	Waynesville	31.2448	-81.8039
GA	West Green	31.5923	-82.7564
GA	West Point	32.8337	-85.1197
GA	Weston	31.9637	-84.5756
GA	Whigham	30.8828	-84.3239
GA	White	34.2717	-84.7383
GA	White Oak	31.0340	-81.8082
GA	White Plains	33.4843	-83.0908
GA	Whitesburg	33.5111	-84.9254
GA	Wildwood	34.9779	-85.4305
GA	Wiley	34.7983	-83.4203
GA	Willacoochee	31.3455	-83.0449
GA	Williamson	33.1598	-84.3795
GA	Winder	33.9985	-83.7115
GA	Winston	33.6634	-84.8639
GA	Winterville	33.9543	-83.2906
GA	Woodbine	30.9437	-81.6783
GA	Woodbury	32.9813	-84.5986
GA	Woodland	32.8061	-84.5952
GA	Woodstock	34.1060	-84.5117
GA	Wray	31.5952	-83.1075
GA	Wrens	33.2104	-82.3810
GA	Wrightsville	32.7219	-82.7262
GA	Yatesville	32.9156	-84.1593
GA	Young Harris	34.9588	-83.8688
GA	Zebulon	33.1002	-84.3108
HI	Aiea	21.3908	-157.9332
HI	Anahola	22.1453	-159.3156
HI	Camp H M Smith	21.3860	-157.9078
HI	Captain Cook	19.4386	-155.8875
HI	Eleele	21.9230	-159.5381
HI	Ewa Beach	21.3274	-158.0103
HI	Fort Shafter	21.3392	-157.8885
HI	Haiku	20.9071	-156.3000
HI	Hakalau	19.8882	-155.1333
HI	Haleiwa	21.6312	-158.0693
HI	Hana	20.7616	-156.0397
HI	Hanalei	22.2053	-159.5028
HI	Hanamaulu	21.9975	-159.3572
HI	Hanapepe	21.9156	-159.5920
HI	Hauula	21.6139	-157.9157
HI	Hawaii National Park	19.4311	-155.2840
HI	Hawi	20.2380	-155.8380
HI	Hickam Afb	21.3108	-157.9344
HI	Hilo	19.7025	-155.0939
HI	Holualoa	19.6103	-155.9176
HI	Honaunau	19.4485	-155.8934
HI	Honokaa	20.0827	-155.4880
HI	Honolulu	21.3095	-157.8630
HI	Honomu	19.8728	-155.1177
HI	Hoolehua	21.1730	-157.0791
HI	Kaaawa	21.5674	-157.8737
HI	Kahuku	21.6803	-157.9511
HI	Kahului	20.8814	-156.4783
HI	Kailua	21.4063	-157.7448
HI	Kailua Kona	19.6531	-155.9798
HI	Kalaheo	21.9286	-159.5303
HI	Kalaupapa	21.1929	-156.9835
HI	Kamuela	20.0081	-155.7052
HI	Kaneohe	21.4228	-157.8115
HI	Kapaa	22.0868	-159.3448
HI	Kapaau	20.2183	-155.7990
HI	Kapolei	21.3453	-158.0870
HI	Kaumakani	21.9213	-159.6241
HI	Kaunakakai	21.0905	-156.9690
HI	Keaau	19.5893	-154.9926
HI	Kealakekua	19.5261	-155.9300
HI	Kealia	22.1019	-159.3086
HI	Keauhou	19.0481	-155.5714
HI	Kekaha	21.9735	-159.7199
HI	Kihei	20.7441	-156.4475
HI	Kilauea	22.2119	-159.4122
HI	Koloa	21.9083	-159.4749
HI	Kualapuu	21.1601	-157.0277
HI	Kula	20.7534	-156.3260
HI	Kunia	21.4764	-158.0667
HI	Kurtistown	19.5706	-155.0207
HI	Lahaina	20.9174	-156.6772
HI	Laie	21.6595	-157.9394
HI	Lanai City	20.8293	-156.9210
HI	Laupahoehoe	19.9802	-155.2323
HI	Lawai	21.9219	-159.5094
HI	Lihue	21.9816	-159.3683
HI	M C B H Kaneohe Bay	21.4492	-157.7660
HI	Makawao	20.8469	-156.3327
HI	Makaweli	21.9276	-159.7907
HI	Maunaloa	21.1422	-157.2193
HI	Mililani	21.4531	-158.0174
HI	Mountain View	19.5506	-155.0864
HI	Naalehu	19.0668	-155.6575
HI	Ninole	19.9044	-155.1599
HI	Ocean View	19.4961	-155.9217
HI	Ookala	20.0119	-155.2747
HI	Paauilo	20.0271	-155.3697
HI	Pahala	19.2079	-155.4815
HI	Pahoa	19.5089	-154.9231
HI	Paia	20.9154	-156.3802
HI	Papaaloa	19.9048	-155.2184
HI	Papaikou	19.7916	-155.0984
HI	Pearl City	21.4084	-157.9652
HI	Pearl Harbor	21.3550	-157.9719
HI	Pepeekeo	19.8353	-155.1130
HI	Princeville	22.2159	-159.4626
HI	Pukalani	20.8367	-156.3367
HI	Puunene	20.8636	-156.4531
HI	Schofield Barracks	21.4975	-158.0631
HI	Tripler Army Medical Center	21.3608	-157.8917
HI	Volcano	19.4801	-155.1974
HI	Wahiawa	21.5006	-158.0435
HI	Waialua	21.5766	-158.1267
HI	Waianae	21.4352	-158.1781
HI	Waikoloa	19.9331	-155.6842
HI	Wailuku	20.8966	-156.5036
HI	Waimanalo	21.3418	-157.7131
HI	Waimea	21.9685	-159.6694
HI	Waipahu	21.3982	-158.0124
HI	Wake Island	19.2831	-166.5997
HI	Wheeler Army Airfield	21.4858	-158.0364
IA	Ackley	42.5527	-93.0608
IA	Ackworth	41.3737	-93.3767
IA	Adair	41.5137	-94.6444
IA	Adel	41.6221	-94.0380
IA	Afton	41.0401	-94.1940
IA	Agency	40.9957	-92.3162
IA	Ainsworth	41.3202	-91.5472
IA	Akron	42.8354	-96.5225
IA	Albert City	42.7784	-94.9824
IA	Albia	41.0287	-92.7946
IA	Albion	42.1143	-92.9882
IA	Alburnett	42.1583	-91.6392
IA	Alden	42.5179	-93.3841
IA	Alexander	42.8114	-93.4450
IA	Algona	43.0660	-94.2306
IA	Alleman	41.8159	-93.6063
IA	Allerton	40.7023	-93.3724
IA	Allison	42.7615	-92.7830
IA	Alta	42.6771	-95.3129
IA	Alta Vista	43.1482	-92.4237
IA	Alton	42.9782	-96.0173
IA	Altoona	41.6475	-93.4724
IA	Alvord	43.3201	-96.2910
IA	Amana	41.8313	-91.8855
IA	Ames	42.0299	-93.6394
IA	Anamosa	42.1078	-91.2851
IA	Andover	41.9926	-90.2386
IA	Andrew	42.1585	-90.6004
IA	Anita	41.4500	-94.7794
IA	Ankeny	41.7276	-93.6022
IA	Anthon	42.3870	-95.8948
IA	Aplington	42.5870	-92.8751
IA	Arcadia	42.0573	-95.0371
IA	Archer	43.1179	-95.7417
IA	Aredale	42.8549	-92.9769
IA	Argyle	40.5657	-91.5639
IA	Arion	41.9504	-95.4623
IA	Arispe	40.9494	-94.2189
IA	Arlington	42.7338	-91.6668
IA	Armstrong	43.4024	-94.4853
IA	Arnolds Park	43.3636	-95.1313
IA	Arthur	42.3363	-95.3675
IA	Ashton	43.3053	-95.7655
IA	Aspinwall	41.9083	-95.1499
IA	Atalissa	41.5614	-91.1748
IA	Atkins	41.9881	-91.8760
IA	Atlantic	41.4003	-95.0101
IA	Auburn	42.2809	-94.9034
IA	Audubon	41.7300	-94.9164
IA	Aurelia	42.6912	-95.4381
IA	Aurora	42.6203	-91.7335
IA	Austinville	42.5962	-92.9594
IA	Avoca	41.4768	-95.3509
IA	Ayrshire	43.0370	-94.8478
IA	Badger	42.5996	-94.1630
IA	Bagley	41.8341	-94.4415
IA	Baldwin	42.0732	-90.8200
IA	Bancroft	43.2935	-94.2108
IA	Barnes City	41.4883	-92.4703
IA	Barnum	42.5159	-94.3703
IA	Batavia	40.9905	-92.1431
IA	Battle Creek	42.3327	-95.6045
IA	Baxter	41.8204	-93.1583
IA	Bayard	41.8386	-94.5915
IA	Beacon	41.2871	-92.7284
IA	Beaman	42.2367	-92.8162
IA	Beaver	42.0399	-94.1033
IA	Bedford	40.6683	-94.7324
IA	Belle Plaine	41.8992	-92.2574
IA	Bellevue	42.2582	-90.4356
IA	Belmond	42.8511	-93.6200
IA	Bennett	41.7353	-90.9656
IA	Benton	40.7258	-94.3931
IA	Bernard	42.3321	-90.8630
IA	Berwick	41.6650	-93.5447
IA	Bettendorf	41.5509	-90.4942
IA	Bevington	41.3718	-93.8129
IA	Birmingham	40.8626	-91.9534
IA	Blairsburg	42.4937	-93.6594
IA	Blairstown	41.9063	-92.0829
IA	Blakesburg	40.9848	-92.5940
IA	Blanchard	40.6122	-95.2054
IA	Blencoe	41.9237	-96.0827
IA	Blockton	40.6242	-94.5049
IA	Bloomfield	40.7324	-92.3987
IA	Blue Grass	41.5112	-90.7380
IA	Bode	42.8661	-94.2781
IA	Bonaparte	40.7148	-91.7897
IA	Bondurant	41.7017	-93.4527
IA	Boone	42.0694	-93.8781
IA	Booneville	41.5340	-93.8814
IA	Bouton	41.8284	-93.9963
IA	Boxholm	42.1706	-94.1052
IA	Boyden	43.2034	-95.9823
IA	Braddyville	40.5991	-94.9956
IA	Bradford	42.6104	-93.2181
IA	Bradgate	42.7794	-94.4002
IA	Brandon	42.3309	-92.0059
IA	Brayton	41.5524	-94.9740
IA	Breda	42.1758	-95.0007
IA	Bridgewater	41.1571	-94.6410
IA	Brighton	41.1543	-91.8284
IA	Bristow	42.7741	-92.8864
IA	Britt	43.1006	-93.7752
IA	Bronson	42.4292	-96.1986
IA	Brooklyn	41.7321	-92.4285
IA	Brunsville	42.8097	-96.2689
IA	Bryant	41.9629	-90.3388
IA	Buckeye	42.4172	-93.3747
IA	Buckingham	42.2552	-92.4098
IA	Buffalo	41.4564	-90.7233
IA	Buffalo Center	43.3732	-93.9376
IA	Burlington	40.8087	-91.1170
IA	Burnside	42.3413	-94.1143
IA	Burt	43.2062	-94.2122
IA	Bussey	41.2094	-92.8963
IA	Calamus	41.8111	-90.7416
IA	Callender	42.3494	-94.2820
IA	Calmar	43.1974	-91.9126
IA	Calumet	42.9533	-95.5549
IA	Camanche	41.7886	-90.2709
IA	Cambridge	41.9025	-93.5305
IA	Cantril	40.6546	-92.0465
IA	Carbon	41.0500	-94.8231
IA	Carlisle	41.4814	-93.4921
IA	Carpenter	43.4150	-93.0147
IA	Carroll	42.0720	-94.8667
IA	Carson	41.2253	-95.3681
IA	Carter Lake	41.2925	-95.9141
IA	Cascade	42.2870	-91.0144
IA	Casey	41.4961	-94.4145
IA	Castalia	43.1612	-91.6629
IA	Castana	42.1054	-95.9431
IA	Cedar	41.2121	-92.5090
IA	Cedar Falls	42.5241	-92.4497
IA	Cedar Rapids	41.9743	-91.6554
IA	Center Junction	42.0926	-91.0670
IA	Center Point	42.1898	-91.7758
IA	Centerville	40.7326	-92.8728
IA	Central City	42.1982	-91.4914
IA	Chapin	42.8336	-93.2219
IA	Chariton	41.0226	-93.3042
IA	Charles City	43.0683	-92.6761
IA	Charlotte	41.9779	-90.4782
IA	Charter Oak	42.0707	-95.5992
IA	Chatsworth	42.9161	-96.5161
IA	Chelsea	41.9131	-92.4078
IA	Cherokee	42.7482	-95.5568
IA	Chester	43.4730	-92.4155
IA	Chillicothe	41.0770	-92.5328
IA	Churdan	42.1614	-94.4933
IA	Cincinnati	40.6344	-92.9219
IA	Clare	42.5954	-94.3080
IA	Clarence	41.8896	-91.0605
IA	Clarinda	40.7491	-95.0380
IA	Clarion	42.7271	-93.7277
IA	Clarksville	42.8041	-92.6588
IA	Clear Lake	43.1406	-93.3850
IA	Clearfield	40.7935	-94.4944
IA	Cleghorn	42.8086	-95.7124
IA	Clemons	42.0900	-93.1688
IA	Clermont	43.0130	-91.6552
IA	Climbing Hill	42.3417	-96.0775
IA	Clinton	41.8517	-90.2078
IA	Clio	40.6803	-93.4864
IA	Clive	41.6067	-93.7457
IA	Clutier	42.0789	-92.3763
IA	Coggon	42.2792	-91.5413
IA	Coin	40.6686	-95.2217
IA	Colesburg	42.6383	-91.1963
IA	Colfax	41.6788	-93.2588
IA	College Springs	40.6171	-95.0997
IA	Collins	41.9032	-93.3008
IA	Colo	42.0131	-93.3071
IA	Columbia	41.1838	-93.1582
IA	Columbus City	41.2586	-91.3742
IA	Columbus Junction	41.2799	-91.3742
IA	Colwell	43.1558	-92.5939
IA	Conesville	41.3805	-91.3465
IA	Conrad	42.2342	-92.8865
IA	Conroy	41.7426	-91.9695
IA	Coon Rapids	41.8940	-94.6800
IA	Cooper	41.9034	-94.3391
IA	Coralville	41.6937	-91.5906
IA	Corning	40.9871	-94.7358
IA	Correctionville	42.4743	-95.7804
IA	Corwith	42.9927	-93.9323
IA	Corydon	40.7613	-93.3225
IA	Coulter	42.7372	-93.3697
IA	Council Bluffs	41.2530	-95.8810
IA	Crawfordsville	41.2093	-91.5414
IA	Crescent	41.3644	-95.8276
IA	Cresco	43.3630	-92.1260
IA	Creston	41.0624	-94.3692
IA	Cromwell	41.0394	-94.4617
IA	Crystal Lake	43.2187	-93.7942
IA	Cumberland	41.2632	-94.8710
IA	Cumming	41.4849	-93.7539
IA	Curlew	42.9633	-94.7975
IA	Cushing	42.4642	-95.6775
IA	Cylinder	43.1507	-94.5107
IA	Dakota City	42.7200	-94.2000
IA	Dallas	41.2213	-93.2535
IA	Dallas Center	41.6862	-93.9707
IA	Dana	42.1063	-94.2322
IA	Danbury	42.2693	-95.7263
IA	Danville	40.8540	-91.3140
IA	Davenport	41.5218	-90.5743
IA	Davis City	40.6321	-93.8070
IA	Dawson	41.8324	-94.2171
IA	Dayton	42.2594	-94.0610
IA	De Soto	41.5333	-94.0276
IA	De Witt	41.8267	-90.5237
IA	Decatur	40.7553	-93.8326
IA	Decorah	43.3227	-91.7939
IA	Dedham	41.9055	-94.8149
IA	Deep River	41.5717	-92.3645
IA	Defiance	41.8271	-95.3403
IA	Delaware	42.4777	-91.3472
IA	Delhi	42.4271	-91.2702
IA	Delmar	41.9961	-90.6087
IA	Deloit	42.0859	-95.2863
IA	Delta	41.3167	-92.3359
IA	Denison	42.0196	-95.3636
IA	Denmark	40.7487	-91.3266
IA	Denver	42.6731	-92.3417
IA	Derby	40.9355	-93.4796
IA	Des Moines	41.6005	-93.6088
IA	Dewar	42.5256	-92.2189
IA	Dexter	41.5198	-94.2145
IA	Diagonal	40.8226	-94.3552
IA	Dickens	43.1548	-94.9854
IA	Dike	42.4730	-92.6122
IA	Dixon	41.7350	-90.7783
IA	Dolliver	43.4664	-94.6242
IA	Donahue	41.7093	-90.6829
IA	Donnellson	40.6612	-91.5745
IA	Doon	43.2872	-96.2020
IA	Dorchester	43.4421	-91.5076
IA	Douds	40.8039	-92.0452
IA	Dougherty	42.9416	-93.0686
IA	Dow City	41.9134	-95.4862
IA	Dows	42.6610	-93.5058
IA	Drakesville	40.8253	-92.5051
IA	Dubuque	42.5150	-90.6819
IA	Dumont	42.7368	-92.9673
IA	Duncombe	42.4493	-94.0592
IA	Dundee	42.5940	-91.5477
IA	Dunkerton	42.5780	-92.1588
IA	Dunlap	41.8423	-95.6157
IA	Durango	42.5526	-90.8608
IA	Durant	41.6145	-90.9100
IA	Dyersville	42.4833	-91.1183
IA	Dysart	42.1690	-92.3187
IA	Eagle Grove	42.6609	-93.9049
IA	Earlham	41.4709	-94.1294
IA	Earling	41.7925	-95.4210
IA	Earlville	42.5001	-91.2597
IA	Early	42.4483	-95.1726
IA	Eddyville	41.1533	-92.6221
IA	Edgewood	42.6541	-91.3950
IA	Elberon	42.0088	-92.3314
IA	Eldon	40.9261	-92.2268
IA	Eldora	42.3572	-93.1037
IA	Eldridge	41.6635	-90.5634
IA	Elgin	42.9548	-91.6454
IA	Elk Horn	41.5829	-95.0700
IA	Elkader	42.8496	-91.4143
IA	Elkhart	41.8114	-93.4855
IA	Elkport	42.7399	-91.2839
IA	Elliott	41.1306	-95.1602
IA	Ellston	40.8505	-94.0841
IA	Ellsworth	42.3009	-93.5490
IA	Elma	43.2786	-92.3981
IA	Ely	41.8943	-91.5738
IA	Emerson	41.0284	-95.4106
IA	Emmetsburg	43.1082	-94.6825
IA	Epworth	42.4439	-90.9313
IA	Essex	40.8404	-95.2888
IA	Estherville	43.4017	-94.8180
IA	Evansdale	42.4755	-92.2812
IA	Everly	43.1609	-95.3228
IA	Exira	41.5768	-94.8571
IA	Exline	40.6414	-92.8270
IA	Fairbank	42.6162	-92.0326
IA	Fairfax	41.9153	-91.7801
IA	Fairfield	41.0039	-91.9576
IA	Farley	42.4451	-91.0083
IA	Farmersburg	42.9522	-91.3390
IA	Farmington	40.6397	-91.7447
IA	Farnhamville	42.2692	-94.4226
IA	Farragut	40.7300	-95.4555
IA	Fayette	42.8494	-91.8139
IA	Fenton	43.2420	-94.4044
IA	Ferguson	41.9369	-92.8656
IA	Fertile	43.2795	-93.4345
IA	Floris	40.8591	-92.3247
IA	Floyd	43.1430	-92.7240
IA	Fonda	42.6051	-94.8297
IA	Fontanelle	41.2896	-94.5419
IA	Forest City	43.2692	-93.6356
IA	Fort Atkinson	43.1339	-91.9134
IA	Fort Dodge	42.5088	-94.1807
IA	Fort Madison	40.6330	-91.3398
IA	Fostoria	43.2259	-95.1850
IA	Fredericksburg	42.9593	-92.1983
IA	Frederika	42.8817	-92.3081
IA	Fremont	41.2117	-92.4362
IA	Fruitland	41.3561	-91.1292
IA	Galt	42.6912	-93.6035
IA	Galva	42.5105	-95.4298
IA	Garber	42.7453	-91.2593
IA	Garden City	42.2527	-93.4031
IA	Garden Grove	40.7711	-93.6117
IA	Garnavillo	42.8762	-91.2156
IA	Garner	43.1144	-93.5944
IA	Garrison	42.1588	-92.1644
IA	Garwin	42.0872	-92.6894
IA	Geneva	42.6804	-93.1038
IA	George	43.3439	-95.9894
IA	Gibson	41.4642	-92.3531
IA	Gifford	42.2883	-93.0903
IA	Gilbert	42.1069	-93.6494
IA	Gilbertville	42.4161	-92.2147
IA	Gillett Grove	43.0158	-95.0372
IA	Gilman	41.9012	-92.8101
IA	Gilmore City	42.7067	-94.4108
IA	Gladbrook	42.1774	-92.7141
IA	Glenwood	41.0470	-95.7389
IA	Glidden	42.0618	-94.7148
IA	Goldfield	42.7581	-93.9194
IA	Goodell	42.9383	-93.5824
IA	Goose Lake	41.9799	-90.3819
IA	Gowrie	42.2767	-94.2987
IA	Graettinger	43.2277	-94.7334
IA	Grafton	43.3110	-93.0797
IA	Grand Junction	42.0296	-94.2336
IA	Grand Mound	41.8236	-90.6329
IA	Grand River	40.8137	-93.9544
IA	Grandview	41.2758	-91.1883
IA	Granger	41.7524	-93.8410
IA	Grant	41.1258	-94.9846
IA	Granville	42.9693	-95.8972
IA	Gravity	40.7909	-94.7506
IA	Gray	41.8266	-95.0227
IA	Greeley	42.5939	-91.3233
IA	Greene	42.9160	-92.7583
IA	Greenfield	41.3133	-94.4408
IA	Greenville	43.0333	-95.0582
IA	Grimes	41.7018	-93.7821
IA	Grinnell	41.7421	-92.7344
IA	Griswold	41.2238	-95.0990
IA	Grundy Center	42.3672	-92.7773
IA	Gruver	43.3933	-94.7050
IA	Guernsey	41.6486	-92.3425
IA	Guthrie Center	41.6837	-94.4864
IA	Guttenberg	42.7594	-91.1190
IA	Halbur	41.9974	-94.9359
IA	Hamburg	40.6149	-95.6258
IA	Hamilton	41.1755	-92.9243
IA	Hamlin	41.6506	-94.9157
IA	Hampton	42.7405	-93.2110
IA	Hancock	41.3832	-95.3445
IA	Hanlontown	43.3072	-93.3351
IA	Harcourt	42.2531	-94.1961
IA	Hardy	42.7822	-94.0309
IA	Harlan	41.6437	-95.3111
IA	Harper	41.3728	-92.0388
IA	Harpers Ferry	43.1698	-91.2188
IA	Harris	43.4568	-95.4426
IA	Hartford	41.4596	-93.4022
IA	Hartley	43.1800	-95.4817
IA	Hartwick	41.8080	-92.3538
IA	Harvey	41.3030	-92.9318
IA	Hastings	40.9605	-95.5531
IA	Havelock	42.8411	-94.7252
IA	Haverhill	41.9320	-92.9459
IA	Hawarden	43.0013	-96.4730
IA	Hawkeye	42.9487	-91.9578
IA	Hayesville	41.2644	-92.2489
IA	Hazleton	42.6076	-91.9105
IA	Hedrick	41.1826	-92.3097
IA	Henderson	41.1254	-95.4586
IA	Hiawatha	42.0425	-91.6770
IA	Highlandville	43.4422	-91.6683
IA	Hills	41.5542	-91.5347
IA	Hillsboro	40.8372	-91.7119
IA	Hinton	42.6040	-96.3050
IA	Holland	42.4011	-92.7999
IA	Holstein	42.4948	-95.5650
IA	Holy Cross	42.5808	-90.9730
IA	Homestead	41.7339	-91.8795
IA	Honey Creek	41.4630	-95.8802
IA	Hopkinton	42.3422	-91.2461
IA	Hornick	42.2897	-96.0796
IA	Hospers	43.0793	-95.9142
IA	Houghton	40.7750	-91.6393
IA	Hubbard	42.3022	-93.2939
IA	Hudson	42.3905	-92.4549
IA	Hull	43.1952	-96.1392
IA	Humboldt	42.7196	-94.2132
IA	Humeston	40.8469	-93.5101
IA	Huxley	41.8994	-93.6024
IA	Ida Grove	42.3400	-95.4645
IA	Imogene	40.8631	-95.4358
IA	Independence	42.4674	-91.8803
IA	Indianola	41.3562	-93.5715
IA	Inwood	43.3047	-96.4363
IA	Ionia	43.0403	-92.4865
IA	Iowa City	41.6549	-91.5112
IA	Iowa Falls	42.5138	-93.2709
IA	Ira	41.7318	-93.1644
IA	Ireton	42.9666	-96.3232
IA	Irwin	41.7941	-95.1958
IA	Jamaica	41.8419	-94.3204
IA	Janesville	42.6465	-92.4791
IA	Jefferson	42.0093	-94.3888
IA	Jesup	42.4823	-92.0456
IA	Jewell	42.3139	-93.6428
IA	Johnston	41.6730	-93.7028
IA	Joice	43.3761	-93.4454
IA	Jolley	42.5078	-94.7423
IA	Kalona	41.4823	-91.7057
IA	Kamrar	42.3945	-93.7279
IA	Kanawha	42.9434	-93.7728
IA	Kellerton	40.6861	-94.0607
IA	Kelley	41.9488	-93.6644
IA	Kellogg	41.7184	-92.9114
IA	Kensett	43.3739	-93.1728
IA	Keokuk	40.4094	-91.3982
IA	Keosauqua	40.7424	-91.9704
IA	Keota	41.3504	-91.9641
IA	Kesley	42.6857	-92.8535
IA	Keswick	41.4613	-92.2395
IA	Keystone	42.0156	-92.2179
IA	Killduff	41.6081	-92.9044
IA	Kimballton	41.6352	-95.0553
IA	Kingsley	42.6191	-95.9762
IA	Kirkman	41.7308	-95.2671
IA	Kirkville	41.1179	-92.4699
IA	Kiron	42.1794	-95.3115
IA	Klemme	43.0136	-93.5879
IA	Knierim	42.4319	-94.4532
IA	Knoxville	41.3164	-93.0954
IA	La Motte	42.3044	-90.6177
IA	La Porte City	42.3416	-92.1862
IA	Lacona	41.1988	-93.3838
IA	Ladora	41.7564	-92.1873
IA	Lake City	42.2705	-94.7458
IA	Lake Mills	43.4167	-93.5336
IA	Lake Park	43.4452	-95.3216
IA	Lake View	42.3154	-95.0486
IA	Lakota	43.3953	-94.0705
IA	Lamoni	40.6229	-93.9349
IA	Lamont	42.5946	-91.6701
IA	Lanesboro	42.1747	-94.6903
IA	Langworthy	42.1911	-91.2239
IA	Lansing	43.3661	-91.2660
IA	Larchwood	43.4387	-96.4252
IA	Larrabee	42.8628	-95.5812
IA	Latimer	42.7598	-93.3518
IA	Laurel	41.8829	-92.9263
IA	Laurens	42.8409	-94.8508
IA	Lawler	43.0932	-92.1440
IA	Lawton	42.5047	-96.2189
IA	Le Claire	41.6082	-90.3628
IA	Le Grand	42.0069	-92.7753
IA	Le Mars	42.7962	-96.1704
IA	Ledyard	43.4346	-94.1503
IA	Lehigh	42.3526	-94.0342
IA	Leighton	41.3647	-92.8081
IA	Leland	43.3070	-93.7515
IA	Lenox	40.8841	-94.5612
IA	Leon	40.7373	-93.7429
IA	Lester	43.4447	-96.3328
IA	Letts	41.2930	-91.2040
IA	Lewis	41.2963	-95.0620
IA	Liberty Center	41.2077	-93.4974
IA	Libertyville	40.9499	-92.0250
IA	Lidderdale	42.1528	-94.7954
IA	Lime Springs	43.4556	-92.2733
IA	Lincoln	42.2561	-92.7047
IA	Linden	41.6422	-94.2406
IA	Lineville	40.6004	-93.4862
IA	Linn Grove	42.8742	-95.2512
IA	Lisbon	41.9212	-91.3861
IA	Liscomb	42.1840	-92.9833
IA	Little Cedar	43.3919	-92.7344
IA	Little Rock	43.4496	-95.8926
IA	Little Sioux	41.8083	-96.0314
IA	Livermore	42.8666	-94.1747
IA	Lockridge	41.0119	-91.7645
IA	Logan	41.6243	-95.7525
IA	Lohrville	42.2619	-94.5566
IA	Lone Rock	43.1666	-94.3586
IA	Lone Tree	41.4988	-91.4363
IA	Long Grove	41.7213	-90.5534
IA	Lorimor	41.1233	-94.0639
IA	Lost Nation	41.9745	-90.8265
IA	Lovilia	41.1272	-92.9293
IA	Low Moor	41.8017	-90.3547
IA	Lowden	41.8594	-90.9382
IA	Lu Verne	42.9868	-94.0959
IA	Luana	43.0493	-91.4583
IA	Lucas	41.0585	-93.4836
IA	Luther	41.9919	-93.8554
IA	Luxemburg	42.6028	-91.0739
IA	Luzerne	41.9061	-92.1793
IA	Lynnville	41.5698	-92.7877
IA	Lytton	42.4304	-94.8140
IA	Macedonia	41.1916	-95.4314
IA	Macksburg	41.2028	-94.1857
IA	Madrid	41.8841	-93.8448
IA	Magnolia	41.7082	-95.8550
IA	Malcom	41.7695	-92.5354
IA	Mallard	42.9417	-94.6746
IA	Malvern	41.0074	-95.5840
IA	Manchester	42.4834	-91.4490
IA	Manilla	41.8922	-95.2391
IA	Manly	43.2891	-93.2018
IA	Manning	41.9072	-95.0556
IA	Manson	42.5285	-94.5304
IA	Mapleton	42.1585	-95.7909
IA	Maquoketa	42.0778	-90.6771
IA	Marathon	42.8612	-94.9836
IA	Marble Rock	42.9645	-92.8917
IA	Marcus	42.8200	-95.8034
IA	Marengo	41.7863	-92.0720
IA	Marion	42.0411	-91.5941
IA	Marne	41.4547	-95.0973
IA	Marquette	43.0505	-91.1921
IA	Marshalltown	42.0405	-92.9127
IA	Martelle	42.0035	-91.3217
IA	Martensdale	41.3731	-93.7356
IA	Martinsburg	41.1789	-92.2517
IA	Mason City	43.1499	-93.1954
IA	Masonville	42.5046	-91.5506
IA	Massena	41.2499	-94.7649
IA	Matlock	43.2439	-95.9350
IA	Maurice	42.9626	-96.1655
IA	Maxwell	41.8967	-93.4001
IA	Maynard	42.7752	-91.8908
IA	Mc Callsburg	42.1665	-93.3978
IA	Mc Causland	41.7450	-90.4444
IA	Mc Clelland	41.2932	-95.6813
IA	Mc Gregor	43.0237	-91.1887
IA	Mc Intire	43.4500	-92.6048
IA	Mechanicsville	41.9039	-91.2764
IA	Mediapolis	41.0059	-91.1321
IA	Melbourne	41.9323	-93.0856
IA	Melcher	41.2229	-93.2194
IA	Melrose	40.9665	-93.0145
IA	Melvin	43.2845	-95.5930
IA	Menlo	41.5348	-94.4090
IA	Meriden	42.7874	-95.6408
IA	Merrill	42.7047	-96.2283
IA	Meservey	42.9137	-93.4773
IA	Middle Amana	41.7997	-91.8827
IA	Middletown	40.8296	-91.2631
IA	Miles	42.1006	-90.3367
IA	Milford	43.3196	-95.1615
IA	Millersburg	41.5751	-92.1608
IA	Millerton	40.8549	-93.2796
IA	Milo	41.2904	-93.4454
IA	Milton	40.6721	-92.1438
IA	Minburn	41.7562	-94.0150
IA	Minden	41.4654	-95.5519
IA	Mineola	41.1102	-95.7557
IA	Mingo	41.7898	-93.2880
IA	Missouri Valley	41.5644	-95.8913
IA	Mitchellville	41.6609	-93.3700
IA	Modale	41.6371	-95.9852
IA	Mondamin	41.7089	-96.0072
IA	Monmouth	42.0772	-90.8786
IA	Monona	43.0735	-91.4587
IA	Monroe	41.5356	-93.0726
IA	Montezuma	41.5928	-92.5276
IA	Monticello	42.2326	-91.1989
IA	Montour	41.9709	-92.7006
IA	Montpelier	41.4592	-90.8069
IA	Montrose	40.5139	-91.4240
IA	Moorhead	41.9186	-95.8290
IA	Moorland	42.4340	-94.3199
IA	Moravia	40.8825	-92.8534
IA	Morley	42.0061	-91.2461
IA	Morning Sun	41.0984	-91.2581
IA	Morrison	42.3442	-92.6736
IA	Moscow	41.5646	-91.0859
IA	Moulton	40.6866	-92.6833
IA	Mount Auburn	42.2554	-92.1595
IA	Mount Ayr	40.7142	-94.2321
IA	Mount Pleasant	40.9646	-91.5614
IA	Mount Sterling	40.6458	-91.9027
IA	Mount Union	41.0374	-91.4138
IA	Mount Vernon	41.9287	-91.4274
IA	Moville	42.4819	-96.0656
IA	Murray	41.0376	-93.9530
IA	Muscatine	41.4304	-91.0509
IA	Mystic	40.7883	-92.9284
IA	Nashua	42.9528	-92.5298
IA	Nemaha	42.5180	-95.0939
IA	Neola	41.4564	-95.6794
IA	Nevada	42.0190	-93.4462
IA	New Albin	43.4899	-91.2942
IA	New Hampton	43.0560	-92.3131
IA	New Hartford	42.5831	-92.6164
IA	New Liberty	41.7132	-90.8599
IA	New London	40.9161	-91.3986
IA	New Market	40.7422	-94.8917
IA	New Providence	42.2693	-93.1753
IA	New Sharon	41.4640	-92.6848
IA	New Vienna	42.5678	-91.0976
IA	New Virginia	41.1601	-93.7113
IA	Newell	42.6157	-94.9946
IA	Newhall	41.9927	-91.9779
IA	Newton	41.6992	-93.0455
IA	Nichols	41.4766	-91.2931
IA	Nodaway	40.9540	-94.8731
IA	Nora Springs	43.1479	-93.0002
IA	North Buena Vista	42.6711	-90.9588
IA	North English	41.5241	-92.0893
IA	North Liberty	41.7443	-91.6061
IA	North Washington	43.0592	-92.3175
IA	Northboro	40.6127	-95.3096
IA	Northwood	43.4506	-93.2419
IA	Norwalk	41.4861	-93.6573
IA	Norway	41.8992	-91.8920
IA	Oakdale	41.7064	-91.6028
IA	Oakland	41.3120	-95.3790
IA	Oakville	41.1003	-91.0439
IA	Ocheyedan	43.3910	-95.5204
IA	Odebolt	42.3095	-95.2501
IA	Oelwein	42.6811	-91.9131
IA	Ogden	42.0351	-94.0063
IA	Okoboji	43.3794	-95.1530
IA	Olds	41.1206	-91.5484
IA	Olin	41.9954	-91.1409
IA	Ollie	41.2001	-92.1354
IA	Onawa	42.0370	-96.1072
IA	Onslow	42.1235	-90.9731
IA	Oran	42.7014	-92.0744
IA	Orange City	43.0185	-96.0565
IA	Orchard	43.2355	-92.7200
IA	Orient	41.2192	-94.3705
IA	Osage	43.2872	-92.8144
IA	Osceola	41.0295	-93.7712
IA	Oskaloosa	41.2942	-92.6439
IA	Ossian	43.1379	-91.7734
IA	Otho	42.4328	-94.1708
IA	Otley	41.4518	-93.0348
IA	Oto	42.2646	-95.8616
IA	Ottosen	42.8764	-94.3786
IA	Ottumwa	41.0151	-92.4134
IA	Oxford	41.6507	-91.7724
IA	Oxford Junction	41.9854	-90.9543
IA	Oyens	42.8203	-96.0575
IA	Pacific Junction	41.0271	-95.8046
IA	Packwood	41.1228	-92.0664
IA	Palmer	42.6419	-94.5432
IA	Palo	42.0365	-91.7877
IA	Panama	41.7288	-95.4870
IA	Panora	41.6967	-94.3606
IA	Parkersburg	42.5714	-92.7688
IA	Parnell	41.5702	-92.0052
IA	Paton	42.1658	-94.2730
IA	Patterson	41.3539	-93.8782
IA	Paullina	42.9703	-95.7083
IA	Pella	41.4082	-92.9172
IA	Peosta	42.4435	-90.8094
IA	Percival	40.7401	-95.8093
IA	Perry	41.8397	-94.1022
IA	Persia	41.5647	-95.5658
IA	Peru	41.2145	-93.9437
IA	Peterson	42.9328	-95.3377
IA	Pierson	42.5335	-95.8922
IA	Pilot Grove	40.7628	-91.5367
IA	Pilot Mound	42.1604	-94.0102
IA	Pisgah	41.8214	-95.9192
IA	Plainfield	42.8503	-92.5116
IA	Plano	40.7751	-93.0386
IA	Pleasant Valley	41.5697	-90.4231
IA	Pleasantville	41.3738	-93.2712
IA	Plover	42.8691	-94.6225
IA	Plymouth	43.2460	-93.1226
IA	Pocahontas	42.7296	-94.6737
IA	Polk City	41.7549	-93.6893
IA	Pomeroy	42.5326	-94.6638
IA	Popejoy	42.5956	-93.4309
IA	Portsmouth	41.6484	-95.5108
IA	Postville	43.0036	-91.5478
IA	Prairie City	41.5854	-93.2410
IA	Prairieburg	42.2383	-91.4222
IA	Prescott	41.0248	-94.5249
IA	Preston	42.0539	-90.3954
IA	Primghar	43.0759	-95.6533
IA	Princeton	41.6858	-90.3706
IA	Prole	41.3830	-93.7344
IA	Promise City	40.7585	-93.1527
IA	Protivin	43.2161	-92.0908
IA	Pulaski	40.6941	-92.2580
IA	Quasqueton	42.3956	-91.7679
IA	Quimby	42.6287	-95.6812
IA	Radcliffe	42.3241	-93.4234
IA	Rake	43.4767	-93.9171
IA	Ralston	42.0757	-94.5698
IA	Randalia	42.8626	-91.8846
IA	Randall	42.2475	-93.6211
IA	Randolph	40.8704	-95.5624
IA	Raymond	42.4672	-92.2162
IA	Readlyn	42.6929	-92.2154
IA	Reasnor	41.5798	-93.0198
IA	Red Oak	41.0079	-95.2269
IA	Redding	40.6053	-94.3595
IA	Redfield	41.5873	-94.1897
IA	Reinbeck	42.3131	-92.5948
IA	Rembrandt	42.8260	-95.1652
IA	Remsen	42.8149	-95.9544
IA	Renwick	42.8491	-94.0074
IA	Rhodes	41.9177	-93.1796
IA	Riceville	43.3719	-92.5554
IA	Richland	41.1939	-91.9739
IA	Ricketts	42.1541	-95.5995
IA	Ridgeway	43.2979	-92.0034
IA	Ringsted	43.2977	-94.5291
IA	Rippey	41.9257	-94.2132
IA	Riverside	41.4758	-91.5741
IA	Riverton	40.6870	-95.5578
IA	Robins	42.0731	-91.6648
IA	Rock Falls	43.1980	-93.0764
IA	Rock Rapids	43.4272	-96.1781
IA	Rock Valley	43.2014	-96.3103
IA	Rockford	43.0573	-92.9520
IA	Rockwell	43.0032	-93.2167
IA	Rockwell City	42.3961	-94.6292
IA	Rodney	42.2015	-95.9535
IA	Roland	42.1646	-93.5063
IA	Rolfe	42.8082	-94.5166
IA	Rome	40.9814	-91.6822
IA	Rose Hill	41.3309	-92.4720
IA	Rowan	42.7596	-93.5570
IA	Rowley	42.3434	-91.7875
IA	Royal	43.0488	-95.2679
IA	Rudd	43.1420	-92.8885
IA	Runnells	41.5515	-93.4202
IA	Russell	40.9456	-93.1784
IA	Ruthven	43.1448	-94.8842
IA	Rutland	42.7635	-94.2719
IA	Ryan	42.3436	-91.4848
IA	Sabula	42.0737	-90.1955
IA	Sac City	42.4262	-94.9796
IA	Saint Ansgar	43.4061	-92.9235
IA	Saint Anthony	42.1520	-93.1824
IA	Saint Charles	41.2924	-93.8242
IA	Saint Donatus	42.3312	-90.4845
IA	Saint Lucas	43.0477	-91.9116
IA	Saint Marys	41.2978	-93.7361
IA	Saint Olaf	42.9482	-91.4175
IA	Saint Paul	40.7693	-91.5375
IA	Salem	40.8568	-91.6336
IA	Salix	42.3306	-96.2879
IA	Sanborn	43.1890	-95.6622
IA	Scarville	43.4673	-93.6423
IA	Schaller	42.5055	-95.2846
IA	Schleswig	42.1646	-95.4443
IA	Scranton	42.0124	-94.5518
IA	Searsboro	41.5656	-92.6987
IA	Selma	40.8519	-92.1107
IA	Sergeant Bluff	42.4019	-96.3534
IA	Seymour	40.6724	-93.1368
IA	Shambaugh	40.6757	-95.0636
IA	Shannon City	40.9366	-94.2501
IA	Sharpsburg	40.7950	-94.6416
IA	Sheffield	42.8779	-93.2156
IA	Shelby	41.5339	-95.4469
IA	Sheldahl	41.8644	-93.6969
IA	Sheldon	43.1808	-95.8401
IA	Shell Rock	42.7061	-92.5888
IA	Shellsburg	42.0848	-91.8746
IA	Shenandoah	40.7581	-95.3648
IA	Sherrill	42.6171	-90.8115
IA	Sibley	43.4069	-95.7424
IA	Sidney	40.7507	-95.6403
IA	Sigourney	41.3301	-92.2019
IA	Silver City	41.1130	-95.6269
IA	Sioux Center	43.0814	-96.1800
IA	Sioux City	42.4972	-96.4029
IA	Sioux Rapids	42.9065	-95.1388
IA	Slater	41.8765	-93.6812
IA	Sloan	42.2427	-96.2306
IA	Smithland	42.2408	-95.9486
IA	Soldier	41.9942	-95.7825
IA	Solon	41.8099	-91.5086
IA	Somers	42.3561	-94.4464
IA	South Amana	41.7576	-91.9263
IA	South English	41.4621	-92.1026
IA	Spencer	43.1451	-95.1457
IA	Sperry	40.9419	-91.1850
IA	Spillville	43.2050	-91.9508
IA	Spirit Lake	43.4262	-95.1123
IA	Spragueville	42.0727	-90.4730
IA	Springbrook	42.1674	-90.4846
IA	Springville	42.0607	-91.4394
IA	Stacyville	43.4457	-92.7610
IA	Stanhope	42.2904	-93.7751
IA	Stanley	42.6356	-91.8127
IA	Stanton	40.9859	-95.0988
IA	Stanwood	41.8963	-91.1662
IA	State Center	42.0109	-93.1673
IA	Steamboat Rock	42.4178	-93.0629
IA	Stockport	40.8589	-91.8035
IA	Stockton	41.5583	-90.8473
IA	Storm Lake	42.6474	-95.1961
IA	Story City	42.1835	-93.5988
IA	Stout	42.5000	-92.7117
IA	Stratford	42.2847	-93.9029
IA	Strawberry Point	42.6832	-91.5409
IA	Stuart	41.5186	-94.3046
IA	Sully	41.5740	-92.8451
IA	Sumner	42.8419	-92.1186
IA	Superior	43.4503	-94.9649
IA	Sutherland	42.9826	-95.4807
IA	Swaledale	42.9622	-93.3115
IA	Swan	41.4717	-93.2342
IA	Swea City	43.4022	-94.3193
IA	Swedesburg	41.1053	-91.5469
IA	Swisher	41.8268	-91.6739
IA	Tabor	40.9004	-95.6729
IA	Tama	41.9616	-92.5800
IA	Teeds Grove	42.0117	-90.2475
IA	Templeton	41.9121	-94.9320
IA	Terril	43.3241	-94.9737
IA	Thayer	41.0029	-94.0686
IA	Thompson	43.3875	-93.7517
IA	Thor	42.6889	-94.0390
IA	Thornburg	41.4547	-92.3356
IA	Thornton	42.9684	-93.4088
IA	Thurman	40.8424	-95.7605
IA	Tiffin	41.7058	-91.6628
IA	Tingley	40.8516	-94.1908
IA	Tipton	41.7563	-91.1362
IA	Titonka	43.2456	-94.0367
IA	Toddville	42.1039	-91.7290
IA	Toeterville	43.4422	-92.8903
IA	Toledo	42.0077	-92.5662
IA	Tracy	41.2756	-92.8753
IA	Traer	42.1847	-92.4827
IA	Treynor	41.2207	-95.6170
IA	Tripoli	42.8105	-92.2659
IA	Troy Mills	42.2900	-91.6822
IA	Truesdale	42.7292	-95.1825
IA	Truro	41.2076	-93.8410
IA	Udell	40.7836	-92.7185
IA	Underwood	41.3603	-95.6270
IA	Union	42.2521	-93.0562
IA	Unionville	40.8416	-92.6935
IA	University Park	41.2869	-92.6183
IA	Urbana	42.2242	-91.8742
IA	Urbandale	41.6295	-93.7230
IA	Ute	42.0581	-95.7125
IA	Vail	42.0338	-95.1778
IA	Van Horne	42.0194	-92.1046
IA	Van Meter	41.5394	-93.9530
IA	Van Wert	40.8645	-93.8073
IA	Varina	42.6581	-94.8975
IA	Ventura	43.1262	-93.4706
IA	Victor	41.7290	-92.2842
IA	Villisca	40.9437	-94.9796
IA	Vincent	42.5623	-94.0335
IA	Vining	41.9799	-92.3697
IA	Vinton	42.1743	-91.9892
IA	Viola	42.0908	-91.3850
IA	Volga	42.7904	-91.5429
IA	Wadena	42.8550	-91.6639
IA	Walcott	41.6453	-90.7256
IA	Walford	41.8783	-91.8344
IA	Walker	42.2720	-91.7302
IA	Wall Lake	42.2653	-95.0852
IA	Wallingford	43.3122	-94.8206
IA	Walnut	41.4623	-95.2180
IA	Wapello	41.2070	-91.1719
IA	Washington	41.3015	-91.6987
IA	Washta	42.5781	-95.7295
IA	Waterloo	42.4778	-92.3661
IA	Waterville	43.2636	-91.2630
IA	Watkins	41.9040	-91.9965
IA	Waucoma	43.0433	-92.0302
IA	Waukee	41.5930	-93.8592
IA	Waukon	43.2640	-91.4800
IA	Waverly	42.7373	-92.4662
IA	Wayland	41.1449	-91.6589
IA	Webb	42.9502	-94.9951
IA	Webster	41.4364	-92.1765
IA	Webster City	42.4657	-93.8262
IA	Weldon	40.8739	-93.7387
IA	Wellman	41.4700	-91.8400
IA	Wellsburg	42.4494	-92.9398
IA	Welton	41.9075	-90.6068
IA	Wesley	43.0977	-94.0038
IA	West Bend	42.9574	-94.4564
IA	West Branch	41.6726	-91.3141
IA	West Burlington	40.8321	-91.1799
IA	West Chester	41.3610	-91.8619
IA	West Des Moines	41.5805	-93.7447
IA	West Grove	40.7196	-92.5498
IA	West Liberty	41.5701	-91.2668
IA	West Point	40.7150	-91.4397
IA	West Union	42.9732	-91.8036
IA	Westfield	42.6953	-96.4920
IA	Westgate	42.8055	-92.0183
IA	Westphalia	41.7180	-95.3870
IA	Westside	42.1084	-95.1273
IA	Wever	40.7067	-91.2268
IA	What Cheer	41.3953	-92.3548
IA	Wheatland	41.8259	-90.8402
IA	Whiting	42.1522	-96.1822
IA	Whittemore	43.0261	-94.4064
IA	Whitten	42.2608	-93.0053
IA	Williams	42.4614	-93.5677
IA	Williamsburg	41.6393	-92.0240
IA	Williamson	41.1020	-93.2659
IA	Wilton	41.5858	-91.0100
IA	Winfield	41.1257	-91.4379
IA	Winterset	41.3391	-94.0088
IA	Winthrop	42.4912	-91.7315
IA	Wiota	41.3846	-94.8405
IA	Woden	43.2226	-93.9109
IA	Woodbine	41.7373	-95.7008
IA	Woodburn	41.0000	-93.6083
IA	Woodward	41.8452	-93.9056
IA	Woolstock	42.5844	-93.8216
IA	Worthington	42.3930	-91.1069
IA	Wyoming	42.0604	-90.9940
IA	Yale	41.7753	-94.3503
IA	Yarmouth	41.0297	-91.3175
IA	Yorktown	40.7692	-95.2163
IA	Zearing	42.1535	-93.2928
IA	Zwingle	42.2775	-90.7507
ID	Aberdeen	42.9767	-112.8181
ID	Ahsahka	46.5103	-116.3715
ID	Albion	42.4128	-113.5772
ID	Almo	42.1003	-113.6328
ID	American Falls	42.7899	-112.8707
ID	Arbon	42.5026	-112.5585
ID	Arco	43.6355	-113.3176
ID	Arimo	42.5600	-112.1746
ID	Ashton	43.9881	-111.6195
ID	Athol	47.9267	-116.7318
ID	Atlanta	43.5674	-115.3570
ID	Atomic City	43.4450	-112.8119
ID	Avery	47.2714	-115.8660
ID	Bancroft	42.7205	-111.8429
ID	Banks	44.1492	-115.9837
ID	Basalt	43.3156	-112.1636
ID	Bayview	47.9654	-116.5687
ID	Bellevue	43.4397	-114.2498
ID	Bern	42.3191	-111.3926
ID	Blackfoot	43.1943	-112.3615
ID	Blanchard	48.0223	-116.9909
ID	Bliss	42.9449	-114.9104
ID	Bloomington	42.1919	-111.4006
ID	Boise	43.6136	-116.2025
ID	Bonners Ferry	48.7306	-116.3322
ID	Bovill	46.8589	-116.3925
ID	Bruneau	42.7601	-115.6773
ID	Buhl	42.6008	-114.7825
ID	Burley	42.5244	-113.7931
ID	Calder	47.2741	-116.2228
ID	Caldwell	43.6627	-116.7000
ID	Cambridge	44.5922	-116.6757
ID	Carey	43.2744	-113.8926
ID	Careywood	48.0625	-116.5988
ID	Carmen	45.2550	-113.8573
ID	Cascade	44.4933	-116.0277
ID	Castleford	42.5210	-114.8734
ID	Cataldo	47.5522	-116.4431
ID	Challis	44.4969	-114.1946
ID	Chester	43.9994	-111.5692
ID	Clark Fork	48.1405	-116.1699
ID	Clarkia	47.0445	-116.2774
ID	Clayton	44.2733	-114.4102
ID	Clifton	42.2160	-111.9957
ID	Cobalt	45.0042	-114.3333
ID	Cocolalla	48.1248	-116.6571
ID	Coeur D Alene	47.6928	-116.7850
ID	Colburn	48.3972	-116.5342
ID	Conda	42.7171	-111.5402
ID	Coolin	48.5228	-116.8408
ID	Corral	43.3071	-115.0087
ID	Cottonwood	46.0448	-116.3733
ID	Council	44.7628	-116.4518
ID	Craigmont	46.2453	-116.4677
ID	Culdesac	46.3780	-116.6536
ID	Dayton	42.1184	-111.9858
ID	Deary	46.8061	-116.5238
ID	Declo	42.5240	-113.6448
ID	Desmet	47.1260	-116.8937
ID	Dietrich	42.9125	-114.2664
ID	Dingle	42.2194	-111.2672
ID	Donnelly	44.7494	-116.0858
ID	Dover	48.2517	-116.6100
ID	Downey	42.4181	-112.1090
ID	Driggs	43.7263	-111.1199
ID	Dubois	44.1858	-112.3259
ID	Eagle	43.7069	-116.3620
ID	Eastport	48.9994	-116.1803
ID	Eden	42.5804	-114.1628
ID	Elk City	45.8889	-115.3592
ID	Elk River	46.7830	-116.1799
ID	Ellis	44.8788	-114.0016
ID	Emmett	43.8792	-116.5115
ID	Fairfield	43.3675	-114.7908
ID	Felt	43.8724	-111.1895
ID	Fenn	45.9267	-116.1214
ID	Ferdinand	46.1349	-116.3982
ID	Fernwood	47.1160	-116.3831
ID	Filer	42.5653	-114.6140
ID	Firth	43.3021	-112.1588
ID	Fish Haven	42.0459	-111.4633
ID	Fort Hall	42.9887	-112.4599
ID	Franklin	42.0304	-111.8229
ID	Fruitland	44.0027	-116.9143
ID	Garden City	43.6430	-116.2658
ID	Garden Valley	44.0909	-115.8243
ID	Genesee	46.5714	-116.9290
ID	Geneva	42.3136	-111.0722
ID	Georgetown	42.4733	-111.3969
ID	Gibbonsville	45.4846	-113.9565
ID	Glenns Ferry	42.9622	-115.3160
ID	Gooding	42.9373	-114.7120
ID	Grace	42.5500	-111.7400
ID	Grand View	42.8101	-116.0819
ID	Grangeville	45.9272	-116.1076
ID	Greencreek	46.1155	-116.2724
ID	Greenleaf	43.6714	-116.8153
ID	Hagerman	42.8142	-114.8870
ID	Hailey	43.5239	-114.3064
ID	Hamer	43.9308	-112.1872
ID	Hammett	42.9818	-115.5658
ID	Hansen	42.5249	-114.2994
ID	Harrison	47.5017	-116.7446
ID	Harvard	46.9376	-116.7025
ID	Hayden	47.7739	-116.7768
ID	Hazelton	42.5955	-114.1350
ID	Heyburn	42.5599	-113.7709
ID	Hill City	43.3006	-115.0503
ID	Holbrook	42.2221	-112.6934
ID	Homedale	43.6138	-116.9472
ID	Hope	48.2444	-116.2795
ID	Horseshoe Bend	43.9229	-116.1809
ID	Howe	43.7836	-113.0039
ID	Huston	43.6103	-116.7822
ID	Idaho City	43.7586	-115.9184
ID	Idaho Falls	43.5177	-111.9906
ID	Indian Valley	44.5491	-116.4430
ID	Inkom	42.7964	-112.2465
ID	Iona	43.5259	-111.9284
ID	Irwin	43.4086	-111.2986
ID	Island Park	44.4466	-111.3679
ID	Jerome	42.7178	-114.5012
ID	Juliaetta	46.5754	-116.7188
ID	Kamiah	46.2186	-116.0347
ID	Kellogg	47.5431	-116.1253
ID	Kendrick	46.6286	-116.6049
ID	Ketchum	43.6755	-114.3737
ID	Kimberly	42.5287	-114.3657
ID	King Hill	42.9361	-115.2691
ID	Kingston	47.5509	-116.2887
ID	Kooskia	46.1259	-115.9240
ID	Kootenai	48.3103	-116.5125
ID	Kuna	43.4870	-116.3819
ID	Laclede	48.1703	-116.7550
ID	Lake Fork	44.8917	-116.0786
ID	Lapwai	46.4124	-116.7902
ID	Lava Hot Springs	42.6185	-112.0176
ID	Leadore	44.7389	-113.4926
ID	Lemhi	44.8517	-113.6189
ID	Lenore	46.5354	-116.5130
ID	Letha	43.8403	-116.5850
ID	Lewiston	46.3895	-116.9877
ID	Lewisville	43.6725	-112.0189
ID	Lowman	44.1106	-115.5285
ID	Lucile	45.5570	-116.2669
ID	Mackay	43.9111	-113.6120
ID	Macks Inn	44.4244	-111.3703
ID	Malad City	42.1808	-112.2620
ID	Malta	42.3647	-113.4487
ID	Marsing	43.5399	-116.8240
ID	May	44.7017	-113.9160
ID	Mccall	44.8918	-116.0789
ID	Mccammon	42.6336	-112.1758
ID	Medimont	47.4625	-116.5683
ID	Melba	43.3784	-116.5489
ID	Menan	43.7266	-111.9837
ID	Meridian	43.6150	-116.3975
ID	Mesa	44.6577	-116.4211
ID	Middleton	43.7191	-116.6112
ID	Midvale	44.4420	-116.7038
ID	Minidoka	42.7598	-113.6200
ID	Monteview	43.9862	-112.5783
ID	Montpelier	42.3520	-111.3195
ID	Moore	43.7821	-113.2603
ID	Moreland	43.2228	-112.4417
ID	Moscow	46.7309	-116.9897
ID	Mountain Home	43.1392	-115.6963
ID	Mountain Home A F B	43.0493	-115.8736
ID	Moyie Springs	48.7464	-116.1796
ID	Mullan	47.4709	-115.7926
ID	Murphy	43.2073	-116.6054
ID	Murray	47.6272	-115.8575
ID	Murtaugh	42.4776	-114.1606
ID	Nampa	43.5834	-116.5848
ID	Naples	48.6049	-116.3196
ID	New Meadows	44.9940	-116.2874
ID	New Plymouth	43.9590	-116.8048
ID	Newdale	43.8881	-111.6042
ID	Nezperce	46.2475	-116.2393
ID	Nordman	48.5669	-116.9213
ID	North Fork	45.3776	-113.8573
ID	Notus	43.7256	-116.8003
ID	Oakley	42.3476	-113.9069
ID	Ola	44.2350	-116.2909
ID	Oldtown	48.1880	-116.9274
ID	Orofino	46.4952	-116.2404
ID	Osburn	47.5061	-115.9983
ID	Paris	42.2071	-111.4029
ID	Parker	43.9594	-111.7569
ID	Parma	43.7896	-116.9401
ID	Paul	42.6240	-113.7971
ID	Payette	44.0782	-116.9203
ID	Peck	46.4807	-116.4114
ID	Picabo	43.3101	-114.0861
ID	Pierce	46.4924	-115.8071
ID	Pinehurst	47.5018	-116.2647
ID	Pingree	43.1956	-112.4490
ID	Placerville	43.9433	-115.9461
ID	Plummer	47.3278	-116.8662
ID	Pocatello	42.8876	-112.4381
ID	Pollock	45.3068	-116.3517
ID	Ponderay	48.3056	-116.5328
ID	Porthill	48.9920	-116.4775
ID	Post Falls	47.7205	-116.9353
ID	Potlatch	46.9448	-116.9141
ID	Preston	42.1109	-111.8565
ID	Priest River	48.1664	-116.9066
ID	Princeton	46.8996	-116.8287
ID	Rathdrum	47.8241	-116.8873
ID	Reubens	46.3361	-116.5333
ID	Rexburg	43.8100	-111.7890
ID	Richfield	43.0588	-114.1508
ID	Rigby	43.6715	-111.9005
ID	Riggins	45.3970	-116.3006
ID	Ririe	43.6320	-111.7607
ID	Roberts	43.7116	-112.1196
ID	Rockland	42.5556	-112.8540
ID	Rogerson	42.2196	-114.6038
ID	Rupert	42.6215	-113.6670
ID	Sagle	48.2035	-116.5455
ID	Saint Anthony	44.2745	-111.5232
ID	Saint Charles	42.1128	-111.3897
ID	Saint Maries	47.2977	-116.5681
ID	Salmon	45.1571	-113.8784
ID	Sandpoint	48.3120	-116.5332
ID	Santa	47.1503	-116.4481
ID	Shelley	43.3769	-112.1075
ID	Shoshone	42.9474	-114.3822
ID	Shoup	45.1851	-114.4060
ID	Silverton	47.4931	-115.9544
ID	Smelterville	47.5371	-116.2401
ID	Soda Springs	42.6718	-111.5699
ID	Spencer	44.2814	-112.0988
ID	Spirit Lake	47.9657	-116.8680
ID	Springfield	43.0817	-112.6811
ID	Stanley	44.2291	-114.7254
ID	Star	43.7013	-116.4967
ID	Stites	46.0917	-115.9753
ID	Sugar City	43.8669	-111.7900
ID	Sun Valley	43.6955	-114.3557
ID	Swan Valley	43.4058	-111.2794
ID	Swanlake	42.3078	-111.9981
ID	Sweet	43.9948	-116.3232
ID	Tendoy	44.9594	-113.6439
ID	Tensed	47.1707	-116.9027
ID	Terreton	43.8586	-112.4200
ID	Teton	43.8988	-111.6681
ID	Tetonia	43.8437	-111.1870
ID	Thatcher	42.3320	-111.7890
ID	Troy	46.7426	-116.7681
ID	Twin Falls	42.5565	-114.4693
ID	Ucon	43.5964	-111.9631
ID	Victor	43.6148	-111.1259
ID	Viola	46.8583	-116.9732
ID	Wallace	47.4908	-115.9620
ID	Warren	45.2642	-115.6756
ID	Wayan	43.0269	-111.2541
ID	Weippe	46.3807	-115.9386
ID	Weiser	44.2522	-116.9651
ID	Wendell	42.7579	-114.7154
ID	Weston	42.0446	-111.9715
ID	White Bird	45.7521	-116.2889
ID	Wilder	43.6579	-116.9122
ID	Winchester	46.2383	-116.6204
ID	Worley	47.4292	-116.9056
ID	Yellow Pine	44.9698	-115.4963
IL	Abingdon	40.8023	-90.4009
IL	Adair	40.3852	-90.5037
IL	Addieville	38.3604	-89.5227
IL	Addison	41.9335	-88.0054
IL	Akin	37.9878	-88.7522
IL	Albany	41.7659	-90.2081
IL	Albers	38.5320	-89.6202
IL	Albion	38.3740	-88.0636
IL	Alden	42.4589	-88.5178
IL	Aledo	41.2008	-90.7416
IL	Alexander	39.7259	-90.0353
IL	Alexis	41.0521	-90.5436
IL	Algonquin	42.1709	-88.3014
IL	Alhambra	38.8822	-89.7441
IL	Allendale	38.5232	-87.7219
IL	Allerton	39.9188	-87.9312
IL	Alma	38.7231	-88.9157
IL	Alpha	41.1930	-90.3821
IL	Alsey	39.5606	-90.4339
IL	Alsip	41.6723	-87.7339
IL	Altamont	39.0634	-88.7481
IL	Alto Pass	37.5681	-89.3172
IL	Alton	38.9087	-90.1568
IL	Altona	41.1128	-90.1598
IL	Alvin	40.3007	-87.6080
IL	Amboy	41.7042	-89.3472
IL	Anchor	40.5441	-88.5266
IL	Ancona	41.0551	-88.7660
IL	Andalusia	41.4353	-90.7284
IL	Andover	41.2939	-90.2919
IL	Anna	37.4668	-89.2207
IL	Annapolis	39.1179	-87.8029
IL	Annawan	41.3980	-89.9129
IL	Antioch	42.4648	-88.1178
IL	Apple River	42.4714	-90.1201
IL	Arcola	39.6870	-88.3037
IL	Arenzville	39.8979	-90.3636
IL	Argenta	39.9916	-88.8214
IL	Arlington	41.4437	-89.2219
IL	Arlington Heights	42.1116	-87.9791
IL	Armington	40.3170	-89.3218
IL	Armstrong	40.2175	-87.8943
IL	Aroma Park	41.0947	-87.7719
IL	Arrowsmith	40.4120	-88.6296
IL	Arthur	39.7077	-88.4555
IL	Ashkum	40.8844	-87.9411
IL	Ashland	39.8917	-90.0287
IL	Ashley	38.3060	-89.2311
IL	Ashmore	39.5254	-88.0341
IL	Ashton	41.8643	-89.2086
IL	Assumption	39.5095	-89.0398
IL	Astoria	40.2311	-90.3443
IL	Athens	39.9648	-89.7211
IL	Atkinson	41.4162	-90.0225
IL	Atlanta	40.2586	-89.2300
IL	Atwood	39.8044	-88.4494
IL	Auburn	39.5918	-89.7440
IL	Augusta	40.2341	-90.9554
IL	Aurora	41.7826	-88.2607
IL	Ava	37.8793	-89.4654
IL	Aviston	38.6067	-89.6075
IL	Avon	40.6549	-90.4461
IL	Baileyville	42.1905	-89.5939
IL	Baldwin	38.1754	-89.8414
IL	Bardolph	40.4981	-90.5025
IL	Barnhill	38.2781	-88.3508
IL	Barrington	42.1614	-88.1383
IL	Barry	39.7047	-91.0265
IL	Barstow	41.5183	-90.3569
IL	Bartelso	38.5385	-89.4578
IL	Bartlett	41.9836	-88.1604
IL	Basco	40.3283	-91.1970
IL	Batavia	41.8482	-88.3098
IL	Batchtown	39.0725	-90.6591
IL	Bath	40.1618	-90.1486
IL	Baylis	39.7612	-90.8832
IL	Beardstown	40.0044	-90.4229
IL	Beason	40.1437	-89.1948
IL	Beaverville	40.9672	-87.6217
IL	Beckemeyer	38.6056	-89.4358
IL	Bedford Park	41.7594	-87.7867
IL	Beecher	41.3444	-87.6115
IL	Beecher City	39.1835	-88.8038
IL	Belknap	37.3266	-88.9507
IL	Belle Rive	38.2153	-88.7558
IL	Belleville	38.5127	-89.9847
IL	Bellflower	40.3401	-88.5227
IL	Bellmont	38.3844	-87.9114
IL	Bellwood	41.8825	-87.8786
IL	Belvidere	42.2595	-88.8509
IL	Bement	39.9222	-88.5688
IL	Benld	39.0939	-89.8031
IL	Bensenville	41.9536	-87.9350
IL	Benson	40.8306	-89.1165
IL	Benton	38.0000	-88.9227
IL	Berkeley	41.8865	-87.9107
IL	Berwick	40.7799	-90.5059
IL	Berwyn	41.8418	-87.7908
IL	Bethalto	38.9074	-90.0344
IL	Bethany	39.6348	-88.7543
IL	Big Rock	41.7593	-88.5376
IL	Biggsville	40.8531	-90.8561
IL	Bingham	39.1467	-89.1958
IL	Bishop Hill	41.2017	-90.1189
IL	Bismarck	40.2552	-87.6138
IL	Blackstone	41.0719	-88.6498
IL	Blandinsville	40.5516	-90.8595
IL	Bloomingdale	41.9483	-88.0782
IL	Bloomington	40.4783	-88.9893
IL	Blue Island	41.6582	-87.6795
IL	Blue Mound	39.6978	-89.1136
IL	Bluff Springs	39.9878	-90.3458
IL	Bluffs	39.7441	-90.5305
IL	Bluford	38.3531	-88.7587
IL	Boles	37.3672	-89.0056
IL	Bolingbrook	41.6976	-88.0873
IL	Bondville	40.1133	-88.3694
IL	Bone Gap	38.4490	-88.0025
IL	Bonfield	41.1573	-88.0619
IL	Bonnie	38.1980	-88.9229
IL	Boody	39.7628	-89.0721
IL	Bourbonnais	41.1661	-87.8790
IL	Bowen	40.2341	-91.0705
IL	Braceville	41.2288	-88.2690
IL	Bradford	41.1532	-89.6521
IL	Bradley	41.1454	-87.8601
IL	Braidwood	41.2657	-88.2231
IL	Breese	38.6188	-89.5284
IL	Bridgeport	38.6945	-87.8549
IL	Bridgeview	41.7431	-87.8066
IL	Brighton	39.0361	-90.1443
IL	Brimfield	40.8407	-89.8970
IL	Bristol	41.7074	-88.4014
IL	Broadlands	39.9142	-87.9948
IL	Broadview	41.8639	-87.8533
IL	Brocton	39.6923	-87.9263
IL	Brookfield	41.8217	-87.8492
IL	Brookport	37.1387	-88.6119
IL	Broughton	37.9546	-88.4678
IL	Browning	40.1550	-90.3517
IL	Browns	38.3764	-87.9928
IL	Brownstown	38.9891	-88.9494
IL	Brussels	38.9371	-90.5907
IL	Bryant	40.4831	-90.0661
IL	Buckingham	41.0433	-88.1772
IL	Buckley	40.6018	-88.0361
IL	Buckner	37.9669	-88.9780
IL	Buda	41.3140	-89.6795
IL	Buffalo	39.8472	-89.3888
IL	Buffalo Grove	42.1598	-87.9644
IL	Buffalo Prairie	41.3383	-90.8547
IL	Bulpitt	39.5917	-89.4239
IL	Buncombe	37.4637	-88.9806
IL	Bunker Hill	39.0408	-89.9624
IL	Burbank	41.7447	-87.7699
IL	Bureau	41.2892	-89.3664
IL	Burlington	42.0528	-88.5481
IL	Burnt Prairie	38.2082	-88.2147
IL	Bushnell	40.5539	-90.5060
IL	Butler	39.2114	-89.5305
IL	Byron	42.1292	-89.2659
IL	Cabery	40.9819	-88.1921
IL	Cairo	37.0123	-89.1811
IL	Caledonia	42.3835	-88.9185
IL	Calhoun	38.6351	-88.0037
IL	Calumet City	41.6153	-87.5483
IL	Camargo	39.8000	-88.1468
IL	Cambria	37.7814	-89.1192
IL	Cambridge	41.3114	-90.1805
IL	Camden	40.1511	-90.7544
IL	Cameron	40.8890	-90.5001
IL	Camp Grove	41.0789	-89.6331
IL	Camp Point	40.0293	-91.0769
IL	Campbell Hill	37.9228	-89.5799
IL	Campus	41.0233	-88.3061
IL	Canton	40.5601	-90.0242
IL	Cantrall	39.9113	-89.6643
IL	Capron	42.4087	-88.7465
IL	Carbon Cliff	41.4947	-90.3906
IL	Carbondale	37.7200	-89.2158
IL	Carlinville	39.2798	-89.8889
IL	Carlock	40.6029	-89.1098
IL	Carlyle	38.6066	-89.3805
IL	Carman	40.7551	-91.0564
IL	Carmi	38.0808	-88.1670
IL	Carol Stream	41.9166	-88.1209
IL	Carpentersville	42.1230	-88.2606
IL	Carrier Mills	37.6782	-88.6127
IL	Carrollton	39.3009	-90.4092
IL	Carterville	37.7748	-89.0978
IL	Carthage	40.4129	-91.1005
IL	Cary	42.2196	-88.2426
IL	Casey	39.3017	-87.9913
IL	Caseyville	38.6345	-90.0135
IL	Castleton	41.1178	-89.7061
IL	Catlin	40.0699	-87.7113
IL	Cave In Rock	37.5179	-88.2220
IL	Cedar Point	41.2631	-89.1256
IL	Cedarville	42.3758	-89.6331
IL	Centralia	38.5241	-89.1365
IL	Cerro Gordo	39.8681	-88.7256
IL	Chadwick	41.9962	-89.8963
IL	Chambersburg	39.8071	-90.6630
IL	Champaign	40.1110	-88.2407
IL	Chana	41.9933	-89.2117
IL	Chandlerville	40.0384	-90.1477
IL	Channahon	41.4347	-88.2138
IL	Chapin	39.7716	-90.4113
IL	Charleston	39.4869	-88.1761
IL	Chatham	39.6737	-89.7112
IL	Chatsworth	40.7484	-88.2937
IL	Chebanse	41.0254	-87.8959
IL	Chenoa	40.7446	-88.7219
IL	Cherry	41.4269	-89.2133
IL	Cherry Valley	42.2206	-88.9619
IL	Chester	37.9188	-89.8218
IL	Chesterfield	39.2708	-90.0766
IL	Chestnut	40.0582	-89.1900
IL	Chicago	41.8858	-87.6181
IL	Chicago Heights	41.5062	-87.6132
IL	Chicago Ridge	41.7017	-87.7774
IL	Chillicothe	40.9013	-89.5068
IL	Chrisman	39.7996	-87.6556
IL	Christopher	37.9849	-89.0574
IL	Cicero	41.8456	-87.7539
IL	Cisco	39.9972	-88.6962
IL	Cisne	38.5138	-88.4045
IL	Cissna Park	40.5858	-87.8759
IL	Clare	42.0270	-88.8378
IL	Claremont	38.7429	-87.9727
IL	Clarendon Hills	41.7797	-87.9553
IL	Clay City	38.6695	-88.3516
IL	Clayton	40.0133	-90.9554
IL	Claytonville	40.5669	-87.8231
IL	Clifton	40.9394	-87.9202
IL	Clinton	40.1487	-88.9627
IL	Coal City	41.2908	-88.2823
IL	Coal Valley	41.4351	-90.4652
IL	Coatsburg	40.0554	-91.1747
IL	Cobden	37.5424	-89.2457
IL	Coello	37.9942	-89.0672
IL	Coffeen	39.0908	-89.3945
IL	Colchester	40.4156	-90.7846
IL	Colfax	40.5704	-88.6200
IL	Collinsville	38.6835	-89.9853
IL	Collison	40.2207	-87.7987
IL	Colona	41.4752	-90.3492
IL	Colp	37.8053	-89.0800
IL	Columbia	38.4325	-90.2027
IL	Colusa	40.5708	-91.1678
IL	Compton	41.6850	-89.0877
IL	Concord	39.8230	-90.3722
IL	Congerville	40.6208	-89.1994
IL	Cooksville	40.5360	-88.7350
IL	Cordova	41.6928	-90.3071
IL	Cornell	40.9858	-88.7427
IL	Cornland	39.9372	-89.4022
IL	Cortland	41.9200	-88.6886
IL	Cottage Hills	38.9124	-90.0826
IL	Coulterville	38.1764	-89.5821
IL	Country Club Hills	41.5598	-87.7185
IL	Cowden	39.2326	-88.8868
IL	Creal Springs	37.6284	-88.8807
IL	Crescent City	40.7682	-87.8370
IL	Crest Hill	41.5662	-88.1169
IL	Creston	41.9308	-88.9644
IL	Crete	41.4390	-87.6027
IL	Creve Coeur	40.6472	-89.5911
IL	Cropsey	40.6030	-88.4943
IL	Crossville	38.1660	-88.0595
IL	Crystal Lake	42.2662	-88.3213
IL	Cuba	40.4995	-90.1811
IL	Cullom	40.8781	-88.2765
IL	Cutler	38.0427	-89.5661
IL	Cypress	37.3662	-89.0144
IL	Dahinda	40.9551	-90.1398
IL	Dahlgren	38.1975	-88.6363
IL	Dakota	42.4031	-89.5468
IL	Dale	37.9966	-88.5342
IL	Dallas City	40.6201	-91.1635
IL	Dalton City	39.7119	-88.7975
IL	Dalzell	41.3731	-89.2033
IL	Dana	40.9547	-88.9628
IL	Danforth	40.8244	-87.9868
IL	Danvers	40.5364	-89.1885
IL	Danville	40.1370	-87.6217
IL	Darien	41.7519	-87.9739
IL	Davis	42.4422	-89.4067
IL	Davis Junction	42.0979	-89.0838
IL	Dawson	39.8563	-89.4603
IL	De Land	40.1107	-88.6392
IL	De Soto	37.8147	-89.2218
IL	Decatur	39.8271	-88.9260
IL	Deer Creek	40.6280	-89.3003
IL	Deer Grove	41.6316	-89.6972
IL	Deerfield	42.1705	-87.8590
IL	Dekalb	41.9342	-88.7607
IL	Delavan	40.3690	-89.5321
IL	Dennison	39.4490	-87.5867
IL	Depue	41.3261	-89.3011
IL	Des Plaines	42.0467	-87.8859
IL	Dewey	40.3131	-88.2770
IL	Dewitt	40.1848	-88.7637
IL	Dieterich	39.0319	-88.4074
IL	Divernon	39.5677	-89.6547
IL	Dix	38.4333	-88.9657
IL	Dixon	41.8478	-89.4893
IL	Dolton	41.6257	-87.5980
IL	Dongola	37.3712	-89.1349
IL	Donnellson	39.0344	-89.4909
IL	Donovan	40.8891	-87.6046
IL	Dorsey	38.9832	-89.9786
IL	Dover	41.4367	-89.3933
IL	Dow	39.0312	-90.3011
IL	Dowell	37.9397	-89.2378
IL	Downers Grove	41.8034	-88.0138
IL	Downs	40.3809	-88.8708
IL	Du Bois	38.2526	-89.2042
IL	Du Quoin	38.0137	-89.2333
IL	Dundas	38.8306	-88.0973
IL	Dundee	42.0962	-88.2902
IL	Dunfermline	40.4903	-90.0313
IL	Dunlap	40.8444	-89.6397
IL	Dupo	38.5148	-90.1942
IL	Durand	42.4337	-89.3094
IL	Dwight	41.0887	-88.4159
IL	Eagarville	39.1117	-89.7839
IL	Earlville	41.5859	-88.9103
IL	East Alton	38.8803	-90.0830
IL	East Carondelet	38.5349	-90.2208
IL	East Dubuque	42.4875	-90.6046
IL	East Galesburg	40.9478	-90.3100
IL	East Lynn	40.4664	-87.8000
IL	East Moline	41.5118	-90.4321
IL	East Peoria	40.6731	-89.5514
IL	East Saint Louis	38.6315	-90.1381
IL	Easton	40.2355	-89.8464
IL	Eddyville	37.5244	-88.5949
IL	Edelstein	40.9454	-89.5858
IL	Edgewood	38.9132	-88.6639
IL	Edinburg	39.6612	-89.3779
IL	Edwards	40.7644	-89.7053
IL	Edwardsville	38.8050	-89.9637
IL	Effingham	39.1217	-88.5611
IL	El Paso	40.7389	-89.0120
IL	Elburn	41.8824	-88.4611
IL	Eldena	41.7711	-89.4100
IL	Eldorado	37.8139	-88.4434
IL	Eldred	39.2836	-90.5329
IL	Eleroy	42.3325	-89.7606
IL	Elgin	42.0384	-88.2606
IL	Elizabeth	42.3089	-90.1986
IL	Elizabethtown	37.4665	-88.2867
IL	Elk Grove Village	42.0056	-88.0128
IL	Elkhart	40.0024	-89.4749
IL	Elkville	37.9155	-89.2336
IL	Ellery	38.3650	-88.1335
IL	Elliott	40.4647	-88.2722
IL	Ellis Grove	38.0054	-89.9008
IL	Ellisville	40.6047	-90.2875
IL	Ellsworth	40.4432	-88.7371
IL	Elmhurst	41.8927	-87.9410
IL	Elmwood	40.7726	-89.9289
IL	Elmwood Park	41.9219	-87.8083
IL	Elsah	38.9613	-90.3319
IL	Elvaston	40.4066	-91.2164
IL	Elwin	39.7789	-88.9800
IL	Elwood	41.4260	-88.0864
IL	Emden	40.2945	-89.5174
IL	Emington	40.9783	-88.3211
IL	Emma	37.9747	-88.1203
IL	Energy	37.7739	-89.0264
IL	Enfield	38.0927	-88.3325
IL	Eola	41.7775	-88.2428
IL	Equality	37.7278	-88.3445
IL	Erie	41.6560	-90.0843
IL	Esmond	42.0225	-88.9439
IL	Essex	41.1676	-88.1845
IL	Eureka	40.7152	-89.2706
IL	Evanston	42.0546	-87.6943
IL	Evansville	38.0926	-89.9170
IL	Evergreen Park	41.7216	-87.7026
IL	Ewing	38.0702	-88.8504
IL	Fairbury	40.7450	-88.5165
IL	Fairfield	38.3782	-88.3593
IL	Fairmount	40.0373	-87.8365
IL	Fairview	40.6442	-90.1653
IL	Fairview Heights	38.5960	-90.0071
IL	Farina	38.8469	-88.7614
IL	Farmer City	40.2447	-88.6634
IL	Farmersville	39.4530	-89.6427
IL	Farmington	40.6903	-90.0134
IL	Fenton	41.7285	-90.0457
IL	Ferris	40.4689	-91.1703
IL	Fiatt	40.5718	-90.1622
IL	Fidelity	39.1323	-90.1988
IL	Fieldon	39.1086	-90.5297
IL	Fillmore	39.1039	-89.2946
IL	Findlay	39.5033	-88.7562
IL	Fisher	40.2991	-88.3560
IL	Fithian	40.1192	-87.8797
IL	Flanagan	40.8790	-88.8620
IL	Flat Rock	38.9096	-87.6837
IL	Flora	38.6703	-88.4919
IL	Flossmoor	41.5406	-87.6837
IL	Foosland	40.3554	-88.4202
IL	Forest City	40.3594	-89.8334
IL	Forest Park	41.8744	-87.8106
IL	Forrest	40.7513	-88.4111
IL	Forreston	42.1229	-89.5831
IL	Forsyth	39.9325	-88.9511
IL	Fort Sheridan	42.2097	-87.8056
IL	Fowler	39.9925	-91.2452
IL	Fox Lake	42.3937	-88.1648
IL	Fox River Grove	42.1936	-88.2205
IL	Fox Valley	41.7631	-88.2240
IL	Frankfort	41.5094	-87.8248
IL	Frankfort Heights	37.9013	-88.8457
IL	Franklin	39.6085	-90.0485
IL	Franklin Grove	41.8580	-89.3171
IL	Franklin Park	41.9339	-87.8734
IL	Frederick	40.0702	-90.5044
IL	Freeburg	38.4080	-89.9181
IL	Freeman Spur	37.8611	-88.9972
IL	Freeport	42.2991	-89.6345
IL	Fulton	41.8522	-90.1507
IL	Fults	38.1797	-90.1974
IL	Galatia	37.8274	-88.6235
IL	Galena	42.4182	-90.4195
IL	Galesburg	40.9521	-90.3698
IL	Galt	41.7894	-89.7622
IL	Galva	41.1656	-90.0481
IL	Garden Prairie	42.2510	-88.7437
IL	Gardner	41.1793	-88.2965
IL	Gays	39.4796	-88.5242
IL	Geff	38.4413	-88.4144
IL	Geneseo	41.4688	-90.1711
IL	Geneva	41.8860	-88.3110
IL	Genoa	42.0981	-88.6908
IL	Georgetown	39.9792	-87.6365
IL	Gerlaw	40.9995	-90.6228
IL	German Valley	42.2176	-89.4712
IL	Germantown	38.5487	-89.5413
IL	Gibson City	40.4659	-88.3609
IL	Gifford	40.3028	-88.0317
IL	Gilberts	42.0984	-88.3691
IL	Gillespie	39.1361	-89.8186
IL	Gilman	40.7680	-87.9933
IL	Gilson	40.8765	-90.1747
IL	Girard	39.4472	-89.7805
IL	Gladstone	40.8377	-90.9941
IL	Glasford	40.5760	-89.8113
IL	Glen Carbon	38.7609	-89.9706
IL	Glen Ellyn	41.8661	-88.0648
IL	Glenarm	39.6327	-89.6581
IL	Glencoe	42.1333	-87.7615
IL	Glendale Heights	41.9205	-88.0793
IL	Glenview	42.0758	-87.8223
IL	Glenwood	41.5467	-87.6126
IL	Godfrey	38.9460	-90.2060
IL	Golconda	37.3500	-88.5551
IL	Golden	40.1203	-91.0296
IL	Golden Eagle	38.8961	-90.5602
IL	Golden Gate	38.3645	-88.2075
IL	Golf	42.0589	-87.7925
IL	Good Hope	40.5749	-90.6324
IL	Goodfield	40.6297	-89.2747
IL	Goodwine	40.5672	-87.7844
IL	Goreville	37.5750	-88.9655
IL	Gorham	37.7406	-89.4440
IL	Grafton	39.0021	-90.4323
IL	Grand Chain	37.2510	-89.0083
IL	Grand Ridge	41.2386	-88.8168
IL	Grand Tower	37.6322	-89.4999
IL	Granite City	38.7216	-90.1158
IL	Grant Park	41.2477	-87.6480
IL	Grantsburg	37.3967	-88.7705
IL	Granville	41.2642	-89.2250
IL	Graymont	40.9066	-88.7603
IL	Grayslake	42.3485	-88.0378
IL	Grayville	38.2627	-88.0035
IL	Great Lakes	42.3032	-87.8642
IL	Green Valley	40.4198	-89.6549
IL	Greenfield	39.3491	-90.2089
IL	Greenup	39.2395	-88.1445
IL	Greenview	40.0799	-89.7116
IL	Greenville	38.8933	-89.4052
IL	Gridley	40.7439	-88.8840
IL	Griggsville	39.7084	-90.7249
IL	Groveland	40.5925	-89.5344
IL	Gurnee	42.3669	-87.9452
IL	Hagarstown	38.9433	-89.1683
IL	Hamburg	39.2235	-90.6995
IL	Hamel	38.8784	-89.8727
IL	Hamilton	40.4392	-91.3440
IL	Hammond	39.7946	-88.5793
IL	Hampshire	42.0807	-88.5170
IL	Hampton	41.5418	-90.3230
IL	Hanna City	40.6798	-89.7952
IL	Hanover	42.2594	-90.2897
IL	Hanover Park	41.7944	-87.8083
IL	Hardin	39.1547	-90.6240
IL	Harmon	41.6973	-89.5695
IL	Harrisburg	37.7257	-88.5440
IL	Harristown	39.8539	-89.0839
IL	Hartford	38.8299	-90.0745
IL	Hartsburg	40.2451	-89.4519
IL	Harvard	42.4227	-88.6048
IL	Harvel	39.3719	-89.5380
IL	Harvey	41.6085	-87.6611
IL	Harwood Heights	41.9647	-87.8187
IL	Havana	40.2960	-90.0495
IL	Hazel Crest	41.5738	-87.6849
IL	Hebron	42.4642	-88.4176
IL	Hecker	38.2810	-89.9831
IL	Henderson	41.0250	-90.3561
IL	Hennepin	41.2352	-89.3218
IL	Henning	40.3050	-87.7008
IL	Henry	41.1115	-89.3743
IL	Herod	37.4697	-88.4581
IL	Herrick	39.2245	-88.9812
IL	Herrin	37.8019	-89.0232
IL	Herscher	41.0464	-88.0858
IL	Hettick	39.3752	-90.0672
IL	Heyworth	40.3307	-88.9776
IL	Hickory Hills	41.7262	-87.8289
IL	Hidalgo	39.1228	-88.1397
IL	Highland	38.7631	-89.6789
IL	Highland Park	42.1794	-87.8059
IL	Highwood	42.2035	-87.8141
IL	Hillsboro	39.1494	-89.4881
IL	Hillsdale	41.5929	-90.2263
IL	Hillside	41.8725	-87.9016
IL	Hillview	39.4674	-90.5128
IL	Hinckley	41.7691	-88.6448
IL	Hindsboro	39.7018	-88.1486
IL	Hines	41.8623	-87.8355
IL	Hinsdale	41.7891	-87.9401
IL	Hoffman	38.5414	-89.2636
IL	Hoffman Estates	42.0481	-88.1047
IL	Holcomb	42.0647	-89.0956
IL	Homer	40.0346	-87.9627
IL	Homer Glen	41.6000	-87.9381
IL	Hometown	41.7311	-87.7315
IL	Homewood	41.5556	-87.6616
IL	Hoopeston	40.4639	-87.6662
IL	Hooppole	41.5222	-89.9097
IL	Hopedale	40.4273	-89.4214
IL	Hopkins Park	41.0633	-87.6250
IL	Hoyleton	38.4455	-89.3069
IL	Hudson	40.6205	-88.9759
IL	Huey	38.6044	-89.2911
IL	Hull	39.7186	-91.2338
IL	Humboldt	39.6012	-88.3141
IL	Hume	39.8009	-87.8747
IL	Huntley	42.1756	-88.4268
IL	Huntsville	40.1544	-90.8531
IL	Hurst	37.8331	-89.1428
IL	Hutsonville	39.1064	-87.6695
IL	Illinois City	41.3892	-90.8925
IL	Illiopolis	39.8499	-89.2513
IL	Ina	38.1527	-88.8894
IL	Indianola	39.9268	-87.7388
IL	Industry	40.3256	-90.6105
IL	Ingleside	42.3631	-88.1587
IL	Ingraham	38.8284	-88.3204
IL	Ipava	40.3594	-90.2967
IL	Iroquois	40.8275	-87.5819
IL	Irving	39.2089	-89.4104
IL	Irvington	38.4392	-89.1628
IL	Island Lake	42.2742	-88.1926
IL	Itasca	41.9720	-88.0202
IL	Iuka	38.6136	-88.7689
IL	Ivesdale	39.9502	-88.4451
IL	Jacksonville	39.7293	-90.2362
IL	Jacob	37.7437	-89.5444
IL	Janesville	39.3742	-88.2436
IL	Jerseyville	39.1213	-90.3338
IL	Jewett	39.2076	-88.2474
IL	Johnsonville	38.5256	-88.5887
IL	Johnston City	37.8245	-88.9209
IL	Joliet	41.5272	-88.0824
IL	Jonesboro	37.4461	-89.2915
IL	Joppa	37.2472	-88.8482
IL	Joy	41.2262	-90.8518
IL	Junction	37.6952	-88.2491
IL	Justice	41.7447	-87.8346
IL	Kampsville	39.3064	-90.6269
IL	Kane	39.2037	-90.3719
IL	Kaneville	41.8353	-88.5219
IL	Kankakee	41.1166	-87.8696
IL	Kansas	39.5525	-87.9352
IL	Karbers Ridge	37.4631	-88.3679
IL	Karnak	37.2911	-88.9739
IL	Kasbeer	41.5050	-89.4633
IL	Keenes	38.3691	-88.6481
IL	Keensburg	38.3506	-87.8686
IL	Keithsburg	41.1043	-90.9263
IL	Kell	38.5133	-88.8411
IL	Kempton	40.9126	-88.2090
IL	Kenilworth	42.0884	-87.7165
IL	Kenney	40.1025	-89.0789
IL	Kent	42.3155	-89.9195
IL	Kewanee	41.2411	-89.9274
IL	Keyesport	38.7388	-89.3063
IL	Kilbourne	40.1587	-90.0043
IL	Kincaid	39.5886	-89.4144
IL	Kinderhook	39.6953	-91.1637
IL	Kingston	42.1057	-88.7695
IL	Kingston Mines	40.4903	-89.8068
IL	Kinmundy	38.7559	-88.8130
IL	Kinsman	41.1618	-88.4805
IL	Kirkland	42.1014	-88.8685
IL	Kirkwood	40.8638	-90.7457
IL	Knoxville	40.9107	-90.2871
IL	La Fayette	41.1095	-89.9575
IL	La Grange	41.8013	-87.8753
IL	La Grange Park	41.8347	-87.8617
IL	La Harpe	40.5846	-90.9687
IL	La Moille	41.5376	-89.2970
IL	La Place	39.8061	-88.7081
IL	La Prairie	40.1572	-90.9844
IL	La Rose	40.9822	-89.2353
IL	La Salle	41.3442	-89.0955
IL	Lacon	41.0216	-89.4008
IL	Ladd	41.3825	-89.2189
IL	Lafox	41.8864	-88.4089
IL	Lake Bluff	42.2820	-87.8560
IL	Lake Forest	42.2374	-87.8482
IL	Lake Fork	39.9706	-89.3500
IL	Lake In The Hills	42.1817	-88.3303
IL	Lake Villa	42.4148	-88.0633
IL	Lake Zurich	42.1967	-88.0703
IL	Lakewood	39.3134	-88.8715
IL	Lanark	42.0935	-89.8247
IL	Lancaster	38.5374	-87.8712
IL	Lane	40.1225	-88.8556
IL	Lansing	41.5660	-87.5446
IL	Latham	39.9711	-89.1725
IL	Laura	40.9335	-89.9349
IL	Lawndale	40.2181	-89.2825
IL	Lawrenceville	38.7309	-87.6784
IL	Le Roy	40.3468	-88.7598
IL	Leaf River	42.1410	-89.4010
IL	Lebanon	38.6053	-89.7992
IL	Lee	41.7864	-88.9714
IL	Lee Center	41.7475	-89.2786
IL	Leland	41.6066	-88.7716
IL	Lemont	41.6951	-88.0236
IL	Lena	42.3791	-89.8253
IL	Lenzburg	38.2950	-89.7922
IL	Leonore	41.1664	-88.9969
IL	Lerna	39.3958	-88.2530
IL	Lewistown	40.3830	-90.1563
IL	Lexington	40.6357	-88.8062
IL	Liberty	39.8892	-91.0869
IL	Libertyville	42.2810	-87.9500
IL	Lima	40.1701	-91.3868
IL	Lincoln	40.1451	-89.3684
IL	Lincolns New Salem	40.0444	-89.8542
IL	Lincolnshire	42.1929	-87.9048
IL	Lincolnwood	42.0044	-87.7300
IL	Lindenwood	42.0507	-89.0340
IL	Lisle	41.7862	-88.0879
IL	Litchfield	39.1793	-89.6499
IL	Literberry	39.8542	-90.1994
IL	Little York	41.0153	-90.7364
IL	Littleton	40.2339	-90.6190
IL	Liverpool	40.4116	-90.0390
IL	Livingston	38.9675	-89.7639
IL	Loami	39.6704	-89.8588
IL	Lockport	41.6135	-88.0256
IL	Loda	40.5241	-88.0927
IL	Logan	37.9569	-88.8403
IL	Lomax	40.6761	-91.0391
IL	Lombard	41.8721	-88.0160
IL	London Mills	40.6950	-90.2616
IL	Long Grove	42.1783	-87.9978
IL	Long Point	40.9896	-88.8811
IL	Longview	39.9012	-88.0753
IL	Loogootee	38.9047	-88.8536
IL	Loraine	40.1532	-91.2130
IL	Lostant	41.1450	-89.0750
IL	Louisville	38.8119	-88.5100
IL	Lovejoy	38.6569	-90.1661
IL	Loves Park	42.3295	-89.0335
IL	Lovington	39.7192	-88.6417
IL	Lowder	39.5508	-89.8458
IL	Lowpoint	40.8711	-89.3704
IL	Ludlow	40.3747	-88.1380
IL	Lyndon	41.7199	-89.9169
IL	Lynn Center	41.2888	-90.3304
IL	Lyons	41.8130	-87.8236
IL	Macedonia	38.0130	-88.6961
IL	Machesney Park	42.3472	-89.0389
IL	Mackinaw	40.5396	-89.3458
IL	Macomb	40.4617	-90.6787
IL	Macon	39.7041	-88.9880
IL	Madison	38.6811	-90.1566
IL	Maeystown	38.2411	-90.2018
IL	Magnolia	41.1164	-89.2270
IL	Mahomet	40.1964	-88.3928
IL	Makanda	37.6564	-89.2142
IL	Malden	41.4377	-89.3676
IL	Malta	41.9183	-88.8688
IL	Manchester	39.5422	-90.3322
IL	Manhattan	41.4289	-87.9771
IL	Manito	40.4160	-89.7898
IL	Manlius	41.4564	-89.6689
IL	Mansfield	40.2147	-88.5179
IL	Manteno	41.2514	-87.8468
IL	Maple Park	41.9232	-88.5999
IL	Mapleton	40.6117	-89.7184
IL	Maquon	40.7849	-90.2008
IL	Marengo	42.2442	-88.6074
IL	Marietta	40.4978	-90.3885
IL	Marine	38.7855	-89.8214
IL	Marion	37.7257	-88.9294
IL	Marissa	38.2455	-89.7501
IL	Mark	41.2644	-89.2500
IL	Markham	41.5936	-87.6947
IL	Maroa	40.0342	-88.9578
IL	Marseilles	41.3302	-88.6947
IL	Marshall	39.4220	-87.6923
IL	Martinsville	39.3174	-87.8707
IL	Martinton	40.9052	-87.7443
IL	Maryville	38.7236	-89.9558
IL	Mascoutah	38.4903	-89.7931
IL	Mason	38.9645	-88.6234
IL	Mason City	40.1999	-89.6993
IL	Matherville	41.2691	-90.6023
IL	Matteson	41.5102	-87.7406
IL	Mattoon	39.4802	-88.3762
IL	Maunie	38.0356	-88.0456
IL	Maywood	41.8749	-87.8477
IL	Mazon	41.2972	-88.4096
IL	Mc Clure	37.3020	-89.4531
IL	Mc Connell	42.4395	-89.7415
IL	Mc Lean	40.3282	-89.1645
IL	Mc Leansboro	38.0939	-88.5286
IL	Mc Nabb	41.1730	-89.2187
IL	Mchenry	42.3334	-88.2668
IL	Mechanicsburg	39.7777	-89.4177
IL	Media	40.7618	-90.8570
IL	Medinah	41.9705	-88.0575
IL	Medora	39.1986	-90.1542
IL	Melrose Park	41.9003	-87.8581
IL	Melvin	40.5714	-88.2551
IL	Menard	37.9100	-89.8397
IL	Mendon	40.0857	-91.2899
IL	Mendota	41.5443	-89.1083
IL	Meredosia	39.7976	-90.5495
IL	Merna	40.5167	-88.8258
IL	Metamora	40.7844	-89.4309
IL	Metcalf	39.8008	-87.7955
IL	Metropolis	37.1753	-88.7252
IL	Michael	39.2182	-90.6335
IL	Middletown	40.0967	-89.5818
IL	Midlothian	41.6341	-87.7324
IL	Milan	41.4262	-90.5739
IL	Milford	40.6293	-87.6853
IL	Mill Shoals	38.2447	-88.3338
IL	Millbrook	41.5983	-88.5528
IL	Millcreek	37.3531	-89.2699
IL	Milledgeville	41.9674	-89.7801
IL	Miller City	37.1034	-89.3494
IL	Millington	41.5625	-88.5983
IL	Millstadt	38.4443	-90.0888
IL	Milmine	39.9007	-88.6487
IL	Milton	39.5508	-90.6443
IL	Mineral	41.4036	-89.8201
IL	Minier	40.4359	-89.3165
IL	Minonk	40.8985	-89.0349
IL	Minooka	41.4615	-88.2786
IL	Mode	39.1881	-88.7867
IL	Modesto	39.4760	-89.9794
IL	Modoc	38.0507	-90.0163
IL	Mokena	41.5342	-87.8911
IL	Moline	41.4906	-90.4980
IL	Momence	41.1593	-87.6575
IL	Monee	41.4191	-87.7748
IL	Monmouth	40.9107	-90.6448
IL	Monroe Center	42.1050	-89.0169
IL	Montgomery	41.7177	-88.3320
IL	Monticello	40.0263	-88.5686
IL	Montrose	39.1573	-88.3350
IL	Mooseheart	41.8241	-88.3315
IL	Moro	38.9318	-89.9618
IL	Morris	41.3672	-88.4178
IL	Morrison	41.8167	-89.9690
IL	Morrisonville	39.4153	-89.4541
IL	Morton	40.6148	-89.4604
IL	Morton Grove	42.0431	-87.7899
IL	Mossville	40.8156	-89.5678
IL	Mound City	37.0865	-89.1637
IL	Mounds	37.1188	-89.2001
IL	Mount Auburn	39.7628	-89.2357
IL	Mount Carmel	38.4147	-87.7911
IL	Mount Carroll	42.1053	-89.9845
IL	Mount Erie	38.5222	-88.2185
IL	Mount Morris	42.0479	-89.4346
IL	Mount Olive	39.0705	-89.7448
IL	Mount Prospect	42.0624	-87.9377
IL	Mount Pulaski	40.0045	-89.2935
IL	Mount Sterling	39.9803	-90.7414
IL	Mount Vernon	38.3170	-88.9105
IL	Moweaqua	39.6161	-89.0128
IL	Mozier	39.2877	-90.7150
IL	Mt Zion	39.7789	-88.8702
IL	Muddy	37.7650	-88.5167
IL	Mulberry Grove	38.9311	-89.2463
IL	Mulkeytown	37.9687	-89.1159
IL	Muncie	40.1156	-87.8447
IL	Mundelein	42.2636	-88.0048
IL	Murdock	39.8008	-88.0783
IL	Murphysboro	37.7655	-89.3317
IL	Murrayville	39.5730	-90.2312
IL	Nachusa	41.8314	-89.3897
IL	Naperville	41.7662	-88.1410
IL	Nashville	38.3352	-89.3841
IL	Nason	38.1739	-88.9688
IL	National Stock Yards	38.6572	-90.1625
IL	Nauvoo	40.5500	-91.3847
IL	Nebo	39.4202	-90.7692
IL	Neoga	39.3220	-88.4503
IL	Neponset	41.2905	-89.7944
IL	New Athens	38.3160	-89.8728
IL	New Baden	38.5315	-89.6922
IL	New Bedford	41.5409	-89.7786
IL	New Berlin	39.7360	-89.9057
IL	New Boston	41.2153	-90.9879
IL	New Burnside	37.5806	-88.7713
IL	New Canton	39.6342	-91.0886
IL	New Douglas	38.9676	-89.7392
IL	New Haven	37.8999	-88.1285
IL	New Holland	40.1682	-89.5604
IL	New Lenox	41.5067	-87.9631
IL	New Memphis	38.4581	-89.6767
IL	New Salem	39.6996	-90.8440
IL	New Windsor	41.1987	-90.4598
IL	Newark	41.5267	-88.5270
IL	Newman	39.7848	-88.0001
IL	Newton	38.9847	-88.1704
IL	Niantic	39.8582	-89.1701
IL	Niles	42.0189	-87.8028
IL	Nilwood	39.3872	-89.7784
IL	Niota	40.5978	-91.2991
IL	Noble	38.7119	-88.2190
IL	Nokomis	39.3036	-89.2853
IL	Nora	42.4558	-89.9453
IL	Normal	40.5124	-88.9883
IL	Norris	40.6258	-90.0319
IL	Norris City	37.9773	-88.3243
IL	North Aurora	41.8089	-88.3274
IL	North Chicago	42.3189	-87.8478
IL	North Henderson	41.1006	-90.4736
IL	Northbrook	42.1254	-87.8465
IL	O Fallon	38.5905	-89.9093
IL	Oak Brook	41.8392	-87.9554
IL	Oak Forest	41.6077	-87.7542
IL	Oak Lawn	41.7143	-87.7516
IL	Oak Park	41.8886	-87.7986
IL	Oakdale	38.2573	-89.5960
IL	Oakford	40.0994	-89.9601
IL	Oakland	39.6516	-88.0253
IL	Oakwood	40.1167	-87.7825
IL	Oblong	39.0010	-87.8950
IL	Oconee	39.2884	-89.0836
IL	Odell	41.0238	-88.5156
IL	Odin	38.6088	-89.0552
IL	Ogden	40.1401	-87.9665
IL	Oglesby	41.2928	-89.0553
IL	Ohio	41.5371	-89.4574
IL	Ohlman	39.3450	-89.2186
IL	Okawville	38.4319	-89.5230
IL	Olive Branch	37.1686	-89.3517
IL	Olmsted	37.1935	-89.0933
IL	Olney	38.7334	-88.0809
IL	Olympia Fields	41.5156	-87.6900
IL	Omaha	37.8904	-88.2865
IL	Onarga	40.7120	-87.9958
IL	Oneida	41.0832	-90.2391
IL	Opdyke	38.2750	-88.7750
IL	Ophiem	41.2525	-90.3875
IL	Oquawka	40.9442	-90.9302
IL	Orangeville	42.4728	-89.6448
IL	Oraville	37.8650	-89.3833
IL	Oreana	39.9351	-88.8547
IL	Oregon	42.0095	-89.3444
IL	Orient	37.9183	-88.9775
IL	Orion	41.3634	-90.3849
IL	Orland Park	41.6194	-87.8423
IL	Osco	41.3637	-90.2681
IL	Oswego	41.6849	-88.3453
IL	Ottawa	41.3526	-88.8416
IL	Owaneco	39.4775	-89.1951
IL	Ozark	37.5367	-88.7688
IL	Palatine	42.1258	-88.0764
IL	Palestine	39.0028	-87.6157
IL	Palmer	39.4708	-89.4256
IL	Palmyra	39.4165	-89.9567
IL	Paloma	40.0366	-91.2053
IL	Palos Heights	41.6621	-87.7927
IL	Palos Hills	41.7004	-87.8263
IL	Palos Park	41.6624	-87.8521
IL	Pana	39.3881	-89.0782
IL	Panama	39.0303	-89.5233
IL	Papineau	40.9692	-87.7164
IL	Paris	39.6132	-87.6976
IL	Park Forest	41.4741	-87.6829
IL	Park Ridge	42.0122	-87.8417
IL	Parkersburg	38.5900	-88.0647
IL	Patoka	38.7549	-89.0942
IL	Patterson	39.4806	-90.4828
IL	Paw Paw	41.6852	-88.9674
IL	Pawnee	39.5910	-89.5790
IL	Paxton	40.4565	-88.0990
IL	Payson	39.8153	-91.2627
IL	Pearl	39.4441	-90.6380
IL	Pearl City	42.2610	-89.8393
IL	Pecatonica	42.3051	-89.3472
IL	Pekin	40.5674	-89.6243
IL	Penfield	40.3101	-87.9570
IL	Peoria	40.6854	-89.5953
IL	Peoria Heights	40.7437	-89.5757
IL	Peotone	41.3361	-87.7897
IL	Percy	38.0126	-89.6170
IL	Perks	37.3097	-89.0808
IL	Perry	39.7870	-90.7461
IL	Peru	41.3330	-89.1265
IL	Pesotum	39.9151	-88.2743
IL	Petersburg	40.0115	-89.8479
IL	Philo	40.0052	-88.1595
IL	Piasa	39.1517	-90.1311
IL	Pierron	38.7764	-89.5203
IL	Pinckneyville	38.0903	-89.3858
IL	Piper City	40.7556	-88.1873
IL	Pittsburg	37.7839	-88.8704
IL	Pittsfield	39.6013	-90.8073
IL	Plainfield	41.6009	-88.1994
IL	Plainville	39.8004	-91.1436
IL	Plano	41.6670	-88.5384
IL	Plato Center	42.0267	-88.4300
IL	Pleasant Hill	39.4467	-90.8770
IL	Pleasant Plains	39.8498	-89.8384
IL	Plymouth	40.2885	-90.8738
IL	Pocahontas	38.7846	-89.5247
IL	Polo	41.9890	-89.5984
IL	Pomona	37.6411	-89.3363
IL	Pontiac	40.8764	-88.6328
IL	Poplar Grove	42.3594	-88.8428
IL	Port Byron	41.6013	-90.3263
IL	Posen	41.6277	-87.6872
IL	Potomac	40.3090	-87.8232
IL	Prairie City	40.6180	-90.4727
IL	Prairie Du Rocher	38.0855	-90.0901
IL	Preemption	41.3128	-90.5844
IL	Princeton	41.3629	-89.4270
IL	Princeville	40.9093	-89.7723
IL	Prophetstown	41.6312	-89.9467
IL	Prospect Heights	42.1033	-87.9149
IL	Pulaski	37.2146	-89.1968
IL	Putnam	41.1949	-89.4409
IL	Quincy	39.9307	-91.3763
IL	Radom	38.2819	-89.1922
IL	Raleigh	37.8256	-88.5324
IL	Ramsey	39.0781	-89.1051
IL	Rankin	40.4559	-87.8884
IL	Ransom	41.1530	-88.6502
IL	Rantoul	40.3107	-88.1462
IL	Rapids City	41.5817	-90.3433
IL	Raritan	40.6878	-90.8319
IL	Raymond	39.3106	-89.5851
IL	Red Bud	38.1907	-89.9884
IL	Reddick	41.1005	-88.2089
IL	Redmon	39.6453	-87.8617
IL	Renault	38.1704	-90.0950
IL	Reynolds	41.3277	-90.6384
IL	Richmond	42.4669	-88.2900
IL	Richton Park	41.4819	-87.7238
IL	Richview	38.4082	-89.1756
IL	Ridge Farm	39.9155	-87.6346
IL	Ridgway	37.8042	-88.2612
IL	Ridott	42.2996	-89.4627
IL	Rinard	38.5806	-88.4641
IL	Ringwood	42.3804	-88.2971
IL	Rio	41.1103	-90.3900
IL	River Forest	41.8951	-87.8159
IL	River Grove	41.9279	-87.8387
IL	Riverdale	41.6503	-87.6319
IL	Riverside	41.8374	-87.8214
IL	Riverton	39.8552	-89.5419
IL	Roanoke	40.7956	-89.2093
IL	Robbins	41.6423	-87.7089
IL	Roberts	40.6193	-88.1804
IL	Robinson	39.0070	-87.7484
IL	Rochelle	41.9282	-89.0710
IL	Rochester	39.7590	-89.5472
IL	Rock City	42.4103	-89.4759
IL	Rock Falls	41.7665	-89.6925
IL	Rock Island	41.4913	-90.5648
IL	Rockbridge	39.2831	-90.2558
IL	Rockford	42.2922	-89.1161
IL	Rockport	39.5328	-90.9722
IL	Rockton	42.4544	-89.0887
IL	Rockwood	37.8322	-89.6214
IL	Rolling Meadows	42.0730	-88.0191
IL	Rome	40.8831	-89.5025
IL	Romeoville	41.6475	-88.0894
IL	Roodhouse	39.4846	-90.3498
IL	Rosamond	39.3892	-89.1846
IL	Roscoe	42.4217	-88.9943
IL	Roselle	41.9798	-88.0857
IL	Roseville	40.7238	-90.6514
IL	Rosiclare	37.4240	-88.3462
IL	Rossville	40.3625	-87.6692
IL	Round Lake	42.3668	-88.0888
IL	Roxana	38.8482	-90.0798
IL	Royal	40.1928	-87.9728
IL	Royalton	37.8790	-89.1141
IL	Rushville	40.1242	-90.5609
IL	Russell	42.4906	-87.9125
IL	Rutland	40.9844	-89.0388
IL	Sadorus	39.9613	-88.3447
IL	Sailor Springs	38.7639	-88.3631
IL	Saint Anne	41.0487	-87.6564
IL	Saint Augustine	40.7289	-90.3798
IL	Saint Charles	41.9194	-88.3070
IL	Saint David	40.5226	-90.0437
IL	Saint Elmo	39.0315	-88.8552
IL	Saint Francisville	38.6125	-87.6736
IL	Saint Jacob	38.7245	-89.6696
IL	Saint Joseph	40.1207	-88.0472
IL	Saint Libory	38.3625	-89.7097
IL	Saint Peter	38.8697	-88.8560
IL	Sainte Marie	38.9322	-88.0233
IL	Salem	38.6264	-88.9481
IL	San Jose	40.2945	-89.6250
IL	Sandoval	38.6131	-89.1140
IL	Sandwich	41.6353	-88.6393
IL	Saunemin	40.8885	-88.4094
IL	Savanna	42.0956	-90.1401
IL	Savoy	40.0654	-88.2528
IL	Sawyerville	39.0783	-89.8072
IL	Saybrook	40.4320	-88.5247
IL	Scales Mound	42.4715	-90.2580
IL	Schaumburg	42.0333	-88.0833
IL	Scheller	38.1731	-89.0927
IL	Schiller Park	41.9563	-87.8692
IL	Sciota	40.5674	-90.7080
IL	Scott Air Force Base	38.5469	-89.8588
IL	Scottville	39.4782	-90.0969
IL	Seaton	41.0732	-90.8257
IL	Seatonville	41.3647	-89.2764
IL	Secor	40.7224	-89.1271
IL	Seneca	41.3152	-88.6100
IL	Serena	41.4995	-88.7509
IL	Sesser	38.0894	-89.0574
IL	Seward	42.2389	-89.3578
IL	Seymour	40.1035	-88.3944
IL	Shabbona	41.7638	-88.8752
IL	Shannon	42.1610	-89.7481
IL	Shawneetown	37.7132	-88.1785
IL	Sheffield	41.3949	-89.7115
IL	Shelbyville	39.4049	-88.8046
IL	Sheldon	40.7803	-87.5736
IL	Sheridan	41.5164	-88.6706
IL	Sherman	39.8895	-89.6025
IL	Sherrard	41.3027	-90.4939
IL	Shipman	39.1242	-90.0487
IL	Shirland	42.4444	-89.1975
IL	Shirley	40.4174	-89.0822
IL	Shobonier	38.8446	-89.0790
IL	Shorewood	41.5074	-88.2169
IL	Shumway	39.1881	-88.6418
IL	Sibley	40.5823	-88.3815
IL	Sidell	39.9110	-87.8248
IL	Sidney	40.0232	-88.0690
IL	Sigel	39.2176	-88.4803
IL	Silvis	41.5007	-90.4126
IL	Simpson	37.4630	-88.7625
IL	Sims	38.3923	-88.5306
IL	Skokie	42.0362	-87.7328
IL	Smithboro	38.8739	-89.3266
IL	Smithfield	40.4855	-90.2856
IL	Smithshire	40.7400	-90.7399
IL	Smithton	38.4231	-89.9896
IL	Somonauk	41.6383	-88.6816
IL	Sorento	38.9693	-89.5653
IL	South Beloit	42.4837	-89.0298
IL	South Elgin	41.9969	-88.2986
IL	South Holland	41.5979	-87.5938
IL	South Pekin	40.4944	-89.6517
IL	South Roxana	38.8294	-90.0628
IL	South Wilmington	41.1728	-88.2767
IL	Sparland	41.0134	-89.4571
IL	Sparta	38.1318	-89.7035
IL	Speer	41.0097	-89.6933
IL	Spring Grove	42.4413	-88.2237
IL	Spring Valley	41.3279	-89.2042
IL	Springerton	38.1699	-88.3726
IL	Springfield	39.8000	-89.6495
IL	Standard	41.2567	-89.1808
IL	Stanford	40.4376	-89.2164
IL	Staunton	39.0135	-89.7857
IL	Steeleville	38.0057	-89.6665
IL	Steger	41.4686	-87.6386
IL	Sterling	41.8055	-89.7054
IL	Steward	41.8475	-89.0151
IL	Stewardson	39.2720	-88.6319
IL	Stillman Valley	42.1183	-89.1898
IL	Stockland	40.6144	-87.5928
IL	Stockton	42.3492	-90.0202
IL	Stone Park	41.9030	-87.8811
IL	Stonefort	37.6299	-88.7428
IL	Stonington	39.6405	-89.1913
IL	Stoy	38.9975	-87.8331
IL	Strasburg	39.3641	-88.6279
IL	Strawn	40.6476	-88.4040
IL	Streamwood	42.0225	-88.1690
IL	Streator	41.1225	-88.8307
IL	Stronghurst	40.7523	-90.9257
IL	Sublette	41.6331	-89.2354
IL	Sugar Grove	41.7741	-88.4397
IL	Sullivan	39.5934	-88.6038
IL	Summerfield	38.5972	-89.7517
IL	Summit Argo	41.7842	-87.8075
IL	Sumner	38.7341	-87.7807
IL	Sutter	40.3097	-91.3761
IL	Sycamore	41.9911	-88.6928
IL	Table Grove	40.3784	-90.4239
IL	Tallula	39.9402	-89.8823
IL	Tamaroa	38.1380	-89.2231
IL	Tamms	37.2345	-89.2763
IL	Tampico	41.6522	-89.7948
IL	Taylor Ridge	41.3828	-90.7340
IL	Taylor Springs	39.1308	-89.4919
IL	Taylorville	39.5545	-89.3134
IL	Techny	42.1214	-87.8049
IL	Tennessee	40.4140	-90.8556
IL	Teutopolis	39.1320	-88.4767
IL	Texico	38.4250	-88.8702
IL	Thawville	40.6840	-88.0999
IL	Thayer	39.5381	-89.7631
IL	Thebes	37.1916	-89.3969
IL	Thomasboro	40.2402	-88.1830
IL	Thompsonville	37.8804	-88.7684
IL	Thomson	41.9816	-90.0844
IL	Thornton	41.5727	-87.6078
IL	Tilden	38.2119	-89.6825
IL	Tilton	40.0964	-87.6440
IL	Timewell	40.0117	-90.8661
IL	Tinley Park	41.5963	-87.8434
IL	Tiskilwa	41.2891	-89.5080
IL	Toledo	39.2772	-88.2468
IL	Tolono	39.9850	-88.2596
IL	Toluca	41.0046	-89.1348
IL	Tonica	41.2327	-89.0890
IL	Topeka	40.3811	-89.9326
IL	Toulon	41.1009	-89.8606
IL	Tovey	39.5889	-89.4561
IL	Towanda	40.5533	-88.8886
IL	Tower Hill	39.3658	-88.9745
IL	Tremont	40.5053	-89.4833
IL	Trenton	38.6191	-89.6447
IL	Trilla	39.3853	-88.3457
IL	Triumph	41.4994	-89.0219
IL	Trivoli	40.6795	-89.9135
IL	Troy	38.7243	-89.8708
IL	Troy Grove	41.4678	-89.0831
IL	Tuscola	39.7995	-88.2816
IL	Ullin	37.2704	-89.1911
IL	Union	42.2103	-88.5283
IL	Union Hill	41.1075	-88.1467
IL	Unity	37.2350	-89.2700
IL	Urbana	40.1095	-88.2036
IL	Ursa	40.0809	-91.3733
IL	Utica	41.3630	-89.0008
IL	Valier	38.0153	-89.0425
IL	Valmeyer	38.2952	-90.3092
IL	Van Orin	41.5500	-89.3533
IL	Vandalia	38.9439	-89.1041
IL	Varna	41.0327	-89.2483
IL	Venice	38.6706	-90.1689
IL	Vergennes	37.9051	-89.3269
IL	Vermilion	39.5811	-87.5889
IL	Vermont	40.3062	-90.4220
IL	Vernon	38.8033	-89.0830
IL	Vernon Hills	42.2288	-87.9719
IL	Verona	41.2501	-88.5170
IL	Versailles	39.8883	-90.6741
IL	Victoria	41.0256	-90.0933
IL	Vienna	37.4205	-88.8879
IL	Villa Grove	39.8687	-88.1616
IL	Villa Park	41.8799	-87.9782
IL	Villa Ridge	37.1578	-89.1825
IL	Viola	41.2024	-90.5936
IL	Virden	39.5064	-89.7783
IL	Virginia	39.9455	-90.2127
IL	Wadsworth	42.4460	-87.9040
IL	Waggoner	39.3838	-89.6474
IL	Walnut	41.5530	-89.5922
IL	Walnut Hill	38.5200	-88.9845
IL	Walsh	38.0203	-89.8297
IL	Walshville	39.0473	-89.6350
IL	Waltonville	38.2465	-89.0067
IL	Wapella	40.2323	-88.9673
IL	Warren	42.4890	-89.9860
IL	Warrensburg	39.9397	-89.0683
IL	Warrenville	41.8280	-88.1921
IL	Warsaw	40.3544	-91.4348
IL	Wasco	41.9381	-88.4044
IL	Washburn	40.9141	-89.2830
IL	Washington	40.6994	-89.4479
IL	Wataga	41.0224	-90.2723
IL	Waterloo	38.3223	-90.1478
IL	Waterman	41.7504	-88.7754
IL	Watseka	40.7734	-87.7309
IL	Watson	39.0395	-88.5599
IL	Wauconda	42.2636	-88.1333
IL	Waukegan	42.3636	-87.8447
IL	Waverly	39.5870	-89.9449
IL	Wayne	41.9508	-88.2422
IL	Wayne City	38.3328	-88.5833
IL	Waynesville	40.2437	-89.1143
IL	Wedron	41.4361	-88.7733
IL	Weldon	40.1177	-88.7531
IL	Wellington	40.5339	-87.6561
IL	Wenona	41.0548	-89.0416
IL	West Brooklyn	41.7292	-89.1909
IL	West Chicago	41.8886	-88.2022
IL	West Frankfort	37.8979	-88.9307
IL	West Liberty	38.8950	-88.0979
IL	West Point	40.2452	-91.2496
IL	West Salem	38.5183	-88.0323
IL	West Union	39.2402	-87.6512
IL	West York	39.1938	-87.7131
IL	Westchester	41.8524	-87.8845
IL	Western Springs	41.8049	-87.8995
IL	Westfield	39.4424	-88.0448
IL	Westmont	41.7728	-87.9757
IL	Westville	40.0451	-87.6360
IL	Wheaton	41.8566	-88.1076
IL	Wheeler	39.0182	-88.3175
IL	Wheeling	42.1340	-87.9341
IL	White Hall	39.4288	-90.4019
IL	White Heath	40.1009	-88.5193
IL	Whittington	38.0989	-88.8635
IL	Williamsfield	40.9277	-90.0267
IL	Williamsville	39.9304	-89.5342
IL	Willisville	37.9821	-89.5785
IL	Willow Hill	38.9757	-88.0172
IL	Willow Springs	41.7364	-87.8786
IL	Willowbrook	41.7528	-87.9197
IL	Wilmette	42.0765	-87.7246
IL	Wilmington	41.2981	-88.1301
IL	Wilsonville	39.0708	-89.8561
IL	Winchester	39.6141	-90.4337
IL	Windsor	39.4302	-88.5857
IL	Winfield	41.8744	-88.1516
IL	Winnebago	42.2727	-89.2373
IL	Winnetka	42.1036	-87.7523
IL	Winslow	42.4838	-89.8060
IL	Winthrop Harbor	42.4793	-87.8318
IL	Witt	39.2469	-89.3414
IL	Wolf Lake	37.5120	-89.4408
IL	Wonder Lake	42.3849	-88.3534
IL	Wood Dale	41.9602	-87.9810
IL	Wood River	38.8643	-90.0875
IL	Woodhull	41.1849	-90.2833
IL	Woodland	40.7144	-87.7311
IL	Woodlawn	38.3844	-89.0745
IL	Woodridge	41.7518	-88.0489
IL	Woodson	39.6289	-90.2189
IL	Woodstock	42.3198	-88.4477
IL	Woosung	41.9033	-89.5408
IL	Worden	38.9449	-89.8532
IL	Worth	41.6895	-87.7863
IL	Wrights	39.3758	-90.2942
IL	Wyanet	41.3785	-89.5744
IL	Wyoming	41.0599	-89.7782
IL	Xenia	38.6697	-88.6379
IL	Yale	39.1300	-88.0105
IL	Yates City	40.7878	-90.0265
IL	Yorkville	41.6387	-88.4438
IL	Zeigler	37.9069	-89.0603
IL	Zion	42.4442	-87.8389
IN	Advance	39.9958	-86.6200
IN	Akron	41.0389	-86.0395
IN	Alamo	39.9819	-87.0572
IN	Albany	40.2920	-85.2580
IN	Albion	41.3482	-85.4142
IN	Alexandria	40.2561	-85.6681
IN	Ambia	40.4793	-87.4796
IN	Amboy	40.6105	-85.9497
IN	Amo	39.6881	-86.6136
IN	Anderson	40.1146	-85.7253
IN	Andrews	40.8618	-85.6067
IN	Angola	41.6563	-85.0198
IN	Arcadia	40.1776	-86.0409
IN	Arcola	41.1036	-85.2942
IN	Argos	41.2308	-86.2506
IN	Arlington	39.6488	-85.5828
IN	Ashley	41.5347	-85.0504
IN	Athens	41.0536	-86.1253
IN	Atlanta	40.1470	-85.9339
IN	Attica	40.2811	-87.2241
IN	Atwood	41.2608	-85.9753
IN	Auburn	41.3590	-85.0468
IN	Aurora	39.0719	-84.9452
IN	Austin	38.7478	-85.7962
IN	Avilla	41.3689	-85.2414
IN	Avoca	38.9119	-86.5478
IN	Avon	39.7628	-86.3997
IN	Bainbridge	39.7407	-86.7711
IN	Bargersville	39.5000	-86.1797
IN	Batesville	39.3001	-85.2221
IN	Bath	39.4992	-84.8360
IN	Battle Ground	40.5248	-86.8238
IN	Bedford	38.8729	-86.4871
IN	Beech Grove	39.7154	-86.0933
IN	Bellmore	39.7592	-87.1053
IN	Bennington	38.8760	-85.0719
IN	Bentonville	39.7453	-86.1942
IN	Berne	40.6615	-84.9343
IN	Bethlehem	38.5392	-85.4206
IN	Beverly Shores	41.6925	-86.9775
IN	Bicknell	38.7727	-87.3137
IN	Bippus	40.9442	-85.6239
IN	Birdseye	38.3006	-86.7102
IN	Blanford	39.6650	-87.5206
IN	Bloomfield	39.0295	-86.8675
IN	Bloomingdale	39.8348	-87.2560
IN	Bloomington	39.1401	-86.5083
IN	Bluffton	40.7368	-85.1622
IN	Boggstown	39.5683	-85.9160
IN	Boone Grove	41.3547	-87.1294
IN	Boonville	38.0474	-87.2620
IN	Borden	38.4362	-85.9215
IN	Boston	39.7411	-84.8519
IN	Boswell	40.5180	-87.3789
IN	Bourbon	41.3098	-86.1174
IN	Bowling Green	39.3812	-87.0052
IN	Bradford	38.3678	-86.0619
IN	Branchville	38.1572	-86.5859
IN	Brazil	39.5210	-87.1278
IN	Bremen	41.4467	-86.1932
IN	Bridgeton	39.6484	-87.1814
IN	Bringhurst	40.5163	-86.5204
IN	Bristol	41.7169	-85.8262
IN	Bristow	38.1631	-86.7218
IN	Brook	40.8655	-87.3527
IN	Brooklyn	39.5392	-86.3692
IN	Brookston	40.6011	-86.8753
IN	Brookville	39.4213	-84.9994
IN	Brownsburg	39.8466	-86.3869
IN	Brownstown	38.8836	-86.0486
IN	Brownsville	39.6845	-84.9881
IN	Bruceville	38.7563	-87.4313
IN	Bryant	40.5446	-84.9117
IN	Buck Creek	40.4878	-86.7614
IN	Buckskin	38.2209	-87.4308
IN	Buffalo	40.8825	-86.7453
IN	Bunker Hill	40.6423	-86.0961
IN	Burket	41.1553	-85.9686
IN	Burlington	40.4803	-86.3947
IN	Burnettsville	40.7078	-86.5747
IN	Burrows	40.6767	-86.5075
IN	Butler	41.4287	-84.8787
IN	Butlerville	39.1206	-85.4944
IN	Cambridge City	39.8182	-85.1685
IN	Camby	39.6405	-86.3118
IN	Camden	40.5996	-86.5152
IN	Campbellsburg	38.6690	-86.2358
IN	Canaan	38.8696	-85.2689
IN	Cannelburg	38.6947	-86.9669
IN	Cannelton	37.9109	-86.7326
IN	Carbon	39.5746	-87.0645
IN	Carlisle	38.9763	-87.3667
IN	Carmel	39.9712	-86.1245
IN	Carthage	39.7466	-85.5754
IN	Cayuga	39.9300	-87.4590
IN	Cedar Grove	39.3459	-84.8924
IN	Cedar Lake	41.3773	-87.4445
IN	Celestine	38.3878	-86.7568
IN	Centerpoint	39.3910	-87.0935
IN	Centerville	39.8081	-85.0032
IN	Central	38.0945	-86.1974
IN	Chalmers	40.6693	-86.8626
IN	Chandler	38.0423	-87.3756
IN	Charlestown	38.4568	-85.6606
IN	Charlottesville	39.8120	-85.6536
IN	Chesterton	41.6039	-87.0502
IN	Chrisney	38.0060	-87.0704
IN	Churubusco	41.2290	-85.3244
IN	Cicero	40.1268	-86.0248
IN	Clarks Hill	40.2628	-86.7608
IN	Clarksburg	39.4333	-85.3478
IN	Clarksville	38.5373	-85.5244
IN	Clay City	39.2727	-87.1082
IN	Claypool	41.1165	-85.8686
IN	Clayton	39.6682	-86.4959
IN	Clear Creek	39.1092	-86.5400
IN	Clifford	39.2822	-85.8692
IN	Clinton	39.6591	-87.4208
IN	Cloverdale	39.5434	-86.8140
IN	Coal City	39.2573	-86.9883
IN	Coalmont	39.1933	-87.2311
IN	Coatesville	39.6930	-86.6314
IN	Colfax	40.1956	-86.6593
IN	Columbia City	41.1619	-85.4737
IN	Columbus	39.2055	-85.9317
IN	Commiskey	38.8526	-85.6434
IN	Connersville	39.6435	-85.1464
IN	Converse	40.5770	-85.8763
IN	Cortland	38.9915	-86.0009
IN	Corunna	41.4504	-85.1370
IN	Cory	39.3435	-87.1956
IN	Corydon	38.2189	-86.1145
IN	Covington	40.1326	-87.3819
IN	Craigville	40.7930	-85.0904
IN	Crandall	38.2893	-86.0698
IN	Crane	38.8496	-86.8655
IN	Crawfordsville	40.0325	-86.9074
IN	Cromwell	41.3751	-85.6031
IN	Cross Plains	38.9490	-85.2122
IN	Crothersville	38.8067	-85.8470
IN	Crown Point	41.4236	-87.3556
IN	Culver	41.2231	-86.4129
IN	Cutler	40.4785	-86.4462
IN	Cynthiana	38.1743	-87.7115
IN	Dale	38.1706	-87.0070
IN	Daleville	40.1257	-85.5110
IN	Dana	39.7528	-87.5010
IN	Danville	39.7628	-86.5343
IN	Darlington	40.1118	-86.7645
IN	Dayton	40.3742	-86.7689
IN	Decatur	40.8273	-84.9314
IN	Decker	38.5076	-87.5537
IN	Deedsville	40.9103	-86.1011
IN	Delong	41.1383	-86.4164
IN	Delphi	40.5734	-86.6788
IN	Demotte	41.1713	-87.2491
IN	Denver	40.8694	-86.0770
IN	Depauw	38.3361	-86.2109
IN	Deputy	38.7759	-85.6304
IN	Derby	38.0239	-86.5770
IN	Dillsboro	38.9962	-85.0550
IN	Donaldson	41.3611	-86.4442
IN	Dublin	39.8122	-85.2089
IN	Dubois	38.4728	-86.7832
IN	Dugger	39.0691	-87.2599
IN	Dunkirk	40.3883	-85.2255
IN	Dunreith	39.8033	-85.4386
IN	Dupont	38.8905	-85.5092
IN	Dyer	41.4920	-87.5108
IN	Earl Park	40.6945	-87.4232
IN	East Chicago	41.6349	-87.4627
IN	East Enterprise	38.8728	-84.9881
IN	Eaton	40.3377	-85.3544
IN	Eckerty	38.3185	-86.6059
IN	Economy	39.9712	-85.0878
IN	Edinburgh	39.3626	-85.9707
IN	Edwardsport	38.8106	-87.2519
IN	Elberfeld	38.2053	-87.4179
IN	Elizabeth	38.1244	-85.9589
IN	Elizabethtown	39.1243	-85.8153
IN	Elkhart	41.7101	-85.9729
IN	Ellettsville	39.2545	-86.6196
IN	Elnora	38.8223	-87.0652
IN	Elwood	40.2803	-85.8391
IN	Eminence	39.5214	-86.6414
IN	English	38.3258	-86.4429
IN	Etna Green	41.2918	-86.0350
IN	Evanston	38.0224	-86.8364
IN	Evansville	37.9746	-87.5674
IN	Fair Oaks	41.0729	-87.1970
IN	Fairbanks	39.2129	-87.5185
IN	Fairland	39.6295	-85.8913
IN	Fairmount	40.4188	-85.6713
IN	Falmouth	39.7436	-85.3524
IN	Farmersburg	39.2685	-87.5024
IN	Farmland	40.1945	-85.1254
IN	Ferdinand	38.2336	-86.8607
IN	Fillmore	39.6475	-86.7469
IN	Finly	39.7050	-85.8228
IN	Fishers	39.9573	-85.9457
IN	Flat Rock	39.4075	-85.6759
IN	Flora	40.5445	-86.5016
IN	Florence	38.8224	-84.9399
IN	Floyds Knobs	38.3510	-85.8996
IN	Folsomville	38.1292	-87.1642
IN	Fontanet	39.5761	-87.2436
IN	Forest	40.3757	-86.3201
IN	Fort Branch	38.2471	-87.5682
IN	Fort Ritner	38.7731	-86.2811
IN	Fort Wayne	41.0716	-85.1367
IN	Fortville	39.9228	-85.8186
IN	Fountain City	39.9634	-84.9090
IN	Fountaintown	39.6751	-85.7848
IN	Fowler	40.6255	-87.3090
IN	Fowlerton	40.4094	-85.5736
IN	Francesville	40.9709	-86.8553
IN	Francisco	38.3330	-87.4536
IN	Frankfort	40.2884	-86.5114
IN	Franklin	39.4854	-86.0608
IN	Frankton	40.2285	-85.7791
IN	Fredericksburg	38.4821	-86.1783
IN	Freedom	39.2151	-86.8500
IN	Freelandville	38.8647	-87.3058
IN	Freetown	38.9957	-86.1241
IN	Fremont	41.7331	-84.9452
IN	French Lick	38.5324	-86.6196
IN	Friendship	39.1146	-85.2153
IN	Fulda	38.1114	-86.8361
IN	Fulton	40.9472	-86.2628
IN	Galveston	40.5862	-86.1972
IN	Garrett	41.3482	-85.1347
IN	Gary	41.5933	-87.3464
IN	Gas City	40.4879	-85.6055
IN	Gaston	40.2948	-85.4898
IN	Geneva	40.6071	-84.9621
IN	Gentryville	38.0855	-87.0441
IN	Georgetown	38.3029	-85.9617
IN	Glenwood	39.6124	-85.2735
IN	Goldsmith	40.2894	-86.1492
IN	Goodland	40.7669	-87.2999
IN	Goshen	41.5845	-85.8380
IN	Gosport	39.3450	-86.6583
IN	Grabill	41.2108	-84.9406
IN	Grammer	39.1592	-85.7183
IN	Grandview	37.9703	-86.9568
IN	Granger	41.7427	-86.1411
IN	Grantsburg	38.2892	-86.4660
IN	Grass Creek	41.0186	-86.4133
IN	Graysville	39.1175	-87.5561
IN	Greencastle	39.6495	-86.8686
IN	Greenfield	39.7902	-85.8141
IN	Greens Fork	39.8916	-85.0494
IN	Greensboro	39.8750	-85.4661
IN	Greensburg	39.3312	-85.4735
IN	Greentown	40.4791	-85.9582
IN	Greenville	38.3535	-86.0083
IN	Greenwood	39.6224	-86.1490
IN	Griffin	38.2069	-87.9166
IN	Griffith	41.5335	-87.4228
IN	Grissom Arb	40.6635	-86.1473
IN	Grovertown	41.3220	-86.5289
IN	Guilford	39.2059	-84.9616
IN	Gwynneville	39.6608	-85.6481
IN	Hagerstown	39.9228	-85.1601
IN	Hamilton	41.5566	-84.8951
IN	Hamlet	41.3933	-86.5321
IN	Hammond	41.6099	-87.5079
IN	Hanna	41.4088	-86.7759
IN	Hanover	38.7138	-85.4763
IN	Hardinsburg	38.4626	-86.3180
IN	Harlan	41.2285	-84.8386
IN	Harmony	39.5367	-87.1058
IN	Harrodsburg	39.0133	-86.5450
IN	Hartford City	40.4541	-85.3758
IN	Hartsville	39.2733	-85.7005
IN	Hatfield	37.9025	-87.2242
IN	Haubstadt	38.1895	-87.5798
IN	Hayden	38.9831	-85.7406
IN	Hazleton	38.4623	-87.4983
IN	Hebron	41.3155	-87.2088
IN	Helmsburg	39.2653	-86.2928
IN	Heltonville	38.9480	-86.3703
IN	Hemlock	40.4200	-86.0414
IN	Henryville	38.5398	-85.7734
IN	Highland	41.5500	-87.4569
IN	Hillsboro	40.0835	-87.1545
IN	Hillsdale	39.7712	-87.4041
IN	Hoagland	40.9524	-85.0075
IN	Hobart	41.5263	-87.2525
IN	Hobbs	40.2836	-85.9475
IN	Holland	38.2385	-87.0088
IN	Holton	39.0498	-85.3739
IN	Homer	39.5781	-85.5781
IN	Hope	39.2573	-85.7665
IN	Howe	41.7286	-85.4727
IN	Hudson	41.5599	-85.1420
IN	Huntertown	41.2391	-85.1677
IN	Huntingburg	38.2979	-86.9533
IN	Huntington	40.8811	-85.5054
IN	Huron	38.7222	-86.6706
IN	Hymera	39.1864	-87.3017
IN	Idaville	40.7674	-86.6556
IN	Indianapolis	39.9384	-86.1389
IN	Ingalls	40.0002	-85.8256
IN	Inglefield	38.1081	-87.5589
IN	Ireland	38.4147	-86.9994
IN	Jamestown	39.9579	-86.6236
IN	Jasonville	39.1723	-87.2023
IN	Jasper	38.4044	-86.9408
IN	Jeffersonville	38.3078	-85.7359
IN	Jonesboro	40.4815	-85.6365
IN	Jonesville	39.0606	-85.8897
IN	Judson	39.8131	-87.1344
IN	Kempton	40.2759	-86.1887
IN	Kendallville	41.4482	-85.2609
IN	Kennard	39.9039	-85.5194
IN	Kentland	40.7877	-87.4471
IN	Kewanna	41.0087	-86.4061
IN	Keystone	40.5897	-85.2767
IN	Kimmell	41.3631	-85.5187
IN	Kingman	39.9894	-87.3035
IN	Kingsbury	41.5275	-86.7000
IN	Kingsford Heights	41.4806	-86.6917
IN	Kirklin	40.2031	-86.3324
IN	Knightstown	39.8060	-85.5261
IN	Knightsville	39.5258	-87.1125
IN	Knox	41.2901	-86.6107
IN	Kokomo	40.4988	-86.1453
IN	Koleen	38.9714	-86.8289
IN	Kouts	41.3091	-87.0240
IN	Kurtz	38.9731	-86.1294
IN	La Crosse	41.3157	-86.8682
IN	La Fontaine	40.6909	-85.6971
IN	La Porte	41.5994	-86.7077
IN	Laconia	38.0527	-86.0844
IN	Ladoga	39.9132	-86.8031
IN	Lafayette	40.4177	-86.8884
IN	Lagrange	41.6520	-85.4040
IN	Lagro	40.8199	-85.7204
IN	Lake Cicott	40.7642	-86.5242
IN	Lake Station	41.5686	-87.2622
IN	Lake Village	41.1387	-87.4454
IN	Laketon	40.9742	-85.8358
IN	Lakeville	41.5253	-86.2714
IN	Lamar	38.0479	-86.9629
IN	Lanesville	38.2448	-85.9593
IN	Laotto	41.2991	-85.1901
IN	Lapaz	41.4578	-86.3089
IN	Lapel	40.0854	-85.8440
IN	Larwill	41.1646	-85.6139
IN	Laurel	39.4916	-85.2080
IN	Lawrenceburg	39.1401	-84.8658
IN	Leavenworth	38.1942	-86.3599
IN	Lebanon	40.0449	-86.4641
IN	Leesburg	41.3266	-85.8160
IN	Leiters Ford	41.1217	-86.3858
IN	Leo	41.2249	-85.0301
IN	Leopold	38.1011	-86.6044
IN	Leroy	41.3600	-87.2719
IN	Lewis	39.2733	-87.2637
IN	Lewisville	39.8283	-85.3621
IN	Lexington	38.6506	-85.6589
IN	Liberty	39.6126	-84.9089
IN	Liberty Center	40.7002	-85.2774
IN	Liberty Mills	41.0336	-85.7358
IN	Ligonier	41.4662	-85.5927
IN	Lincoln City	38.1276	-86.9872
IN	Linden	40.1833	-86.8905
IN	Linton	39.0461	-87.1723
IN	Little York	38.7028	-85.9050
IN	Lizton	39.8843	-86.5429
IN	Logansport	40.7604	-86.3599
IN	Loogootee	38.6629	-86.9137
IN	Losantville	40.0475	-85.2108
IN	Lowell	41.2845	-87.4191
IN	Lucerne	40.8614	-86.4077
IN	Lynn	40.0519	-84.9300
IN	Lynnville	38.1961	-87.2935
IN	Lyons	38.9717	-87.1016
IN	Mackey	38.2522	-87.3917
IN	Macy	40.9618	-86.1264
IN	Madison	38.7649	-85.4070
IN	Manilla	39.5757	-85.6354
IN	Marengo	38.3736	-86.3578
IN	Mariah Hill	38.1495	-86.8316
IN	Marion	40.5743	-85.6741
IN	Markle	40.8380	-85.3740
IN	Markleville	39.9944	-85.6227
IN	Marshall	39.9062	-87.1780
IN	Martinsville	39.4476	-86.4290
IN	Marysville	38.5545	-85.6308
IN	Matthews	40.3886	-85.4994
IN	Mauckport	38.0437	-86.1846
IN	Maxwell	39.8575	-85.7700
IN	Mays	39.7436	-85.4300
IN	Mc Cordsville	39.9018	-85.9095
IN	Mecca	39.7272	-87.3306
IN	Medaryville	41.0897	-86.8808
IN	Medora	38.8255	-86.1897
IN	Mellott	40.1653	-87.1478
IN	Memphis	38.4642	-85.7775
IN	Mentone	41.1615	-86.0299
IN	Merom	39.0323	-87.5397
IN	Merrillville	41.4957	-87.3509
IN	Metamora	39.4288	-85.1504
IN	Mexico	40.8222	-86.1156
IN	Miami	40.6142	-86.1064
IN	Michigan City	41.6980	-86.8699
IN	Michigantown	40.3108	-86.3753
IN	Middlebury	41.6754	-85.7114
IN	Middletown	40.0475	-85.5368
IN	Midland	39.1219	-87.1917
IN	Milan	39.1503	-85.1324
IN	Milford	41.4011	-85.8554
IN	Mill Creek	41.5561	-86.5472
IN	Millersburg	41.5335	-85.7072
IN	Millhousen	39.2106	-85.4325
IN	Milltown	38.3445	-86.3003
IN	Milroy	39.4955	-85.5044
IN	Milton	39.7763	-85.1423
IN	Mishawaka	41.6507	-86.1623
IN	Mitchell	38.7426	-86.4761
IN	Modoc	40.0582	-85.0919
IN	Mongo	41.6847	-85.2797
IN	Monon	40.8612	-86.8635
IN	Monroe	40.7005	-84.8441
IN	Monroe City	38.6001	-87.3641
IN	Monroeville	40.9870	-84.8937
IN	Monrovia	39.5714	-86.4894
IN	Monterey	41.1383	-86.5179
IN	Montezuma	39.7961	-87.3607
IN	Montgomery	38.6521	-87.0476
IN	Monticello	40.7626	-86.7550
IN	Montmorenci	40.4742	-87.0294
IN	Montpelier	40.5577	-85.2513
IN	Mooreland	39.9941	-85.2581
IN	Moores Hill	39.0945	-85.0638
IN	Mooresville	39.5915	-86.3642
IN	Morgantown	39.3628	-86.2803
IN	Morocco	40.9645	-87.4187
IN	Morris	39.2822	-85.1775
IN	Morristown	39.6675	-85.6934
IN	Mount Ayr	40.9519	-87.2992
IN	Mount Saint Francis	38.3583	-85.9425
IN	Mount Summit	40.0044	-85.3847
IN	Mount Vernon	37.9506	-87.8569
IN	Mulberry	40.3433	-86.6613
IN	Muncie	40.1684	-85.3807
IN	Munster	41.5544	-87.5011
IN	Nabb	38.6128	-85.5217
IN	Napoleon	39.2047	-85.3308
IN	Nappanee	41.4493	-85.9945
IN	Nashville	39.2367	-86.2220
IN	Needham	39.4779	-86.0041
IN	New Albany	38.3089	-85.8221
IN	New Carlisle	41.7051	-86.4838
IN	New Castle	39.9208	-85.3663
IN	New Goshen	39.5811	-87.4622
IN	New Harmony	38.1245	-87.9172
IN	New Haven	41.0699	-85.0117
IN	New Lebanon	39.0953	-87.4058
IN	New Lisbon	39.8633	-85.2631
IN	New Market	39.9525	-86.9214
IN	New Middletown	38.1442	-86.0553
IN	New Palestine	39.7233	-85.9052
IN	New Paris	41.4917	-85.8338
IN	New Point	39.3097	-85.3292
IN	New Richmond	40.1812	-86.9789
IN	New Ross	39.9883	-86.7528
IN	New Salisbury	38.3399	-86.0887
IN	New Trenton	39.3108	-84.9014
IN	New Washington	38.5575	-85.4599
IN	New Waverly	40.7642	-86.1925
IN	Newberry	38.9229	-87.0081
IN	Newburgh	37.9444	-87.4053
IN	Newport	39.8842	-87.4086
IN	Newtown	40.2042	-87.1478
IN	Nineveh	39.3656	-86.0976
IN	Noblesville	40.0563	-86.0163
IN	Norman	38.9300	-86.2079
IN	North Judson	41.2244	-86.6966
IN	North Liberty	41.5425	-86.4133
IN	North Manchester	40.9986	-85.7842
IN	North Salem	39.8671	-86.6388
IN	North Vernon	39.0018	-85.6272
IN	North Webster	41.3084	-85.7079
IN	Notre Dame	41.7006	-86.2429
IN	Oakford	40.4192	-86.1042
IN	Oakland City	38.3361	-87.3519
IN	Oaktown	38.8579	-87.3879
IN	Oakville	40.0792	-85.3906
IN	Odon	38.8187	-86.9752
IN	Oldenburg	39.3598	-85.2222
IN	Onward	40.6947	-86.1950
IN	Oolitic	38.8938	-86.5246
IN	Ora	41.1739	-86.5531
IN	Orestes	40.2694	-85.7281
IN	Orland	41.7309	-85.1465
IN	Orleans	38.6535	-86.4532
IN	Osceola	41.6741	-86.0789
IN	Osgood	39.1573	-85.2938
IN	Ossian	40.8806	-85.1570
IN	Otisco	38.5423	-85.6647
IN	Otterbein	40.5170	-87.1225
IN	Otwell	38.4662	-87.0985
IN	Owensburg	38.9522	-86.7441
IN	Owensville	38.2744	-87.7091
IN	Oxford	40.5217	-87.2526
IN	Palmyra	38.4105	-86.0888
IN	Paoli	38.5507	-86.4490
IN	Paragon	39.4042	-86.5779
IN	Paris Crossing	38.8558	-85.7487
IN	Parker City	40.1938	-85.1963
IN	Patoka	38.4143	-87.5958
IN	Patricksburg	39.3156	-86.9592
IN	Patriot	38.8537	-84.8515
IN	Paxton	39.0211	-87.3886
IN	Pekin	38.4931	-86.0170
IN	Pendleton	39.9792	-85.7946
IN	Pennville	40.5082	-85.1492
IN	Perrysville	40.0737	-87.4648
IN	Pershing	39.8128	-85.1636
IN	Peru	40.7492	-86.0680
IN	Petersburg	38.4789	-87.2883
IN	Petroleum	40.6114	-85.1508
IN	Pierceton	41.2124	-85.7061
IN	Pierceville	39.1333	-85.1797
IN	Pimento	39.2898	-87.3792
IN	Pine Village	40.4328	-87.2317
IN	Pittsboro	39.8615	-86.4645
IN	Plainfield	39.7160	-86.3951
IN	Plainville	38.7915	-87.1578
IN	Pleasant Lake	41.5843	-85.0213
IN	Pleasant Mills	40.7778	-84.8422
IN	Plymouth	41.3339	-86.3241
IN	Poland	39.4462	-86.9631
IN	Poneto	40.6419	-85.2562
IN	Portage	41.5672	-87.1757
IN	Portland	40.4306	-84.9928
IN	Poseyville	38.1720	-87.8027
IN	Prairie Creek	39.2750	-87.4972
IN	Prairieton	39.3700	-87.4744
IN	Preble	40.8322	-85.0147
IN	Princeton	38.3525	-87.5691
IN	Putnamville	39.5742	-86.8653
IN	Quincy	39.4395	-86.8025
IN	Ragsdale	38.7458	-87.3250
IN	Ramsey	38.3354	-86.1308
IN	Redkey	40.3265	-85.1620
IN	Reelsville	39.5464	-86.9500
IN	Remington	40.7667	-87.1599
IN	Rensselaer	40.9477	-87.1337
IN	Reynolds	40.7606	-86.8691
IN	Richland	37.9136	-87.2010
IN	Richmond	39.8324	-84.8936
IN	Ridgeville	40.2804	-85.0371
IN	Riley	39.3900	-87.3000
IN	Rising Sun	38.9567	-84.8807
IN	Roachdale	39.8325	-86.7902
IN	Roann	40.9066	-85.8899
IN	Roanoke	40.9600	-85.3526
IN	Rochester	41.0655	-86.2310
IN	Rockfield	40.6411	-86.5739
IN	Rockport	37.8858	-87.0770
IN	Rockville	39.7682	-87.1978
IN	Rolling Prairie	41.7229	-86.5841
IN	Rome	37.9376	-86.5958
IN	Rome City	41.4849	-85.3743
IN	Romney	40.2605	-86.9044
IN	Rosedale	39.6239	-87.3086
IN	Roselawn	41.1417	-87.3147
IN	Rossville	40.4109	-86.6080
IN	Royal Center	40.8645	-86.5078
IN	Rushville	39.6192	-85.4321
IN	Russellville	39.8366	-86.9670
IN	Russiaville	40.4151	-86.2675
IN	Saint Anthony	38.3322	-86.8249
IN	Saint Bernice	39.7092	-87.5214
IN	Saint Croix	38.2398	-86.6035
IN	Saint Joe	41.3240	-84.9043
IN	Saint John	41.4495	-87.4764
IN	Saint Mary Of The Woods	39.5108	-87.4672
IN	Saint Meinrad	38.1819	-86.8429
IN	Saint Paul	39.4277	-85.5994
IN	Salamonia	40.3582	-84.8551
IN	Salem	38.6071	-86.0787
IN	San Pierre	41.2111	-86.8725
IN	Sandborn	38.8817	-87.2025
IN	Santa Claus	38.0945	-86.9035
IN	Saratoga	40.2574	-84.9508
IN	Schererville	41.4922	-87.4605
IN	Schneider	41.1869	-87.4483
IN	Schnellville	38.3414	-86.7565
IN	Scipio	39.0665	-85.7129
IN	Scotland	38.9128	-86.9039
IN	Scottsburg	38.6885	-85.7987
IN	Sedalia	40.4156	-86.5147
IN	Seelyville	39.4919	-87.2672
IN	Sellersburg	38.3903	-85.7635
IN	Selma	40.1693	-85.2738
IN	Servia	40.9567	-85.7406
IN	Seymour	38.9571	-85.8825
IN	Sharpsville	40.3732	-86.1086
IN	Shelburn	39.2099	-87.3612
IN	Shelby	41.1953	-87.3478
IN	Shelbyville	39.5043	-85.7875
IN	Shepardsville	39.6008	-87.4175
IN	Sheridan	40.1104	-86.2367
IN	Shipshewana	41.6633	-85.5932
IN	Shirley	39.9158	-85.5182
IN	Shoals	38.6791	-86.7761
IN	Silver Lake	41.0743	-85.8792
IN	Smithville	39.0711	-86.5069
IN	Solsberry	39.1190	-86.7378
IN	Somerset	40.6692	-85.8283
IN	Somerville	38.2764	-87.3778
IN	South Bend	41.6727	-86.2535
IN	South Milford	41.5325	-85.2722
IN	South Whitley	41.0726	-85.6143
IN	Speedway	39.7987	-86.2573
IN	Spencer	39.2891	-86.7789
IN	Spencerville	41.2696	-84.9398
IN	Spiceland	39.8271	-85.4450
IN	Springport	40.0088	-85.3689
IN	Springville	38.9507	-86.6139
IN	Spurgeon	38.2522	-87.2572
IN	Stanford	39.0897	-86.6667
IN	Star City	40.9602	-86.5404
IN	State Line	40.1972	-87.5269
IN	Staunton	39.4875	-87.1889
IN	Stendal	38.2835	-87.1205
IN	Stilesville	39.6391	-86.6182
IN	Stinesville	39.2986	-86.6522
IN	Stockwell	40.2861	-86.7708
IN	Straughn	39.8319	-85.2724
IN	Stroh	41.5814	-85.1994
IN	Sullivan	39.1010	-87.4102
IN	Sulphur	38.2272	-86.4873
IN	Sulphur Springs	40.0111	-85.4407
IN	Sumava Resorts	41.1664	-87.4392
IN	Summitville	40.3398	-85.6403
IN	Sunman	39.2623	-85.1159
IN	Swayzee	40.5112	-85.8265
IN	Sweetser	40.5719	-85.7692
IN	Switz City	39.0369	-87.0502
IN	Syracuse	41.4065	-85.7184
IN	Talbot	40.6167	-87.3208
IN	Taswell	38.3463	-86.5387
IN	Taylorsville	39.2958	-85.9508
IN	Tefft	41.1986	-86.9739
IN	Tell City	37.9655	-86.7457
IN	Templeton	40.5128	-87.2078
IN	Tennyson	38.1232	-87.1388
IN	Terre Haute	39.4667	-87.4068
IN	Thayer	41.1733	-87.3336
IN	Thorntown	40.1133	-86.5898
IN	Tippecanoe	41.2166	-86.1095
IN	Tipton	40.2817	-86.0433
IN	Topeka	41.5634	-85.5317
IN	Trafalgar	39.3696	-86.1838
IN	Troy	37.9980	-86.7978
IN	Tunnelton	38.7686	-86.3428
IN	Twelve Mile	40.8547	-86.2126
IN	Tyner	41.4097	-86.4025
IN	Underwood	38.5903	-85.7672
IN	Union City	40.2024	-84.8268
IN	Union Mills	41.4602	-86.8355
IN	Uniondale	40.8717	-85.2732
IN	Unionville	39.2514	-86.4189
IN	Universal	39.6217	-87.4514
IN	Upland	40.4548	-85.4990
IN	Urbana	40.8987	-85.7485
IN	Vallonia	38.8174	-86.0690
IN	Valparaiso	41.4757	-87.0759
IN	Van Buren	40.6320	-85.4819
IN	Veedersburg	40.1186	-87.2602
IN	Velpen	38.3680	-87.0990
IN	Vernon	38.9689	-85.5984
IN	Versailles	39.0511	-85.2235
IN	Vevay	38.7724	-85.0852
IN	Vincennes	38.6734	-87.5098
IN	Wabash	40.7909	-85.8321
IN	Wadesville	38.0828	-87.7543
IN	Wakarusa	41.5401	-86.0205
IN	Waldron	39.4688	-85.6644
IN	Walkerton	41.4457	-86.4510
IN	Wallace	39.9864	-87.1483
IN	Walton	40.6772	-86.2805
IN	Wanatah	41.3845	-86.8764
IN	Warren	40.6886	-85.4183
IN	Warsaw	41.2438	-85.8508
IN	Washington	38.6536	-87.1707
IN	Waterloo	41.4402	-85.0221
IN	Waveland	39.9020	-87.0178
IN	Wawaka	41.4833	-85.4804
IN	Waynetown	40.0858	-87.0512
IN	Webster	39.9057	-84.9429
IN	West Baden Springs	38.5855	-86.6138
IN	West College Corner	39.5675	-84.8161
IN	West Harrison	39.2667	-84.8780
IN	West Lafayette	40.4440	-86.9237
IN	West Lebanon	40.2415	-87.4367
IN	West Middleton	40.4394	-86.2161
IN	West Newton	39.6531	-86.2828
IN	West Terre Haute	39.4938	-87.4671
IN	Westfield	40.0489	-86.1499
IN	Westphalia	38.8628	-87.2256
IN	Westpoint	40.3581	-87.0575
IN	Westport	39.1749	-85.5856
IN	Westville	41.5365	-86.9013
IN	Wheatfield	41.1779	-87.0699
IN	Wheatland	38.6671	-87.3062
IN	Wheeler	41.5117	-87.1792
IN	Whiteland	39.5553	-86.0935
IN	Whitestown	40.0000	-86.3507
IN	Whiting	41.6787	-87.5005
IN	Wilkinson	39.8957	-85.6144
IN	Williams	38.7735	-86.6285
IN	Williamsburg	39.9580	-84.9984
IN	Williamsport	40.3094	-87.2787
IN	Winamac	41.0562	-86.6307
IN	Winchester	40.1696	-85.0044
IN	Windfall	40.3669	-85.9476
IN	Wingate	40.1666	-87.0664
IN	Winona Lake	41.2110	-85.8305
IN	Winslow	38.3640	-87.2223
IN	Wolcott	40.7516	-87.0290
IN	Wolcottville	41.5570	-85.3150
IN	Wolflake	41.3325	-85.4981
IN	Woodburn	41.1361	-84.8929
IN	Worthington	39.1230	-86.9991
IN	Wyatt	41.5258	-86.1694
IN	Yeoman	40.6678	-86.7242
IN	Yoder	40.9371	-85.1958
IN	Yorktown	40.1836	-85.4960
IN	Young America	40.5686	-86.3467
IN	Zanesville	40.9158	-85.2811
IN	Zionsville	39.9561	-86.2767
KS	Abbyville	37.9626	-98.2071
KS	Abilene	38.9371	-97.2063
KS	Admire	38.6393	-96.1017
KS	Agenda	39.7029	-97.4270
KS	Agra	39.8037	-99.1255
KS	Albert	38.4758	-98.9807
KS	Alden	38.2343	-98.3112
KS	Alexander	38.4570	-99.5378
KS	Allen	38.6375	-96.2500
KS	Alma	39.0092	-96.2923
KS	Almena	39.8891	-99.7042
KS	Alta Vista	38.8636	-96.4800
KS	Altamont	37.1873	-95.2983
KS	Alton	39.4514	-98.9539
KS	Altoona	37.5197	-95.6483
KS	Americus	38.5098	-96.2608
KS	Andale	37.7827	-97.6407
KS	Andover	37.6985	-97.1179
KS	Anthony	37.1512	-98.0285
KS	Arcadia	37.6341	-94.6548
KS	Argonia	37.2840	-97.7557
KS	Arkansas City	37.0676	-97.0357
KS	Arlington	37.8598	-98.1590
KS	Arma	37.5439	-94.7000
KS	Arnold	38.6091	-100.0120
KS	Ashland	37.1823	-99.7590
KS	Assaria	38.6676	-97.6203
KS	Atchison	39.5594	-95.1304
KS	Athol	39.7719	-98.9077
KS	Atlanta	37.4343	-96.7661
KS	Attica	37.2528	-98.2264
KS	Atwood	39.7926	-101.0318
KS	Auburn	38.9167	-95.8199
KS	Augusta	37.6836	-96.9648
KS	Aurora	39.4472	-97.5304
KS	Axtell	39.8707	-96.2676
KS	Baileyville	39.8816	-96.1801
KS	Baldwin City	38.7953	-95.2276
KS	Barnard	39.1816	-98.0711
KS	Barnes	39.6841	-96.8676
KS	Bartlett	37.0601	-95.2115
KS	Basehor	39.1281	-94.9570
KS	Baxter Springs	37.0281	-94.7393
KS	Bazine	38.4565	-99.7016
KS	Beattie	39.8988	-96.4286
KS	Beaumont	37.6079	-96.6386
KS	Beeler	38.4811	-100.1710
KS	Belle Plaine	37.4052	-97.2852
KS	Belleville	39.8241	-97.6290
KS	Beloit	39.4545	-98.1117
KS	Belpre	37.9347	-99.0936
KS	Belvue	39.2273	-96.1866
KS	Bendena	39.7174	-95.1765
KS	Benedict	37.6514	-95.6242
KS	Bennington	39.0224	-97.6031
KS	Bentley	37.8796	-97.5164
KS	Benton	37.7946	-97.0971
KS	Bern	39.9571	-95.9610
KS	Berryton	38.9442	-95.5825
KS	Beverly	38.9844	-97.9818
KS	Bird City	39.7579	-101.5319
KS	Bison	38.5193	-99.1986
KS	Blue Mound	38.0908	-95.0053
KS	Blue Rapids	39.6750	-96.6359
KS	Bluff City	37.0838	-97.8754
KS	Bogue	39.3782	-99.6788
KS	Bonner Springs	39.0685	-94.8861
KS	Bremen	39.8775	-96.7458
KS	Brewster	39.3655	-101.3730
KS	Bronson	37.9214	-95.0303
KS	Brookville	38.7858	-97.8630
KS	Brownell	38.6239	-99.7328
KS	Bucklin	37.5530	-99.6325
KS	Bucyrus	38.6870	-94.7429
KS	Buffalo	37.7011	-95.7014
KS	Buhler	38.1309	-97.7691
KS	Bunker Hill	38.8357	-98.6783
KS	Burden	37.3209	-96.7570
KS	Burdett	38.2104	-99.5275
KS	Burdick	38.5674	-96.8396
KS	Burlingame	38.7634	-95.8400
KS	Burlington	38.2016	-95.7412
KS	Burns	38.1222	-96.8634
KS	Burr Oak	39.8932	-98.3499
KS	Burrton	38.0261	-97.6666
KS	Bushton	38.5018	-98.4016
KS	Byers	37.7847	-98.9017
KS	Caldwell	37.0452	-97.6247
KS	Cambridge	37.3583	-96.6639
KS	Caney	37.0224	-95.9091
KS	Canton	38.3858	-97.4291
KS	Carbondale	38.8206	-95.6871
KS	Cassoday	38.0298	-96.6746
KS	Catharine	38.9603	-99.2160
KS	Cawker City	39.5115	-98.4335
KS	Cedar	39.6602	-98.9369
KS	Cedar Point	38.2798	-96.7754
KS	Cedar Vale	37.1265	-96.4701
KS	Centerville	38.2130	-94.9934
KS	Centralia	39.7381	-96.1486
KS	Chanute	37.6749	-95.4570
KS	Chapman	38.9722	-97.0170
KS	Chase	38.3635	-98.3556
KS	Chautauqua	37.0203	-96.1764
KS	Cheney	37.6353	-97.7686
KS	Cherokee	37.3694	-94.8424
KS	Cherryvale	37.2668	-95.5590
KS	Chetopa	37.0418	-95.0796
KS	Cimarron	37.8127	-100.3438
KS	Circleville	39.5155	-95.8517
KS	Claflin	38.5409	-98.5372
KS	Clay Center	39.3844	-97.1278
KS	Clayton	39.6998	-100.0596
KS	Clearview City	38.9792	-94.9683
KS	Clearwater	37.5076	-97.5082
KS	Clifton	39.6201	-97.2611
KS	Clyde	39.5758	-97.4080
KS	Coats	37.5125	-98.8504
KS	Coffeyville	37.0441	-95.6328
KS	Colby	39.3830	-101.0442
KS	Coldwater	37.2479	-99.3115
KS	Collyer	38.9652	-100.0692
KS	Colony	38.0761	-95.3287
KS	Columbus	37.1690	-94.8502
KS	Colwich	37.7782	-97.5405
KS	Concordia	39.5594	-97.6627
KS	Conway Springs	37.3903	-97.6284
KS	Coolidge	38.0417	-102.0083
KS	Copeland	37.5680	-100.6148
KS	Corning	39.6570	-96.0776
KS	Cottonwood Falls	38.3565	-96.5418
KS	Council Grove	38.6677	-96.4973
KS	Courtland	39.7851	-97.8900
KS	Crestline	37.1612	-94.6783
KS	Cuba	39.7975	-97.4496
KS	Cummings	39.4830	-95.2863
KS	Cunningham	37.6661	-98.3930
KS	Damar	39.3242	-99.5811
KS	Danville	37.2674	-97.8689
KS	De Soto	38.9566	-94.9647
KS	Dearing	37.0586	-95.7131
KS	Deerfield	38.0068	-101.1431
KS	Delia	39.2655	-95.9608
KS	Delphos	39.2731	-97.7717
KS	Denison	39.4153	-95.6329
KS	Dennis	37.3243	-95.4116
KS	Denton	39.7154	-95.2744
KS	Derby	37.5530	-97.2549
KS	Dexter	37.1641	-96.6917
KS	Dighton	38.4746	-100.4580
KS	Dodge City	37.7569	-100.0241
KS	Dorrance	38.8348	-98.5695
KS	Douglass	37.5195	-96.9948
KS	Dover	39.0192	-95.8985
KS	Downs	39.5028	-98.5441
KS	Dresden	39.6094	-100.4112
KS	Durham	38.5038	-97.2555
KS	Dwight	38.8389	-96.5802
KS	Easton	39.3621	-95.0544
KS	Edgerton	38.7811	-95.0094
KS	Edna	37.0561	-95.3442
KS	Edson	39.3579	-101.5210
KS	Edwardsville	39.0587	-94.8255
KS	Effingham	39.5023	-95.4198
KS	El Dorado	37.8226	-96.8543
KS	Elbing	38.0462	-97.1128
KS	Elk City	37.3146	-95.9135
KS	Elk Falls	37.3745	-96.1959
KS	Elkhart	37.0154	-101.9012
KS	Ellinwood	38.3565	-98.5849
KS	Ellis	38.9471	-99.5285
KS	Ellsworth	38.7312	-98.2057
KS	Elmdale	38.3779	-96.6675
KS	Elsmore	37.8035	-95.1546
KS	Elwood	39.7556	-94.8722
KS	Emmett	39.3048	-96.0593
KS	Emporia	38.4184	-96.1871
KS	Englewood	37.0658	-99.9878
KS	Ensign	37.6414	-100.2496
KS	Enterprise	38.9063	-97.1122
KS	Erie	37.6044	-95.2514
KS	Esbon	39.7562	-98.4462
KS	Eskridge	38.8514	-96.1016
KS	Eudora	38.9330	-95.1022
KS	Eureka	37.8265	-96.2959
KS	Everest	39.6880	-95.4138
KS	Fairview	39.8445	-95.7110
KS	Fall River	37.6210	-96.0435
KS	Falun	38.6648	-97.7554
KS	Farlington	37.6163	-94.8479
KS	Florence	38.2415	-96.9346
KS	Fontana	38.4102	-94.8718
KS	Ford	37.6323	-99.7642
KS	Formoso	39.7795	-97.9889
KS	Fort Dodge	37.7065	-99.9456
KS	Fort Leavenworth	39.3485	-94.9265
KS	Fort Riley	39.0619	-96.7873
KS	Fort Scott	37.8342	-94.7042
KS	Fostoria	39.3939	-96.4133
KS	Fowler	37.3542	-100.1981
KS	Frankfort	39.7190	-96.4283
KS	Franklin	37.5264	-94.7056
KS	Fredonia	37.5256	-95.8229
KS	Freeport	37.1903	-97.8634
KS	Frontenac	37.4556	-94.6889
KS	Fulton	37.9883	-94.7396
KS	Galena	37.0632	-94.6557
KS	Galesburg	37.4693	-95.3108
KS	Galva	38.3824	-97.5359
KS	Garden City	37.9769	-100.8621
KS	Garden Plain	37.6767	-97.6600
KS	Gardner	38.8075	-94.9157
KS	Garfield	38.0649	-99.2374
KS	Garland	37.7174	-94.6721
KS	Garnett	38.2859	-95.2594
KS	Gas	37.9236	-95.3458
KS	Gaylord	39.6599	-98.8018
KS	Gem	39.4296	-100.8948
KS	Geneseo	38.5037	-98.1858
KS	Geuda Springs	37.0809	-97.1795
KS	Girard	37.5091	-94.8569
KS	Glade	39.6704	-99.2996
KS	Glasco	39.3621	-97.8418
KS	Glen Elder	39.4958	-98.3155
KS	Goddard	37.6575	-97.5364
KS	Goessel	38.2343	-97.3363
KS	Goff	39.6654	-95.9574
KS	Goodland	39.3491	-101.7164
KS	Gorham	38.8722	-99.0112
KS	Gove	38.8870	-100.4867
KS	Grainfield	39.1030	-100.4680
KS	Grantville	39.0972	-95.5397
KS	Great Bend	38.3709	-98.7831
KS	Greeley	38.3524	-95.1188
KS	Green	39.4201	-96.9994
KS	Greenleaf	39.7061	-96.9775
KS	Greensburg	37.6084	-99.3011
KS	Greenwich	37.7828	-97.2033
KS	Grenola	37.3668	-96.4396
KS	Gridley	38.1012	-95.8874
KS	Grinnell	39.0851	-100.6621
KS	Gypsum	38.7047	-97.4338
KS	Haddam	39.8520	-97.3081
KS	Halstead	38.0064	-97.5118
KS	Hamilton	37.9791	-96.1691
KS	Hanover	39.8927	-96.8689
KS	Hanston	38.1090	-99.6928
KS	Hardtner	37.0300	-98.6547
KS	Harper	37.2909	-98.0180
KS	Hartford	38.2833	-95.9997
KS	Harveyville	38.8574	-95.9962
KS	Havana	37.0917	-95.9414
KS	Haven	37.8686	-97.7772
KS	Havensville	39.4942	-96.0769
KS	Haviland	37.6096	-99.1340
KS	Hays	38.8780	-99.3201
KS	Haysville	37.5647	-97.3553
KS	Hazelton	37.0984	-98.4003
KS	Healy	38.5664	-100.6159
KS	Hepler	37.6576	-94.9892
KS	Herington	38.7023	-97.0155
KS	Herndon	39.9036	-100.8139
KS	Hesston	38.1360	-97.4495
KS	Hiawatha	39.8716	-95.5289
KS	Highland	39.8608	-95.2583
KS	Hill City	39.3566	-99.8429
KS	Hillsboro	38.3449	-97.2122
KS	Hillsdale	38.6845	-94.8584
KS	Hoisington	38.5292	-98.7910
KS	Holcomb	37.9931	-100.9893
KS	Hollenberg	39.9600	-96.9735
KS	Holton	39.4436	-95.7525
KS	Holyrood	38.5900	-98.4159
KS	Home	39.8545	-96.5292
KS	Hope	38.6776	-97.1061
KS	Horton	39.6789	-95.5299
KS	Howard	37.4809	-96.2563
KS	Hoxie	39.3322	-100.4758
KS	Hoyt	39.2552	-95.6867
KS	Hudson	38.1485	-98.6408
KS	Hugoton	37.1682	-101.3346
KS	Humboldt	37.8045	-95.4220
KS	Hunter	39.2430	-98.4017
KS	Hutchinson	38.0550	-97.9311
KS	Independence	37.2292	-95.7165
KS	Ingalls	37.8293	-100.5143
KS	Inman	38.2232	-97.7951
KS	Iola	37.9282	-95.4021
KS	Isabel	37.4485	-98.5351
KS	Iuka	37.7397	-98.7361
KS	Jamestown	39.6021	-97.8631
KS	Jennings	39.6762	-100.2834
KS	Jetmore	38.0738	-99.9327
KS	Jewell	39.6697	-98.1256
KS	Johnson	37.5694	-101.7194
KS	Junction City	39.0299	-96.8396
KS	Kanopolis	38.7091	-98.1575
KS	Kanorado	39.3438	-102.0015
KS	Kansas City	39.1157	-94.6271
KS	Kechi	37.7958	-97.2792
KS	Kendall	37.9637	-101.5969
KS	Kensington	39.7692	-99.0308
KS	Kincaid	38.0915	-95.1452
KS	Kingman	37.6362	-98.1093
KS	Kinsley	37.9247	-99.4116
KS	Kiowa	37.0172	-98.4859
KS	Kirwin	39.6717	-99.1204
KS	Kismet	37.1336	-100.7506
KS	La Crosse	38.5311	-99.3097
KS	La Harpe	37.9224	-95.3232
KS	Lacygne	38.3434	-94.7593
KS	Lake City	37.3569	-98.8098
KS	Lakin	37.9382	-101.2713
KS	Lamont	38.1356	-96.1356
KS	Lancaster	39.5912	-95.3089
KS	Lane	38.4375	-95.0979
KS	Lansing	39.2502	-94.8994
KS	Larned	38.1796	-99.1124
KS	Latham	37.5310	-96.6791
KS	Lawrence	38.9644	-95.2418
KS	Le Roy	38.0874	-95.6227
KS	Leavenworth	39.3015	-94.9339
KS	Leawood	38.9606	-94.6196
KS	Lebanon	39.8128	-98.5581
KS	Lebo	38.4161	-95.8222
KS	Lecompton	39.0001	-95.4025
KS	Lehigh	38.3771	-97.3043
KS	Lenexa	38.9630	-94.7399
KS	Lenora	39.6094	-100.0016
KS	Leon	37.6813	-96.7526
KS	Leonardville	39.3652	-96.8312
KS	Leoti	38.4987	-101.3589
KS	Levant	39.3841	-101.2096
KS	Lewis	37.9062	-99.2480
KS	Liberal	37.0438	-100.9286
KS	Liberty	37.1576	-95.6017
KS	Liebenthal	38.6466	-99.2821
KS	Lincoln	39.0286	-98.1404
KS	Lincolnville	38.4810	-96.9612
KS	Lindsborg	38.5761	-97.6739
KS	Linn	39.6847	-97.0854
KS	Linwood	39.0206	-94.9914
KS	Little River	38.4079	-98.0113
KS	Logan	39.6611	-99.5687
KS	Long Island	39.9517	-99.5391
KS	Longford	39.1743	-97.2087
KS	Longton	37.3905	-96.0814
KS	Lorraine	38.5652	-98.2900
KS	Lost Springs	38.5657	-96.9799
KS	Louisburg	38.6073	-94.6829
KS	Lucas	39.0581	-98.5352
KS	Ludell	39.8630	-100.9604
KS	Luray	39.1039	-98.6851
KS	Lyndon	38.6356	-95.6802
KS	Lyons	38.3349	-98.1831
KS	Macksville	37.9433	-98.9481
KS	Madison	38.1278	-96.1213
KS	Mahaska	39.9845	-97.3453
KS	Maize	37.7747	-97.4689
KS	Manhattan	39.1938	-96.5858
KS	Mankato	39.7833	-98.2152
KS	Manter	37.5451	-101.9109
KS	Maple City	37.0713	-96.7814
KS	Maple Hill	39.0695	-96.0187
KS	Mapleton	38.0228	-94.8735
KS	Marienthal	38.4825	-101.1992
KS	Marion	38.3554	-97.0204
KS	Marquette	38.5560	-97.8381
KS	Marysville	39.8428	-96.6422
KS	Matfield Green	38.1448	-96.5541
KS	Mayetta	39.3489	-95.6928
KS	Mayfield	37.2518	-97.5416
KS	Mc Cracken	38.5957	-99.5540
KS	Mc Cune	37.3468	-95.0376
KS	Mc Donald	39.7923	-101.3227
KS	Mc Farland	39.0167	-96.2889
KS	Mc Louth	39.1668	-95.2183
KS	Mcconnell Afb	37.6237	-97.2540
KS	Mcpherson	38.3737	-97.6550
KS	Meade	37.2821	-100.3364
KS	Medicine Lodge	37.2845	-98.5848
KS	Melvern	38.5027	-95.6290
KS	Meriden	39.2038	-95.5476
KS	Milan	37.2578	-97.6521
KS	Milford	39.1692	-96.9100
KS	Milton	37.4401	-97.7592
KS	Miltonvale	39.3481	-97.4579
KS	Minneapolis	39.1295	-97.6688
KS	Minneola	37.4245	-99.9604
KS	Mission	39.0198	-94.6651
KS	Moline	37.3649	-96.3069
KS	Montezuma	37.6016	-100.4461
KS	Monument	39.0790	-101.0350
KS	Moran	37.9342	-95.1647
KS	Morganville	39.5092	-97.2492
KS	Morland	39.3229	-100.0733
KS	Morrill	39.9356	-95.7120
KS	Morrowville	39.8616	-97.1825
KS	Moscow	37.3172	-101.2427
KS	Mound City	38.1560	-94.8186
KS	Mound Valley	37.2091	-95.4247
KS	Moundridge	38.2060	-97.5088
KS	Mount Hope	37.8684	-97.6591
KS	Mulberry	37.5442	-94.6839
KS	Mullinville	37.5716	-99.4639
KS	Mulvane	37.4764	-97.2320
KS	Munden	39.9272	-97.5403
KS	Murdock	37.6099	-97.9503
KS	Muscotah	39.5880	-95.4985
KS	Narka	39.9582	-97.4243
KS	Nashville	37.4344	-98.4171
KS	Natoma	39.2013	-98.9829
KS	Neal	37.8342	-96.0800
KS	Nekoma	38.4372	-99.4234
KS	Neodesha	37.4257	-95.6765
KS	Neosho Falls	37.9669	-95.5497
KS	Neosho Rapids	38.3948	-96.0168
KS	Ness City	38.4388	-99.9029
KS	Netawaka	39.6063	-95.7270
KS	New Albany	37.5444	-95.9126
KS	New Cambria	38.8960	-97.5230
KS	New Century	38.8503	-94.9323
KS	Newton	38.0451	-97.3435
KS	Nickerson	38.1412	-98.0674
KS	Niotaze	37.0513	-96.0192
KS	Norcatur	39.8447	-100.2007
KS	North Newton	38.1282	-97.3288
KS	Norton	39.8407	-99.8878
KS	Nortonville	39.4095	-95.3236
KS	Norway	39.6953	-97.8119
KS	Norwich	37.4501	-97.8662
KS	Oakley	39.1121	-100.8580
KS	Oberlin	39.8275	-100.5314
KS	Offerle	37.8828	-99.5498
KS	Ogallah	38.9323	-99.6811
KS	Ogden	39.1192	-96.7001
KS	Oketo	39.9598	-96.6235
KS	Olathe	38.8822	-94.8178
KS	Olmitz	38.5670	-98.9290
KS	Olpe	38.2578	-96.1891
KS	Olsburg	39.4125	-96.6002
KS	Onaga	39.4730	-96.1761
KS	Oneida	39.8661	-95.9581
KS	Opolis	37.3444	-94.6208
KS	Osage City	38.6269	-95.8303
KS	Osawatomie	38.4888	-94.9620
KS	Osborne	39.4194	-98.6961
KS	Oskaloosa	39.2152	-95.3135
KS	Oswego	37.1823	-95.1335
KS	Otis	38.5092	-99.0656
KS	Ottawa	38.6142	-95.2745
KS	Overbrook	38.7922	-95.5616
KS	Overland Park	38.9925	-94.6748
KS	Oxford	37.2653	-97.1761
KS	Ozawkie	39.2136	-95.4404
KS	Palco	39.2531	-99.5593
KS	Palmer	39.6192	-97.1122
KS	Paola	38.5720	-94.8937
KS	Paradise	39.0756	-98.9207
KS	Park	39.0788	-100.3469
KS	Parker	38.3303	-94.9871
KS	Parsons	37.3389	-95.2693
KS	Partridge	37.9671	-98.0798
KS	Pawnee Rock	38.2782	-98.9814
KS	Paxico	39.0803	-96.1818
KS	Peabody	38.1737	-97.1184
KS	Peck	37.4724	-97.3116
KS	Penokee	39.3917	-99.9196
KS	Perry	39.0875	-95.3731
KS	Peru	37.0568	-96.1404
KS	Pfeifer	38.7299	-99.1412
KS	Phillipsburg	39.7623	-99.3328
KS	Piedmont	37.6372	-96.3695
KS	Pierceville	37.9077	-100.7118
KS	Piqua	37.8728	-95.5900
KS	Pittsburg	37.4132	-94.7023
KS	Plains	37.2701	-100.5732
KS	Plainville	39.2308	-99.3008
KS	Pleasanton	38.1823	-94.7057
KS	Plevna	37.9658	-98.2988
KS	Pomona	38.6153	-95.4489
KS	Portis	39.5455	-98.6904
KS	Potter	39.4258	-95.1417
KS	Potwin	37.9719	-97.0006
KS	Powhattan	39.7177	-95.6751
KS	Prairie View	39.8370	-99.5683
KS	Prairie Village	38.9968	-94.6315
KS	Pratt	37.6502	-98.7300
KS	Prescott	38.0718	-94.7008
KS	Pretty Prairie	37.7783	-97.9886
KS	Princeton	38.4847	-95.2764
KS	Protection	37.1968	-99.4816
KS	Quenemo	38.5785	-95.5362
KS	Quinter	39.0363	-100.2337
KS	Ramona	38.5777	-97.0759
KS	Randall	39.6286	-98.0661
KS	Randolph	39.4879	-96.7828
KS	Ransom	38.6400	-99.9267
KS	Rantoul	38.5666	-95.1234
KS	Raymond	38.2877	-98.4119
KS	Reading	38.5290	-95.9895
KS	Redfield	37.8560	-94.8290
KS	Republic	39.9376	-97.8435
KS	Rexford	39.4622	-100.7490
KS	Richfield	37.2834	-101.7004
KS	Richmond	38.4074	-95.2489
KS	Riley	39.1224	-96.8118
KS	Riverton	37.0993	-94.6788
KS	Robinson	39.8127	-95.3862
KS	Rock	37.4294	-96.9365
KS	Rolla	37.1089	-101.6447
KS	Rosalia	37.7960	-96.6482
KS	Rose Hill	37.5784	-97.1173
KS	Rossville	39.1451	-95.9553
KS	Roxbury	38.4743	-97.4272
KS	Rozel	38.2148	-99.4048
KS	Rush Center	38.4533	-99.3079
KS	Russell	38.8806	-98.8595
KS	Sabetha	39.8993	-95.8113
KS	Saint Francis	39.7736	-101.8123
KS	Saint George	39.2108	-96.4345
KS	Saint John	38.0309	-98.7647
KS	Saint Marys	39.1987	-96.0683
KS	Saint Paul	37.5180	-95.1688
KS	Salina	38.8238	-97.6088
KS	Satanta	37.4409	-100.9691
KS	Savonburg	37.7517	-95.1545
KS	Sawyer	37.5101	-98.6642
KS	Scammon	37.2711	-94.8520
KS	Scandia	39.7939	-97.7786
KS	Schoenchen	38.7481	-99.3869
KS	Scott City	38.4799	-100.8993
KS	Scranton	38.7880	-95.7480
KS	Sedan	37.1297	-96.1732
KS	Sedgwick	37.8693	-97.4024
KS	Selden	39.5216	-100.5257
KS	Seneca	39.8398	-96.0595
KS	Severy	37.6499	-96.2298
KS	Sharon	37.2492	-98.4142
KS	Sharon Springs	38.8857	-101.7431
KS	Shawnee	39.0198	-94.7083
KS	Shawnee Mission	38.9566	-94.7847
KS	Silver Lake	39.1102	-95.8552
KS	Simpson	39.3731	-97.9489
KS	Smith Center	39.8042	-98.7842
KS	Soldier	39.5013	-95.9652
KS	Solomon	38.9194	-97.3518
KS	South Haven	37.0500	-97.4042
KS	South Hutchinson	38.0073	-97.9081
KS	Spearville	37.8235	-99.7370
KS	Spivey	37.4410	-98.1751
KS	Spring Hill	38.7631	-94.8246
KS	Stafford	37.9554	-98.5929
KS	Stark	37.6811	-95.1388
KS	Sterling	38.2126	-98.2055
KS	Stilwell	38.7902	-94.6643
KS	Stockton	39.4376	-99.2871
KS	Strong City	38.4129	-96.5172
KS	Sublette	37.5221	-100.8208
KS	Summerfield	39.9798	-96.3279
KS	Sun City	37.3946	-98.9039
KS	Sycamore	37.3269	-95.7153
KS	Sylvan Grove	39.0324	-98.3730
KS	Sylvia	37.9557	-98.4068
KS	Syracuse	37.9826	-101.7687
KS	Talmage	39.0086	-97.2974
KS	Tampa	38.5534	-97.1774
KS	Tecumseh	39.0217	-95.5379
KS	Tescott	38.9983	-97.8284
KS	Thayer	37.4527	-95.4671
KS	Tipton	39.3436	-98.4644
KS	Tonganoxie	39.1026	-95.1051
KS	Topeka	39.0541	-95.6719
KS	Toronto	37.7953	-95.9368
KS	Towanda	37.8005	-96.9918
KS	Treece	37.0399	-94.8690
KS	Tribune	38.4962	-101.7656
KS	Troy	39.7787	-95.0663
KS	Turon	37.8096	-98.4218
KS	Tyro	37.0378	-95.8211
KS	Udall	37.3939	-97.1108
KS	Ulysses	37.5792	-101.3488
KS	Uniontown	37.8117	-94.9814
KS	Utica	38.6411	-100.1380
KS	Valley Center	37.8616	-97.2621
KS	Valley Falls	39.3484	-95.4670
KS	Vassar	38.6691	-95.5813
KS	Vermillion	39.7050	-96.2816
KS	Victoria	38.8589	-99.1391
KS	Viola	37.5696	-97.6306
KS	Virgil	37.8976	-96.0329
KS	Wakarusa	38.9045	-95.7015
KS	Wakeeney	39.0114	-99.8818
KS	Wakefield	39.2249	-97.0229
KS	Waldo	39.0877	-98.7785
KS	Waldron	37.0730	-98.2289
KS	Walker	38.8672	-99.0756
KS	Wallace	38.8747	-101.5735
KS	Walnut	37.5967	-95.0455
KS	Walton	38.1239	-97.2361
KS	Wamego	39.2100	-96.3153
KS	Washington	39.8223	-97.0484
KS	Waterville	39.6971	-96.7498
KS	Wathena	39.7625	-94.9255
KS	Waverly	38.3782	-95.5982
KS	Webber	39.9245	-97.9978
KS	Weir	37.2982	-94.7439
KS	Welda	38.1686	-95.3096
KS	Wellington	37.2778	-97.3910
KS	Wellsville	38.7137	-95.0916
KS	Weskan	38.8649	-101.9512
KS	West Mineral	37.2842	-94.9228
KS	Westmoreland	39.4165	-96.4114
KS	Westphalia	38.1718	-95.4665
KS	Wetmore	39.6428	-95.8231
KS	White City	38.7890	-96.7637
KS	White Cloud	39.9627	-95.2982
KS	Whitewater	37.9612	-97.1308
KS	Whiting	39.5974	-95.6158
KS	Wichita	37.6898	-97.3415
KS	Williamsburg	38.4902	-95.4226
KS	Wilmore	37.3318	-99.1846
KS	Wilsey	38.6334	-96.6704
KS	Wilson	38.8134	-98.4432
KS	Winchester	39.3245	-95.2696
KS	Windom	38.3845	-97.8965
KS	Winfield	37.2416	-96.9800
KS	Winona	39.0610	-101.2216
KS	Woodbine	38.8131	-96.9619
KS	Woodston	39.4431	-99.1037
KS	Wright	37.7676	-99.9238
KS	Yates Center	37.8801	-95.7289
KS	Yoder	37.9403	-97.8681
KS	Zenda	37.4373	-98.2874
KY	Aberdeen	37.2539	-86.6817
KY	Adairville	36.6914	-86.8585
KY	Adams	37.9914	-82.7024
KY	Adolphus	36.6775	-86.2636
KY	Ages Brookside	36.8407	-83.2353
KY	Albany	36.6857	-85.1407
KY	Alexandria	38.9406	-84.3943
KY	Allen	37.5662	-82.6363
KY	Allensville	36.6947	-87.0244
KY	Almo	36.7128	-88.3087
KY	Alpha	36.7797	-85.0924
KY	Alvaton	36.8630	-86.3632
KY	Annville	37.3070	-83.9597
KY	Argillite	38.4322	-82.8094
KY	Arjay	36.8283	-83.6415
KY	Arlington	36.8001	-88.9438
KY	Artemus	36.8388	-83.8329
KY	Ary	37.3544	-83.1393
KY	Ashcamp	37.2589	-82.4613
KY	Asher	37.0442	-83.4042
KY	Ashland	38.4430	-82.7027
KY	Athol	37.5525	-83.5628
KY	Auburn	36.8818	-86.7198
KY	Augusta	38.7630	-83.9954
KY	Austin	36.8124	-85.9850
KY	Auxier	37.7218	-82.7677
KY	Avawam	37.2244	-83.2753
KY	Bagdad	38.2608	-85.0651
KY	Bandana	37.1461	-88.9458
KY	Banner	37.5771	-82.6974
KY	Barbourville	36.8648	-83.8993
KY	Bardstown	37.8083	-85.4613
KY	Bardwell	36.8634	-89.0209
KY	Barlow	37.0493	-89.0408
KY	Baskett	37.8708	-87.4625
KY	Battletown	38.0393	-86.2991
KY	Baxter	36.8749	-83.3141
KY	Bays	37.6461	-83.2469
KY	Bear Branch	37.2109	-83.4944
KY	Beattyville	37.5819	-83.7023
KY	Beaumont	36.8876	-85.6488
KY	Beauty	37.8400	-82.4392
KY	Beaver	37.3722	-82.6803
KY	Beaver Dam	37.3870	-86.8729
KY	Bedford	38.5864	-85.3133
KY	Bee Spring	37.2975	-86.2794
KY	Beech Creek	37.1837	-87.1239
KY	Beech Grove	37.6161	-87.3964
KY	Beechmont	37.1776	-87.0393
KY	Belcher	37.3137	-82.3965
KY	Belfry	37.6401	-82.2573
KY	Bellevue	39.1024	-84.4787
KY	Belton	37.1511	-86.9774
KY	Benham	36.9574	-82.9094
KY	Benton	36.8806	-88.3548
KY	Berea	37.5799	-84.2749
KY	Berry	38.5160	-84.3611
KY	Bethany	37.6503	-83.4736
KY	Bethelridge	37.2246	-84.7790
KY	Bethlehem	38.4024	-85.0649
KY	Betsy Layne	37.5316	-82.7002
KY	Beverly	36.9442	-83.5560
KY	Bevinsville	37.3385	-82.7125
KY	Big Clifty	37.5278	-86.1395
KY	Big Creek	37.1417	-83.6331
KY	Big Laurel	37.0028	-83.1565
KY	Bighill	37.5544	-84.2083
KY	Bimble	36.8868	-83.8282
KY	Blackey	37.1343	-82.9402
KY	Blackford	37.4483	-87.9347
KY	Blaine	38.0270	-82.8513
KY	Bledsoe	36.9123	-83.3539
KY	Bloomfield	37.9080	-85.2862
KY	Blue River	37.6481	-82.8274
KY	Boaz	36.9300	-88.6223
KY	Bonnieville	37.3741	-85.8960
KY	Bonnyman	37.3108	-83.2286
KY	Booneville	37.4787	-83.6606
KY	Boons Camp	37.8216	-82.6704
KY	Boston	37.7640	-85.6199
KY	Bowling Green	37.0079	-86.4559
KY	Bradfordsville	37.4662	-85.1436
KY	Brandenburg	37.9662	-86.1084
KY	Breeding	36.9810	-85.4078
KY	Bremen	37.3430	-87.2330
KY	Brodhead	37.3815	-84.4336
KY	Bronston	36.9525	-84.6314
KY	Brooks	38.0546	-85.7713
KY	Brooksville	38.6644	-84.0786
KY	Browder	37.2593	-86.9782
KY	Brownsville	37.1882	-86.2740
KY	Bryants Store	36.7831	-83.9307
KY	Bryantsville	37.7144	-84.6492
KY	Buckhorn	37.3010	-83.4936
KY	Buckner	38.3630	-85.4741
KY	Buffalo	37.4786	-85.6434
KY	Bulan	37.3282	-83.1585
KY	Burdine	37.1892	-82.5992
KY	Burgin	37.7517	-84.7683
KY	Burkesville	36.8068	-85.3970
KY	Burlington	39.0324	-84.7414
KY	Burna	37.2315	-88.3942
KY	Burnside	36.9614	-84.5652
KY	Bush	37.0709	-83.9761
KY	Busy	37.2632	-83.3007
KY	Butler	38.8013	-84.3446
KY	Bypro	37.3036	-82.7044
KY	Cadiz	36.8464	-87.8412
KY	Calhoun	37.5750	-87.2773
KY	California	38.9006	-84.3098
KY	Calvert City	37.0147	-88.3811
KY	Calvin	36.7078	-83.7371
KY	Campbellsburg	38.5231	-85.1611
KY	Campbellsville	37.3466	-85.3508
KY	Campton	37.7502	-83.5164
KY	Canada	37.6378	-82.3533
KY	Cane Valley	37.1803	-85.3197
KY	Caneyville	37.4222	-86.4702
KY	Canmer	37.2696	-85.7203
KY	Cannel City	37.7900	-83.2742
KY	Cannon	36.9489	-83.8425
KY	Carlisle	38.3212	-84.0279
KY	Carrie	37.2980	-83.0415
KY	Carrollton	38.6696	-85.1730
KY	Carter	38.4586	-83.1861
KY	Catlettsburg	38.3799	-82.6321
KY	Cave City	37.1170	-85.9443
KY	Cawood	36.7462	-83.2657
KY	Cecilia	37.6603	-86.0060
KY	Center	37.1009	-85.6705
KY	Centertown	37.4079	-87.0090
KY	Central City	37.3007	-87.1202
KY	Cerulean	36.9496	-87.6648
KY	Chaplin	37.9025	-85.2015
KY	Chappell	37.0108	-83.3500
KY	Chavies	37.3555	-83.3315
KY	Clarkson	37.4279	-86.1602
KY	Clay	37.4756	-87.8368
KY	Clay City	37.8606	-83.9347
KY	Clayhole	37.4661	-83.2813
KY	Clearfield	38.1440	-83.3273
KY	Cleaton	37.2544	-87.0889
KY	Clermont	37.9297	-85.6528
KY	Clifty	36.9953	-87.1478
KY	Clinton	36.6675	-88.9676
KY	Closplint	36.8923	-83.0998
KY	Cloverport	37.8221	-86.5954
KY	Coalgood	36.7934	-83.2388
KY	Coldiron	36.8777	-83.4096
KY	Columbia	37.1164	-85.2693
KY	Columbus	36.7555	-89.0983
KY	Combs	37.2913	-83.2023
KY	Corbin	36.9344	-84.1021
KY	Corinth	38.5302	-84.5846
KY	Cornettsville	37.1204	-83.0351
KY	Corydon	37.7443	-87.7000
KY	Covington	39.0708	-84.5212
KY	Coxs Creek	37.8964	-85.4842
KY	Crab Orchard	37.4465	-84.4939
KY	Cranks	36.7602	-83.2039
KY	Crayne	37.2706	-88.0825
KY	Crestwood	38.3326	-85.4610
KY	Crittenden	38.7741	-84.5982
KY	Crockett	37.9856	-83.0908
KY	Crofton	37.0344	-87.4891
KY	Cromona	37.1864	-82.6972
KY	Cromwell	37.3418	-86.7700
KY	Cub Run	37.3149	-86.0813
KY	Cumberland	36.9711	-82.9771
KY	Cunningham	36.8963	-88.8728
KY	Curdsville	37.7350	-87.3317
KY	Custer	37.7426	-86.2710
KY	Cynthiana	38.3964	-84.2949
KY	Dana	37.5467	-82.6705
KY	Danville	37.6465	-84.7747
KY	David	37.6044	-82.8927
KY	Dawson Springs	37.1964	-87.6821
KY	Dayhoit	36.8646	-83.3943
KY	Dayton	39.1114	-84.4712
KY	De Mossville	38.7516	-84.4708
KY	Deane	37.2333	-82.7997
KY	Debord	37.7900	-82.5867
KY	Delphia	37.0233	-83.0956
KY	Dema	37.4215	-82.8523
KY	Denniston	37.9191	-83.5131
KY	Denton	38.2952	-82.8269
KY	Dewitt	36.8738	-83.7316
KY	Dexter	36.7031	-88.1807
KY	Dice	37.3825	-83.2053
KY	Dixon	37.5106	-87.7019
KY	Dorton	37.2767	-82.5792
KY	Dover	38.6910	-83.8718
KY	Drake	36.8361	-86.4097
KY	Drakesboro	37.2136	-87.0480
KY	Drift	37.4803	-82.7478
KY	Dry Ridge	38.7049	-84.6237
KY	Dubre	36.8920	-85.5683
KY	Dunbar	37.1881	-86.7569
KY	Dundee	37.5511	-86.7604
KY	Dunmor	37.0840	-87.0079
KY	Dunnville	37.1769	-84.9295
KY	Dwale	37.6231	-82.7239
KY	Dwarf	37.3350	-83.1314
KY	Dycusburg	37.1594	-88.1844
KY	Earlington	37.2679	-87.5227
KY	East Bernstadt	37.1908	-84.1457
KY	East Point	37.7086	-82.8288
KY	Eastern	37.5324	-82.8265
KY	Eastview	37.6148	-86.1192
KY	Eastwood	38.2331	-85.4558
KY	Eddyville	37.0664	-88.0494
KY	Edmonton	36.9852	-85.5927
KY	Eighty Eight	36.9392	-85.8281
KY	Ekron	37.9113	-86.1542
KY	Elizabethtown	37.7070	-85.8590
KY	Elizaville	38.4194	-83.8256
KY	Elk Horn	37.3393	-85.1918
KY	Elkfork	37.9404	-83.0771
KY	Elkhorn City	37.3026	-82.3533
KY	Elkton	36.9094	-87.1678
KY	Elliottville	38.1828	-83.2758
KY	Emerson	38.3672	-83.2618
KY	Eminence	38.3696	-85.1782
KY	Emlyn	36.7044	-84.1433
KY	Emmalena	37.3221	-83.0684
KY	Eolia	37.0618	-82.7706
KY	Eriline	37.1886	-83.5931
KY	Erlanger	39.0082	-84.5977
KY	Ermine	37.1746	-82.8221
KY	Essie	37.0617	-83.4519
KY	Etoile	36.8134	-85.9173
KY	Eubank	37.2470	-84.6056
KY	Evarts	36.8553	-83.1816
KY	Ewing	38.4157	-83.8733
KY	Ezel	37.9040	-83.3888
KY	Fairdale	38.1087	-85.7549
KY	Fairfield	37.9336	-85.3836
KY	Fairview	36.8433	-87.3039
KY	Falcon	37.7897	-83.0019
KY	Fall Rock	37.2197	-83.7883
KY	Falls Of Rough	37.5694	-86.5107
KY	Falmouth	38.6643	-84.3451
KY	Fancy Farm	36.7767	-88.7918
KY	Farmers	38.1428	-83.5461
KY	Farmington	36.6869	-88.5478
KY	Fedscreek	37.3610	-82.2575
KY	Ferguson	37.0667	-84.6000
KY	Finchville	38.1561	-85.3476
KY	Fisherville	38.1652	-85.4282
KY	Fisty	37.3563	-83.1083
KY	Flat Lick	36.8345	-83.7714
KY	Flatgap	37.9386	-82.8828
KY	Flatwoods	38.5188	-82.7212
KY	Flemingsburg	38.4280	-83.7080
KY	Florence	38.9989	-84.6267
KY	Fords Branch	37.4331	-82.5111
KY	Fordsville	37.6297	-86.7263
KY	Forest Hills	37.6432	-82.2991
KY	Fort Campbell	36.6536	-87.4597
KY	Fort Knox	37.8928	-85.9489
KY	Fort Thomas	39.0786	-84.4523
KY	Foster	38.7506	-84.1566
KY	Fountain Run	36.7200	-85.9520
KY	Fourmile	36.7933	-83.7419
KY	Frakes	36.6446	-83.8950
KY	Frankfort	38.1928	-84.8806
KY	Franklin	36.7254	-86.5700
KY	Fredonia	37.2130	-88.0112
KY	Freeburn	37.5512	-82.1434
KY	Frenchburg	37.9460	-83.6424
KY	Ft Mitchell	39.0324	-84.5696
KY	Fulton	36.5287	-88.8892
KY	Gamaliel	36.6540	-85.8134
KY	Gapville	37.6300	-82.9592
KY	Garfield	37.8145	-86.3169
KY	Garner	37.3777	-82.8938
KY	Garrard	37.1236	-83.7464
KY	Garrett	37.4861	-82.8462
KY	Garrison	38.5869	-83.2000
KY	Gays Creek	37.3504	-83.4556
KY	Georgetown	38.2117	-84.5562
KY	Germantown	38.7075	-83.9606
KY	Ghent	38.7188	-85.0557
KY	Gilbertsville	36.9625	-88.2749
KY	Girdler	36.9691	-83.8539
KY	Glasgow	36.9882	-85.9221
KY	Glencoe	38.7229	-84.8116
KY	Glendale	37.6034	-85.8921
KY	Glens Fork	37.0182	-85.2401
KY	Glenview	38.3083	-85.6503
KY	Goose Rock	37.0903	-83.6944
KY	Gordon	36.9901	-83.0693
KY	Goshen	38.4113	-85.5708
KY	Gracey	36.8564	-87.6545
KY	Gradyville	37.0544	-85.4275
KY	Graham	37.2258	-87.2578
KY	Grahn	38.2836	-83.0753
KY	Grand Rivers	37.0578	-88.2614
KY	Gravel Switch	37.5758	-85.0824
KY	Gray	36.9467	-83.9828
KY	Gray Hawk	37.3950	-83.9403
KY	Grays Knob	36.8111	-83.3240
KY	Grayson	38.3280	-82.9651
KY	Green Road	36.9989	-83.8958
KY	Greensburg	37.2430	-85.5236
KY	Greenup	38.5480	-82.8684
KY	Greenville	37.2076	-87.1806
KY	Grethel	37.4596	-82.7396
KY	Gulston	36.7656	-83.3262
KY	Gunlock	37.5467	-82.9357
KY	Guston	37.8951	-86.2155
KY	Guthrie	36.6643	-87.1709
KY	Hagerhill	37.8035	-82.8149
KY	Hallie	37.0699	-83.0204
KY	Hampton	37.3348	-88.3649
KY	Hanson	37.4382	-87.4751
KY	Happy	37.1950	-83.0814
KY	Hardburly	37.3017	-83.1242
KY	Hardin	36.7762	-88.2622
KY	Hardinsburg	37.7725	-86.4169
KY	Hardy	37.6027	-82.2552
KY	Hardyville	37.2249	-85.7542
KY	Harlan	36.8500	-83.3196
KY	Harned	37.7429	-86.3778
KY	Harold	37.5042	-82.6216
KY	Harrods Creek	38.3275	-85.6278
KY	Harrodsburg	37.7700	-84.8468
KY	Hartford	37.4785	-86.9180
KY	Hawesville	37.8503	-86.7638
KY	Hazard	37.2526	-83.1998
KY	Hazel	36.5422	-88.3319
KY	Hazel Green	37.7760	-83.3989
KY	Hebron	39.0755	-84.7007
KY	Heidelberg	37.5553	-83.7789
KY	Heidrick	36.8927	-83.8665
KY	Hellier	37.2875	-82.4714
KY	Helton	36.8431	-83.3219
KY	Henderson	37.8361	-87.5900
KY	Herndon	36.7085	-87.6082
KY	Hestand	36.6535	-85.5698
KY	Hi Hat	37.3935	-82.7325
KY	Hickman	36.5593	-89.1947
KY	Hickory	36.8478	-88.6788
KY	Hillsboro	38.2929	-83.6697
KY	Hillview	38.0697	-85.6856
KY	Hima	37.1206	-83.7783
KY	Hindman	37.3276	-82.9527
KY	Hinkle	36.8753	-83.7804
KY	Hiseville	37.1008	-85.8125
KY	Hitchins	38.2546	-82.9203
KY	Hodgenville	37.5746	-85.7232
KY	Holland	36.6673	-86.0498
KY	Holmes Mill	36.8757	-82.9943
KY	Hope	38.0158	-83.7731
KY	Hopkinsville	36.8621	-87.4851
KY	Horse Branch	37.4234	-86.6987
KY	Horse Cave	37.1849	-85.8785
KY	Hoskinston	37.0772	-83.3917
KY	Huddy	37.5668	-82.2500
KY	Hudson	37.6506	-86.3012
KY	Hueysville	37.5062	-82.8368
KY	Hulen	36.7714	-83.5551
KY	Hustonville	37.4595	-84.8528
KY	Hyden	37.1546	-83.4157
KY	Independence	38.9354	-84.5479
KY	Inez	37.8671	-82.5204
KY	Ingram	36.7303	-83.7983
KY	Irvine	37.7051	-83.9962
KY	Irvington	37.8762	-86.2965
KY	Island	37.4471	-87.1692
KY	Island City	37.3899	-83.7180
KY	Isom	37.1960	-82.9133
KY	Isonville	38.0462	-83.0506
KY	Ivel	37.5554	-82.6427
KY	Jackhorn	37.1717	-82.6919
KY	Jackson	37.5574	-83.3969
KY	Jamestown	36.9680	-85.0968
KY	Jeff	37.2050	-83.1364
KY	Jeffersonville	37.9640	-83.8558
KY	Jenkins	37.1863	-82.6300
KY	Jeremiah	37.1651	-82.9268
KY	Jetson	37.2404	-86.5209
KY	Jonancy	37.3164	-82.5831
KY	Jonesville	38.6483	-84.7637
KY	Junction City	37.5822	-84.8028
KY	Keaton	37.9680	-82.9561
KY	Keavy	37.0156	-84.1436
KY	Keene	37.9411	-84.6519
KY	Kenton	38.8683	-84.4561
KY	Kenvir	36.7776	-83.1606
KY	Kettle Island	36.8093	-83.5892
KY	Kevil	37.0872	-88.8764
KY	Kimper	37.4696	-82.3180
KY	Kings Mountain	37.3818	-84.7148
KY	Kirksey	36.6731	-88.4238
KY	Kite	37.2709	-82.7847
KY	Knifley	37.2319	-85.1128
KY	Knob Lick	36.9969	-85.7137
KY	Krypton	37.3183	-83.3059
KY	Kuttawa	37.0619	-88.1498
KY	La Center	37.0830	-88.9730
KY	La Fayette	36.6582	-87.6563
KY	La Grange	38.4029	-85.3928
KY	Lackey	37.4643	-82.7980
KY	Lancaster	37.6584	-84.5969
KY	Langley	37.5381	-82.7976
KY	Latonia	39.0217	-84.4989
KY	Lawrenceburg	38.0189	-84.9299
KY	Lebanon	37.5658	-85.2668
KY	Lebanon Junction	37.8511	-85.7246
KY	Leburn	37.3837	-82.9564
KY	Ledbetter	37.0492	-88.4865
KY	Leitchfield	37.4931	-86.3037
KY	Lejunior	36.9212	-83.1905
KY	Letcher	37.1550	-82.9809
KY	Lewisburg	37.0037	-86.9887
KY	Lewisport	37.9090	-86.8957
KY	Lexington	38.0174	-84.4854
KY	Liberty	37.3146	-84.9719
KY	Lick Creek	37.3480	-82.3255
KY	Lily	37.0023	-84.0807
KY	Linefork	37.0514	-82.9198
KY	Littcarr	37.2715	-82.9651
KY	Livermore	37.5045	-87.1239
KY	Livingston	37.3074	-84.2318
KY	Lockport	38.4219	-84.9586
KY	London	37.1016	-84.0975
KY	Lone	37.5300	-83.6039
KY	Lookout	37.3133	-82.4669
KY	Loretto	37.6421	-85.4113
KY	Lost Creek	37.4841	-83.3289
KY	Louisa	38.0943	-82.6176
KY	Louisville	38.2435	-85.7639
KY	Lovelaceville	36.9686	-88.8308
KY	Lovely	37.7921	-82.3638
KY	Lowes	36.8856	-88.7739
KY	Lowmansville	37.9172	-82.7319
KY	Loyall	36.8519	-83.3542
KY	Lucas	36.8376	-86.0357
KY	Lynch	36.9979	-82.9156
KY	Lynnville	36.5603	-88.5692
KY	Maceo	37.8436	-86.9999
KY	Mackville	37.7247	-85.0852
KY	Madisonville	37.3256	-87.4953
KY	Magnolia	37.4165	-85.7308
KY	Majestic	37.5339	-82.1000
KY	Mallie	37.3346	-82.8714
KY	Malone	37.8719	-83.2583
KY	Mammoth Cave	37.2744	-86.1781
KY	Manchester	37.1423	-83.7683
KY	Manitou	37.4080	-87.5612
KY	Mannsville	37.3725	-85.1967
KY	Maple Mount	37.6931	-87.3236
KY	Marion	37.3254	-88.1005
KY	Marrowbone	36.8278	-85.5067
KY	Marshes Siding	36.7436	-84.4808
KY	Martha	38.0152	-82.9558
KY	Martin	37.5633	-82.7479
KY	Mary Alice	36.7068	-83.4244
KY	Mason	38.5761	-84.5853
KY	Masonic Home	38.2639	-85.6561
KY	Mayfield	36.7327	-88.6506
KY	Mayking	37.1333	-82.7661
KY	Mayslick	38.5269	-83.8749
KY	Maysville	38.6197	-83.7589
KY	Mazie	38.0269	-82.9725
KY	Mc Andrews	37.5450	-82.2558
KY	Mc Carr	37.5969	-82.1674
KY	Mc Daniels	37.5953	-86.3973
KY	Mc Dowell	37.4252	-82.7450
KY	Mc Henry	37.3797	-86.9233
KY	Mc Kee	37.4317	-84.0090
KY	Mc Kinney	37.4706	-84.7506
KY	Mc Quady	37.7300	-86.5428
KY	Mc Roberts	37.2075	-82.6719
KY	Meally	37.7965	-82.7442
KY	Means	37.9284	-83.7253
KY	Melber	36.9197	-88.7520
KY	Melbourne	39.0067	-84.3538
KY	Melvin	37.3503	-82.6942
KY	Middleburg	37.3591	-84.8321
KY	Middlesboro	36.6172	-83.7231
KY	Midway	38.1487	-84.6928
KY	Milburn	36.7986	-88.8997
KY	Milford	38.5817	-84.1567
KY	Millersburg	38.3019	-84.1475
KY	Millstone	37.1516	-82.7533
KY	Millwood	37.4609	-86.3798
KY	Milton	38.6925	-85.3659
KY	Minerva	38.7053	-83.9192
KY	Minnie	37.4722	-82.7542
KY	Miracle	36.7606	-83.5842
KY	Mistletoe	37.3314	-83.5881
KY	Mitchellsburg	37.6006	-84.9497
KY	Mize	37.8669	-83.3453
KY	Monticello	36.8427	-84.8393
KY	Moorefield	38.2926	-83.8929
KY	Morehead	38.1990	-83.4436
KY	Morganfield	37.6639	-87.8769
KY	Morgantown	37.1910	-86.7037
KY	Morning View	38.8394	-84.5069
KY	Mortons Gap	37.2367	-87.4753
KY	Mount Eden	38.0352	-85.1641
KY	Mount Hermon	36.8090	-85.8192
KY	Mount Olivet	38.5218	-84.0480
KY	Mount Sherman	37.4534	-85.6314
KY	Mount Sterling	38.0548	-83.9388
KY	Mount Vernon	37.3366	-84.3549
KY	Mount Washington	38.0452	-85.5586
KY	Mousie	37.4331	-82.9018
KY	Mouthcard	37.3339	-82.3054
KY	Mozelle	37.0037	-83.4135
KY	Muldraugh	37.9369	-85.9917
KY	Munfordville	37.2898	-85.9201
KY	Murray	36.6099	-88.3032
KY	Muses Mills	38.3500	-83.5272
KY	Myra	37.2897	-82.6000
KY	Nancy	37.0642	-84.7662
KY	Nazareth	37.8481	-85.4728
KY	Nebo	37.3683	-87.6865
KY	Neon	37.2121	-82.6976
KY	Nerinx	37.6642	-85.3994
KY	Nevisdale	36.6637	-84.1111
KY	New Castle	38.4374	-85.1756
KY	New Concord	36.5500	-88.0955
KY	New Haven	37.6663	-85.5577
KY	New Hope	37.6319	-85.5083
KY	New Liberty	38.6246	-84.9011
KY	Newport	39.0828	-84.4865
KY	Nicholasville	37.8806	-84.5731
KY	North Middletown	38.1450	-84.1114
KY	Nortonville	37.1834	-87.4605
KY	Oak Grove	36.6652	-87.4255
KY	Oakland	37.0076	-86.2859
KY	Oil Springs	37.8264	-82.9281
KY	Olaton	37.4987	-86.7282
KY	Olive Hill	38.3363	-83.1690
KY	Olmstead	36.7846	-86.9818
KY	Olympia	38.0611	-83.7585
KY	Oneida	37.2677	-83.6555
KY	Ophir	37.9072	-83.0144
KY	Orlando	37.3734	-84.2528
KY	Owensboro	37.7513	-87.1554
KY	Owenton	38.4986	-84.8086
KY	Owingsville	38.1532	-83.7564
KY	Paducah	37.0634	-88.6632
KY	Paint Lick	37.6092	-84.4269
KY	Paintsville	37.8193	-82.8052
KY	Paris	38.2083	-84.2450
KY	Park City	37.0579	-86.0776
KY	Parkers Lake	36.8347	-84.4436
KY	Parksville	37.5778	-84.9281
KY	Partridge	37.0129	-82.8772
KY	Pathfork	36.7521	-83.4629
KY	Payneville	38.0301	-86.4082
KY	Pellville	37.7522	-86.8136
KY	Pembroke	36.7982	-87.3319
KY	Pendleton	38.4809	-85.3170
KY	Perry Park	38.5481	-84.9997
KY	Perryville	37.6375	-84.9665
KY	Petersburg	39.0416	-84.8371
KY	Pewee Valley	38.3039	-85.4834
KY	Phelps	37.4987	-82.1584
KY	Philpot	37.7183	-86.9372
KY	Phyllis	37.4222	-82.2668
KY	Pikeville	37.5068	-82.5202
KY	Pilgrim	37.7638	-82.4488
KY	Pine Knot	36.6637	-84.4127
KY	Pine Ridge	37.7749	-83.6321
KY	Pine Top	37.3115	-82.8304
KY	Pineville	36.7513	-83.6985
KY	Pinsonfork	37.5651	-82.1954
KY	Pippa Passes	37.3633	-82.8292
KY	Pittsburg	37.1600	-84.1042
KY	Pleasureville	38.3587	-85.0872
KY	Plummers Landing	38.3189	-83.5611
KY	Poole	37.6403	-87.6442
KY	Port Royal	38.5553	-85.0803
KY	Powderly	37.2369	-87.1592
KY	Premium	37.0686	-82.9581
KY	Preston	38.0856	-83.7533
KY	Prestonsburg	37.6495	-82.7881
KY	Primrose	37.6022	-83.6086
KY	Princeton	37.1151	-87.8632
KY	Printer	37.5055	-82.7060
KY	Prospect	38.3560	-85.6083
KY	Providence	37.4050	-87.7505
KY	Putney	36.9259	-83.2608
KY	Quincy	38.6271	-83.1056
KY	Raccoon	37.5241	-82.4263
KY	Radcliff	37.8403	-85.9492
KY	Ransom	37.5664	-82.1883
KY	Raven	37.4043	-82.8261
KY	Ravenna	37.6867	-83.9387
KY	Raywick	37.5380	-85.4300
KY	Redfox	37.2531	-82.8719
KY	Reed	37.8588	-87.3704
KY	Regina	37.3597	-82.3737
KY	Renfro Valley	37.3878	-84.3317
KY	Revelo	36.6734	-84.4722
KY	Reynolds Station	37.6965	-86.7794
KY	Rhodelia	37.9685	-86.3041
KY	Ricetown	37.4093	-83.6151
KY	Richmond	37.7546	-84.2955
KY	Rineyville	37.7525	-85.9954
KY	River	37.8751	-82.6709
KY	Roark	37.0244	-83.5062
KY	Robards	37.6758	-87.5266
KY	Robinson Creek	37.3347	-82.5677
KY	Rochester	37.2048	-86.8592
KY	Rockfield	36.9399	-86.5854
KY	Rockholds	36.8242	-84.1040
KY	Rockhouse	37.3269	-82.4525
KY	Rockport	37.3269	-86.9746
KY	Rocky Hill	37.0675	-86.1101
KY	Rogers	37.7395	-83.6567
KY	Rosine	37.4503	-86.7414
KY	Roundhill	37.2560	-86.4070
KY	Rousseau	37.6349	-83.2147
KY	Rowdy	37.4131	-83.2040
KY	Roxana	37.0905	-83.0345
KY	Royalton	37.6521	-82.9867
KY	Rumsey	37.5076	-87.2806
KY	Rush	38.3089	-82.7476
KY	Russell	38.5226	-82.7156
KY	Russell Springs	37.0567	-85.0429
KY	Russellville	36.8531	-86.8887
KY	Sacramento	37.4177	-87.2736
KY	Sadieville	38.3908	-84.5384
KY	Saint Catharine	37.6991	-85.2711
KY	Saint Charles	37.1766	-87.5539
KY	Saint Francis	37.6286	-85.4642
KY	Saint Helens	37.5828	-83.6472
KY	Saint Mary	37.5806	-85.3464
KY	Salem	37.2553	-88.2711
KY	Salt Lick	38.1040	-83.6316
KY	Salvisa	37.9151	-84.8845
KY	Salyersville	37.7635	-83.0554
KY	Sanders	38.6610	-84.9732
KY	Sandgap	37.4871	-84.0567
KY	Sandy Hook	38.1294	-83.1273
KY	Sassafras	37.2339	-83.0321
KY	Saul	37.2725	-83.4956
KY	Scalf	36.9175	-83.7266
KY	Science Hill	37.1683	-84.6487
KY	Scottsville	36.7614	-86.1929
KY	Scuddy	37.2122	-83.0932
KY	Sebree	37.5889	-87.5255
KY	Seco	37.1765	-82.7358
KY	Sedalia	36.5882	-88.5948
KY	Sextons Creek	37.2733	-83.7984
KY	Sharon Grove	36.9278	-87.1003
KY	Sharpsburg	38.2147	-83.8932
KY	Shelbiana	37.3755	-82.4553
KY	Shelby Gap	37.2327	-82.5751
KY	Shelbyville	38.2162	-85.2243
KY	Shepherdsville	38.0045	-85.6888
KY	Sidney	37.5802	-82.3387
KY	Siler	36.7204	-83.9642
KY	Silver Grove	39.0343	-84.3908
KY	Simpsonville	38.2312	-85.3548
KY	Sitka	37.8922	-82.8446
KY	Sizerock	37.1608	-83.3733
KY	Slade	37.7890	-83.6849
KY	Slaughters	37.5054	-87.5053
KY	Slemp	37.0804	-83.1169
KY	Smilax	37.1663	-83.2845
KY	Smith Mills	37.7983	-87.7619
KY	Smithfield	38.3933	-85.2656
KY	Smithland	37.1227	-88.3836
KY	Smiths Grove	37.0581	-86.1938
KY	Soldier	38.2592	-83.2994
KY	Somerset	37.0739	-84.6044
KY	Sonora	37.5221	-85.9230
KY	South Carrollton	37.3375	-87.1419
KY	South Portsmouth	38.7087	-83.0162
KY	South Shore	38.7093	-82.9464
KY	South Union	36.8764	-86.6564
KY	South Williamson	37.6670	-82.2886
KY	Sparta	38.7256	-84.8813
KY	Spottsville	37.8399	-87.4247
KY	Springfield	37.7014	-85.2405
KY	Staffordsville	37.8385	-82.8574
KY	Stambaugh	37.8411	-82.7678
KY	Stamping Ground	38.2888	-84.6818
KY	Stanford	37.5245	-84.6912
KY	Stanley	37.8233	-87.2439
KY	Stanton	37.8427	-83.8299
KY	Stanville	37.5784	-82.6692
KY	Stearns	36.7082	-84.5165
KY	Steele	37.4029	-82.2071
KY	Stephensport	37.9048	-86.5240
KY	Stinnett	37.0883	-83.3907
KY	Stone	37.5606	-82.2890
KY	Stoney Fork	36.8892	-83.5385
KY	Stopover	37.5303	-82.0735
KY	Strunk	36.6191	-84.4308
KY	Sturgis	37.5487	-87.9965
KY	Sullivan	37.4975	-87.9453
KY	Sulphur	38.4921	-85.2520
KY	Summer Shade	36.8883	-85.7083
KY	Summersville	37.3419	-85.6194
KY	Sweeden	37.2523	-86.2957
KY	Symsonia	36.8715	-88.5286
KY	Tateville	36.9739	-84.4384
KY	Taylorsville	38.0471	-85.3829
KY	Teaberry	37.4220	-82.6405
KY	Thelma	37.7987	-82.7755
KY	Thornton	37.1296	-82.7382
KY	Thousandsticks	37.1850	-83.4289
KY	Tiline	37.1628	-88.2547
KY	Tollesboro	38.5723	-83.5605
KY	Tolu	37.4331	-88.2453
KY	Tomahawk	37.8793	-82.5993
KY	Tompkinsville	36.7131	-85.6968
KY	Topmost	37.3470	-82.7810
KY	Totz	36.9710	-83.2019
KY	Tram	37.5733	-82.6464
KY	Trenton	36.7314	-87.2611
KY	Trosper	36.7826	-83.8314
KY	Turners Station	38.5504	-85.1325
KY	Tutor Key	37.8605	-82.7351
KY	Tyner	37.3430	-83.8707
KY	Ulysses	37.9458	-82.6736
KY	Union	38.9435	-84.7274
KY	Union Star	37.9616	-86.4615
KY	Uniontown	37.7677	-87.9263
KY	Upton	37.4568	-85.9086
KY	Utica	37.6206	-87.0591
KY	Van Lear	37.6929	-82.7032
KY	Vanceburg	38.5515	-83.3554
KY	Vancleve	37.6477	-83.3806
KY	Varney	37.6985	-82.3510
KY	Verona	38.8390	-84.6907
KY	Versailles	38.0413	-84.7287
KY	Vest	37.4087	-83.0627
KY	Vicco	37.1898	-83.0998
KY	Vincent	37.4437	-83.7846
KY	Vine Grove	37.8589	-86.0069
KY	Viper	37.1507	-83.1583
KY	Virgie	37.3137	-82.6494
KY	Waco	37.7668	-84.1171
KY	Waddy	38.1054	-85.1288
KY	Walker	36.8911	-83.6616
KY	Wallingford	38.3374	-83.5625
KY	Wallins Creek	36.8165	-83.4190
KY	Walton	38.8875	-84.6328
KY	Waneta	37.4744	-84.0411
KY	Warbranch	36.9567	-83.4503
KY	Warfield	37.8581	-82.4322
KY	Warsaw	38.7807	-84.8496
KY	Washington	38.6158	-83.8086
KY	Water Valley	36.5694	-88.8084
KY	Waverly	37.7430	-87.8067
KY	Wayland	37.4367	-82.8010
KY	Waynesburg	37.3499	-84.6655
KY	Webbville	38.1634	-82.7897
KY	Webster	37.9239	-86.4032
KY	Weeksbury	37.3278	-82.6883
KY	Welchs Creek	37.3086	-86.6371
KY	Wellington	37.9654	-83.4731
KY	Wendover	37.1291	-83.3502
KY	West Liberty	37.9497	-83.2799
KY	West Louisville	37.6967	-87.2869
KY	West Paducah	37.0922	-88.7611
KY	West Point	37.9954	-85.9545
KY	West Somerset	37.0900	-84.6458
KY	West Van Lear	37.7861	-82.7714
KY	Westport	38.4921	-85.4524
KY	Westview	37.6792	-86.4273
KY	Wheatcroft	37.4900	-87.8628
KY	Wheelwright	37.3325	-82.7211
KY	Whick	37.4102	-83.3747
KY	White Mills	37.5438	-86.0395
KY	White Plains	37.1788	-87.3644
KY	Whitesburg	37.1155	-82.8388
KY	Whitesville	37.6834	-86.8699
KY	Whitley City	36.7386	-84.4684
KY	Wickliffe	36.9680	-89.0177
KY	Wildie	37.4233	-84.3022
KY	Willard	38.2117	-82.8972
KY	Williamsburg	36.7355	-84.1436
KY	Williamsport	37.8142	-82.7105
KY	Williamstown	38.6292	-84.5744
KY	Willisburg	37.8373	-85.1362
KY	Wilmore	37.8621	-84.6621
KY	Winchester	37.9872	-84.1789
KY	Windsor	37.1278	-84.9122
KY	Wingo	36.6253	-88.7394
KY	Winston	37.7056	-84.0822
KY	Wittensville	37.8703	-82.8100
KY	Woodbine	36.9188	-84.0827
KY	Woodburn	36.8557	-86.5623
KY	Woodbury	37.1833	-86.6339
KY	Woollum	37.0097	-83.8472
KY	Wooton	37.1924	-83.2927
KY	Worthington	38.5511	-82.7396
KY	Worthville	38.6179	-85.0663
KY	Wrigley	38.0183	-83.2714
KY	Yeaddiss	37.0430	-83.2270
KY	Yerkes	37.2772	-83.3011
KY	Yosemite	37.3074	-84.8124
KY	Zoe	37.6664	-83.6688
LA	Abbeville	29.9588	-92.1427
LA	Abita Springs	30.4837	-90.0041
LA	Acme	31.3016	-91.8216
LA	Addis	30.3557	-91.2613
LA	Aimwell	31.7619	-91.9925
LA	Akers	30.2900	-90.4017
LA	Albany	30.5149	-90.5964
LA	Alexandria	31.2885	-92.4633
LA	Ama	29.9435	-90.2925
LA	Amelia	29.6605	-91.1111
LA	Amite	30.7182	-90.5705
LA	Anacoco	31.2218	-93.3589
LA	Angie	30.9224	-89.8567
LA	Angola	30.9656	-91.5979
LA	Arabi	29.9612	-89.9965
LA	Arcadia	32.5556	-92.9245
LA	Archibald	32.3489	-91.7772
LA	Arnaudville	30.3981	-91.9263
LA	Ashland	32.1417	-93.0981
LA	Athens	32.6451	-93.0239
LA	Atlanta	31.8736	-92.7641
LA	Avery Island	29.9033	-91.9103
LA	Baker	30.5881	-91.1681
LA	Baldwin	29.8488	-91.5458
LA	Ball	31.4048	-92.4075
LA	Barataria	29.7179	-90.1262
LA	Barksdale Afb	32.5143	-93.6382
LA	Basile	30.4978	-92.5736
LA	Baskin	32.2897	-91.7132
LA	Bastrop	32.7894	-91.9078
LA	Batchelor	30.8026	-91.6687
LA	Baton Rouge	30.4507	-91.1870
LA	Belcher	32.7544	-93.8508
LA	Bell City	30.1145	-92.9441
LA	Belle Chasse	29.8345	-90.0042
LA	Belle Rose	30.0260	-91.0444
LA	Belmont	31.7100	-93.4959
LA	Bentley	31.4660	-92.4927
LA	Benton	32.6976	-93.6910
LA	Bernice	32.8210	-92.6263
LA	Berwick	29.6988	-91.2057
LA	Bethany	32.3662	-94.0034
LA	Bienville	32.2523	-92.9084
LA	Blanchard	32.5808	-93.8925
LA	Bogalusa	30.7733	-89.8653
LA	Bonita	32.9123	-91.6822
LA	Boothville	29.3214	-89.3939
LA	Bordelonville	31.1053	-91.9072
LA	Bossier City	32.5449	-93.7038
LA	Bourg	29.5485	-90.6087
LA	Boutte	29.8973	-90.3934
LA	Boyce	31.3216	-92.6867
LA	Braithwaite	29.6736	-89.8853
LA	Branch	30.3287	-92.3346
LA	Breaux Bridge	30.2750	-91.9059
LA	Brittany	30.2119	-90.8814
LA	Broussard	30.1219	-91.9502
LA	Brusly	30.3877	-91.2526
LA	Bunkie	30.9493	-92.1826
LA	Buras	29.3411	-89.4757
LA	Burnside	30.1386	-90.9239
LA	Bush	30.6134	-89.9557
LA	Cade	30.0872	-91.9053
LA	Calhoun	32.5248	-92.3299
LA	Calvin	31.9656	-92.7756
LA	Cameron	29.8649	-93.2777
LA	Campti	31.8959	-93.0936
LA	Carencro	30.3244	-92.0423
LA	Carville	30.2208	-91.1025
LA	Castor	32.2452	-93.0936
LA	Cecilia	30.3369	-91.8531
LA	Center Point	31.2631	-92.1879
LA	Centerville	29.7594	-91.4283
LA	Chalmette	29.9466	-89.9611
LA	Charenton	29.8814	-91.5250
LA	Chase	32.0969	-91.6989
LA	Chataignier	30.5683	-92.3219
LA	Chatham	32.2922	-92.4374
LA	Chauvin	29.4634	-90.5980
LA	Cheneyville	31.0201	-92.2951
LA	Choudrant	32.5556	-92.5224
LA	Church Point	30.4013	-92.2240
LA	Clarence	31.8214	-93.0294
LA	Clarks	32.0264	-92.1389
LA	Clayton	31.7886	-91.5425
LA	Clinton	30.8249	-90.9331
LA	Cloutierville	31.5359	-92.8573
LA	Colfax	31.5079	-92.6568
LA	Collinston	32.6971	-91.8634
LA	Columbia	32.1148	-92.1037
LA	Convent	30.0553	-90.8650
LA	Converse	31.7852	-93.7157
LA	Cotton Valley	32.8190	-93.4259
LA	Cottonport	30.9862	-92.0581
LA	Coushatta	32.0501	-93.3156
LA	Covington	30.4876	-90.0959
LA	Creole	29.7978	-93.0349
LA	Crowley	30.2148	-92.3777
LA	Crowville	32.2406	-91.5900
LA	Cullen	32.9689	-93.4506
LA	Cut Off	29.5232	-90.3393
LA	Darrow	30.1300	-90.9651
LA	Delcambre	29.9474	-91.9889
LA	Delhi	32.4504	-91.5125
LA	Delta	32.3256	-90.9269
LA	Denham Springs	30.5821	-90.9341
LA	Dequincy	30.4211	-93.4151
LA	Deridder	30.8287	-93.2685
LA	Des Allemands	29.8220	-90.4470
LA	Destrehan	29.9658	-90.3740
LA	Deville	31.3545	-92.2023
LA	Dodson	32.0701	-92.6783
LA	Donaldsonville	30.1018	-90.9970
LA	Donner	29.6956	-90.9442
LA	Downsville	32.6525	-92.3745
LA	Doyline	32.4900	-93.3996
LA	Dry Creek	30.7354	-92.9888
LA	Dry Prong	31.5979	-92.5665
LA	Dubach	32.6949	-92.6785
LA	Dubberly	32.5192	-93.2142
LA	Dulac	29.3598	-90.6557
LA	Duplessis	30.2694	-90.9383
LA	Dupont	30.9292	-91.9478
LA	Duson	30.1912	-92.1525
LA	Echo	31.1100	-92.2417
LA	Edgard	30.0319	-90.5817
LA	Effie	31.1896	-92.1942
LA	Egan	30.2510	-92.5002
LA	Elizabeth	30.8683	-92.7928
LA	Elm Grove	32.3886	-93.5026
LA	Elmer	31.1465	-92.7171
LA	Elton	30.4715	-92.6996
LA	Empire	29.3875	-89.5972
LA	Enterprise	31.9064	-91.8751
LA	Epps	32.6161	-91.4913
LA	Erath	29.9522	-92.0343
LA	Eros	32.3988	-92.3479
LA	Erwinville	30.5513	-91.3994
LA	Estherwood	30.1806	-92.4642
LA	Ethel	30.8131	-91.1100
LA	Eunice	30.5116	-92.3985
LA	Evangeline	30.2683	-92.5532
LA	Evans	31.0088	-93.4222
LA	Evergreen	30.9511	-92.0900
LA	Fairbanks	32.6442	-92.0364
LA	Farmerville	32.7534	-92.3180
LA	Fenton	30.3669	-92.9181
LA	Ferriday	31.6479	-91.5720
LA	Fisher	31.4937	-93.4602
LA	Flatwoods	31.3849	-92.8812
LA	Flora	31.6122	-93.0975
LA	Florien	31.4275	-93.5179
LA	Fluker	30.8128	-90.5207
LA	Folsom	30.6145	-90.1879
LA	Fordoche	30.5508	-91.6973
LA	Forest	32.7919	-91.4133
LA	Forest Hill	31.0243	-92.5108
LA	Fort Necessity	32.0434	-91.8257
LA	Fort Polk	31.0321	-93.2221
LA	Franklin	29.7857	-91.5026
LA	Franklinton	30.8577	-90.1155
LA	French Settlement	30.3364	-90.7732
LA	Frierson	32.2450	-93.6915
LA	Galliano	29.4311	-90.2981
LA	Garden City	29.7653	-91.4656
LA	Gardner	31.2694	-92.6928
LA	Garyville	30.0535	-90.6201
LA	Geismar	30.2363	-90.9758
LA	Georgetown	31.7450	-92.3952
LA	Gheens	29.7076	-90.4849
LA	Gibsland	32.5299	-93.0706
LA	Gibson	29.6625	-90.9776
LA	Gilbert	32.0349	-91.5920
LA	Gilliam	32.8251	-93.8293
LA	Glenmora	30.9784	-92.6458
LA	Gloster	32.1917	-93.8293
LA	Glynn	30.6376	-91.3423
LA	Golden Meadow	29.3821	-90.2639
LA	Goldonna	32.0000	-92.9611
LA	Gonzales	30.2383	-90.9200
LA	Gorum	31.4328	-92.9433
LA	Grambling	32.5244	-92.7158
LA	Gramercy	30.0527	-90.6902
LA	Grand Cane	32.1050	-93.7941
LA	Grand Chenier	29.7875	-92.8980
LA	Grand Coteau	30.4197	-92.0467
LA	Grand Isle	29.2297	-90.0088
LA	Grant	30.7883	-92.9483
LA	Gray	29.6903	-90.7807
LA	Grayson	32.0121	-91.9746
LA	Greensburg	30.8647	-90.7256
LA	Greenwell Springs	30.5211	-91.0075
LA	Greenwood	32.4240	-93.9693
LA	Gretna	29.9108	-90.0531
LA	Grosse Tete	30.3879	-91.4383
LA	Gueydan	30.0255	-92.5338
LA	Hackberry	29.9822	-93.3750
LA	Hahnville	30.0001	-90.4886
LA	Hall Summit	32.1752	-93.3047
LA	Hamburg	31.0733	-91.9162
LA	Hammond	30.5191	-90.4879
LA	Harrisonburg	31.7669	-91.8840
LA	Harvey	29.8725	-90.0673
LA	Haughton	32.5507	-93.5657
LA	Hayes	30.1086	-92.9200
LA	Haynesville	32.9278	-93.0691
LA	Heflin	32.4470	-93.2852
LA	Hessmer	31.0534	-92.1399
LA	Hester	30.0333	-90.7586
LA	Hineston	31.0825	-92.7749
LA	Hodge	32.2767	-92.7233
LA	Holden	30.5556	-90.6652
LA	Homer	32.7749	-93.0288
LA	Hornbeck	31.3226	-93.3683
LA	Hosston	32.8967	-93.8834
LA	Houma	29.5943	-90.7548
LA	Husser	30.6792	-90.3372
LA	Ida	32.9934	-93.9022
LA	Independence	30.6351	-90.5277
LA	Innis	30.8778	-91.6806
LA	Iota	30.3001	-92.5322
LA	Iowa	30.2219	-93.0259
LA	Jackson	30.8270	-91.2345
LA	Jamestown	32.3613	-93.1848
LA	Jarreau	30.6326	-91.4332
LA	Jeanerette	29.9032	-91.6544
LA	Jena	31.6748	-92.1137
LA	Jennings	30.2201	-92.6574
LA	Jigger	32.0347	-91.7467
LA	Jones	32.9663	-91.5965
LA	Jonesboro	32.2483	-92.6944
LA	Jonesville	31.6365	-91.8458
LA	Joyce	31.9392	-92.5986
LA	Kaplan	29.9771	-92.3025
LA	Keatchie	32.1622	-93.9510
LA	Keithville	32.3161	-93.8881
LA	Kelly	32.0286	-92.1261
LA	Kenner	29.9912	-90.2479
LA	Kentwood	30.8892	-90.4728
LA	Kilbourne	32.9994	-91.3150
LA	Kinder	30.4607	-92.8693
LA	Kraemer	29.8667	-90.6969
LA	Krotz Springs	30.5379	-91.7563
LA	Kurthwood	31.3372	-93.1656
LA	La Place	30.0777	-90.4895
LA	Labadieville	29.8345	-90.9613
LA	Lacassine	30.1456	-92.8293
LA	Lacombe	30.3220	-89.9297
LA	Lafayette	30.2361	-92.0083
LA	Lafitte	29.5622	-90.0566
LA	Lake Arthur	30.0910	-92.6825
LA	Lake Charles	30.2285	-93.1880
LA	Lake Providence	32.8071	-91.1906
LA	Lakeland	30.5799	-91.4217
LA	Larose	29.5722	-90.3817
LA	Lawtell	30.5183	-92.1847
LA	Lebeau	30.7311	-91.9769
LA	Leblanc	30.5089	-92.9489
LA	Lecompte	31.1060	-92.3890
LA	Leesville	31.1443	-93.2240
LA	Lena	31.4185	-92.7719
LA	Leonville	30.4703	-91.9783
LA	Lettsworth	30.9324	-91.7403
LA	Libuse	31.3539	-92.3333
LA	Lillie	32.9529	-92.6858
LA	Lisbon	32.8452	-92.8878
LA	Livingston	30.4741	-90.7673
LA	Livonia	30.5524	-91.5332
LA	Lockport	29.6035	-90.4906
LA	Logansport	31.9943	-93.9627
LA	Longleaf	31.0064	-92.5525
LA	Longstreet	32.0975	-93.9519
LA	Longville	30.5800	-93.2548
LA	Loranger	30.5884	-90.3567
LA	Loreauville	30.0683	-91.6596
LA	Lottie	30.5039	-91.7105
LA	Luling	29.9251	-90.3693
LA	Lutcher	30.0447	-90.7008
LA	Lydia	29.9192	-91.7953
LA	Madisonville	30.4287	-90.1773
LA	Mamou	30.6496	-92.4196
LA	Mandeville	30.3861	-90.0768
LA	Mangham	32.3331	-91.7976
LA	Mansfield	32.0239	-93.6980
LA	Mansura	31.0615	-92.0543
LA	Many	31.5851	-93.4641
LA	Maringouin	30.4823	-91.5168
LA	Marion	32.8882	-92.2571
LA	Marksville	31.1396	-92.0831
LA	Marrero	29.8598	-90.1105
LA	Marthaville	31.7726	-93.3954
LA	Mathews	29.6820	-90.4949
LA	Maurepas	30.2716	-90.7043
LA	Maurice	30.0722	-92.1070
LA	Melrose	31.5986	-92.9669
LA	Melville	30.6626	-91.7565
LA	Mer Rouge	32.7718	-91.7716
LA	Meraux	29.9335	-89.9214
LA	Mermentau	30.1897	-92.5825
LA	Merryville	30.7701	-93.5307
LA	Metairie	29.9871	-90.1695
LA	Milton	30.1036	-92.0764
LA	Minden	32.6323	-93.2886
LA	Mittie	30.6788	-92.9321
LA	Monroe	32.5286	-92.1061
LA	Montegut	29.4744	-90.5440
LA	Monterey	31.4403	-91.7345
LA	Montgomery	31.6674	-92.8412
LA	Mooringsport	32.6626	-93.9730
LA	Mora	31.3339	-92.8889
LA	Moreauville	31.0368	-91.9818
LA	Morgan City	29.7239	-91.1165
LA	Morganza	30.7245	-91.5959
LA	Morrow	30.8249	-92.0408
LA	Morse	30.1434	-92.4632
LA	Mount Airy	30.0511	-90.6378
LA	Mount Hermon	30.9536	-90.2769
LA	Napoleonville	29.9288	-91.0266
LA	Natalbany	30.5461	-90.4847
LA	Natchez	31.6615	-93.0241
LA	Natchitoches	31.7617	-93.0916
LA	Negreet	31.4692	-93.5747
LA	New Iberia	30.0010	-91.8200
LA	New Orleans	29.9631	-90.1610
LA	New Roads	30.7014	-91.4421
LA	New Sarpy	29.9778	-90.3878
LA	Newellton	32.0656	-91.2578
LA	Newllano	31.0694	-93.2879
LA	Noble	31.6938	-93.7167
LA	Norco	30.0057	-90.4198
LA	Norwood	30.9518	-91.0629
LA	Oak Grove	32.8723	-91.4129
LA	Oak Ridge	32.6243	-91.7618
LA	Oakdale	30.8172	-92.6640
LA	Oberlin	30.6162	-92.7527
LA	Oil City	32.7451	-93.9838
LA	Olla	31.8734	-92.2214
LA	Opelousas	30.5144	-92.0897
LA	Oscar	30.5988	-91.4846
LA	Otis	31.2264	-92.7445
LA	Paincourtville	29.9900	-91.0550
LA	Palmetto	30.7065	-91.9114
LA	Paradis	29.8770	-90.4352
LA	Patterson	29.6967	-91.2812
LA	Paulina	30.0352	-90.7374
LA	Pearl River	30.3944	-89.7732
LA	Pelican	31.8966	-93.5634
LA	Perry	29.9483	-92.1569
LA	Pierre Part	29.9550	-91.2002
LA	Pilottown	29.1814	-89.2575
LA	Pine Grove	30.7032	-90.7672
LA	Pine Prairie	30.7836	-92.4253
LA	Pineville	31.3238	-92.4246
LA	Pioneer	32.7154	-91.4648
LA	Pitkin	30.9330	-92.9548
LA	Plain Dealing	32.9074	-93.6905
LA	Plaquemine	30.2684	-91.2524
LA	Plattenville	29.9886	-91.0219
LA	Plaucheville	30.9365	-91.9847
LA	Pleasant Hill	31.8086	-93.5136
LA	Pointe A La Hache	29.6083	-89.8483
LA	Pollock	31.5000	-92.4005
LA	Ponchatoula	30.4406	-90.4422
LA	Port Allen	30.4720	-91.2541
LA	Port Barre	30.5478	-91.9286
LA	Port Sulphur	29.4700	-89.6847
LA	Powhatan	31.8728	-93.2011
LA	Prairieville	30.3156	-90.9299
LA	Pride	30.6133	-90.9943
LA	Princeton	32.5791	-93.5226
LA	Provencal	31.5801	-93.1401
LA	Quitman	32.3564	-92.7085
LA	Raceland	29.7178	-90.5999
LA	Ragley	30.4703	-93.2337
LA	Rayne	30.2045	-92.2486
LA	Rayville	32.4689	-91.7643
LA	Reddell	30.6739	-92.4261
LA	Reeves	30.4967	-93.0368
LA	Reserve	30.0603	-90.5518
LA	Rhinehart	31.6403	-91.9950
LA	Ringgold	32.3263	-93.2982
LA	Roanoke	30.3182	-92.6870
LA	Robeline	31.7715	-93.3210
LA	Robert	30.5063	-90.3352
LA	Rodessa	32.9701	-93.9885
LA	Rosedale	30.4408	-91.4562
LA	Roseland	30.7717	-90.5243
LA	Rosepine	30.9197	-93.2822
LA	Rougon	30.6035	-91.3813
LA	Ruby	31.1892	-92.2486
LA	Ruston	32.5308	-92.6439
LA	Saint Amant	30.2385	-90.8435
LA	Saint Benedict	30.5267	-90.1125
LA	Saint Bernard	29.8611	-89.8364
LA	Saint Francisville	30.8587	-91.3923
LA	Saint Gabriel	30.2799	-91.0916
LA	Saint James	30.0276	-90.8605
LA	Saint Joseph	31.9248	-91.2784
LA	Saint Landry	30.8381	-92.3938
LA	Saint Martinville	30.2083	-91.8260
LA	Saint Maurice	31.7594	-92.9589
LA	Saint Rose	29.9581	-90.3124
LA	Saline	32.1566	-92.9486
LA	Sarepta	32.9434	-93.4404
LA	Schriever	29.7123	-90.8513
LA	Scott	30.2504	-92.0981
LA	Shongaloo	32.9713	-93.2963
LA	Shreveport	32.5037	-93.7487
LA	Sibley	32.5095	-93.3009
LA	Sicily Island	31.8507	-91.6807
LA	Sieper	31.1970	-92.7698
LA	Sikes	32.0686	-92.4429
LA	Simmesport	30.9771	-91.8259
LA	Simpson	31.2456	-93.0153
LA	Simsboro	32.5384	-92.7995
LA	Singer	30.5329	-93.4650
LA	Slagle	31.2022	-93.1272
LA	Slaughter	30.7991	-91.0523
LA	Slidell	30.2784	-89.7712
LA	Sondheimer	32.5772	-91.2482
LA	Sorrento	30.1854	-90.8631
LA	Spearsville	32.9550	-92.5870
LA	Springfield	30.4157	-90.5775
LA	Springhill	33.0005	-93.4596
LA	Starks	30.3085	-93.6615
LA	Start	32.4864	-91.8592
LA	Sterlington	32.5933	-92.1213
LA	Stonewall	32.2848	-93.8003
LA	Sugartown	30.8277	-93.0170
LA	Sulphur	30.2190	-93.3639
LA	Summerfield	32.9238	-92.8215
LA	Sun	30.6489	-89.8925
LA	Sunset	30.3937	-92.0757
LA	Sunshine	30.2982	-91.1799
LA	Swartz	32.5686	-91.9850
LA	Talisheek	30.5325	-89.8767
LA	Tallulah	32.4021	-91.1901
LA	Tangipahoa	30.8758	-90.5119
LA	Taylor	32.5456	-93.1192
LA	Theriot	29.4516	-90.7651
LA	Thibodaux	29.7992	-90.8096
LA	Tickfaw	30.5668	-90.4820
LA	Tioga	31.4157	-92.4471
LA	Transylvania	32.6705	-91.2288
LA	Trout	31.6531	-92.1993
LA	Tullos	31.8531	-92.3013
LA	Tunica	30.9292	-91.5550
LA	Turkey Creek	30.8769	-92.4131
LA	Uncle Sam	30.0217	-90.7719
LA	Urania	31.8636	-92.2958
LA	Vacherie	29.9694	-90.7097
LA	Varnado	30.9821	-89.7606
LA	Venice	29.2618	-89.3478
LA	Ventress	30.6814	-91.4033
LA	Vidalia	31.5782	-91.4695
LA	Ville Platte	30.6924	-92.2737
LA	Vinton	30.2015	-93.5728
LA	Violet	29.9043	-89.8960
LA	Vivian	32.8668	-93.9873
LA	Wakefield	30.8892	-91.3500
LA	Walker	30.5247	-90.8557
LA	Washington	30.7099	-92.0399
LA	Waterproof	31.8076	-91.3872
LA	Watson	30.5756	-90.9531
LA	Welsh	30.2363	-92.8190
LA	West Monroe	32.5317	-92.1760
LA	Westlake	30.2613	-93.2688
LA	Westwego	29.9144	-90.1813
LA	Weyanoke	30.9467	-91.4611
LA	White Castle	30.1545	-91.1773
LA	Wildsville	31.6156	-91.7839
LA	Wilson	30.9473	-91.0655
LA	Winnfield	31.9214	-92.6366
LA	Winnsboro	32.1592	-91.7108
LA	Wisner	31.9913	-91.6768
LA	Woodworth	31.1326	-92.4990
LA	Youngsville	30.0975	-92.0096
LA	Zachary	30.6561	-91.1358
LA	Zwolle	31.6138	-93.6636
MA	Abington	42.1167	-70.9543
MA	Accord	42.1747	-70.8871
MA	Acton	42.4751	-71.4483
MA	Acushnet	41.6997	-70.9087
MA	Adams	42.6223	-73.1172
MA	Agawam	42.0702	-72.6227
MA	Allston	42.3535	-71.1329
MA	Amesbury	42.8559	-70.9367
MA	Amherst	42.3770	-72.5156
MA	Andover	42.6496	-71.1565
MA	Arlington	42.4042	-71.1472
MA	Arlington Heights	42.4203	-71.1806
MA	Ashburnham	42.6496	-71.9267
MA	Ashby	42.6745	-71.8174
MA	Ashfield	42.5232	-72.8110
MA	Ashland	42.2539	-71.4583
MA	Ashley Falls	42.0596	-73.3202
MA	Assonet	41.7975	-71.0607
MA	Athol	42.5921	-72.2146
MA	Attleboro	41.9296	-71.3009
MA	Attleboro Falls	41.9710	-71.3104
MA	Auburn	42.2055	-71.8391
MA	Auburndale	42.3472	-71.2500
MA	Avon	42.1258	-71.0437
MA	Ayer	42.5591	-71.5788
MA	Babson Park	42.2986	-71.2600
MA	Baldwinville	42.5936	-72.0646
MA	Barnstable	41.6983	-70.3001
MA	Barre	42.4097	-72.1084
MA	Becket	42.3594	-73.1203
MA	Bedford	42.4843	-71.2768
MA	Belchertown	42.2751	-72.4110
MA	Bellingham	42.0746	-71.4768
MA	Belmont	42.3958	-71.1792
MA	Berkley	41.8353	-71.0765
MA	Berkshire	42.5125	-73.1933
MA	Berlin	42.3844	-71.6356
MA	Bernardston	42.6838	-72.5634
MA	Beverly	42.5608	-70.8759
MA	Billerica	42.5519	-71.2518
MA	Blackstone	42.0287	-71.5269
MA	Blandford	42.1829	-72.9361
MA	Bolton	42.4365	-71.6076
MA	Bondsville	42.2125	-72.3458
MA	Boston	42.3576	-71.0684
MA	Boxborough	42.4869	-71.5182
MA	Boxford	42.6797	-71.0114
MA	Boylston	42.3377	-71.7310
MA	Braintree	42.2093	-70.9963
MA	Brant Rock	42.0861	-70.6417
MA	Brewster	41.7492	-70.0699
MA	Bridgewater	41.9773	-70.9723
MA	Brighton	42.3478	-71.1566
MA	Brimfield	42.1165	-72.1885
MA	Brockton	42.0800	-71.0377
MA	Brookfield	42.1991	-72.0989
MA	Brookline	42.3302	-71.1304
MA	Brookline Village	42.3328	-71.1167
MA	Bryantville	42.0439	-70.8431
MA	Buckland	42.6152	-72.7641
MA	Burlington	42.5089	-71.2004
MA	Buzzards Bay	41.7529	-70.5932
MA	Byfield	42.7568	-70.9351
MA	Cambridge	42.3770	-71.1256
MA	Canton	42.1645	-71.1355
MA	Carlisle	42.5286	-71.3519
MA	Carver	41.8883	-70.7678
MA	Cataumet	41.6661	-70.6203
MA	Centerville	41.6606	-70.3532
MA	Charlemont	42.6218	-72.8802
MA	Charlestown	42.3778	-71.0627
MA	Charlton	42.1379	-71.9664
MA	Charlton City	42.1458	-71.9889
MA	Charlton Depot	42.1731	-71.9792
MA	Chartley	41.9486	-71.2264
MA	Chatham	41.6876	-69.9808
MA	Chelmsford	42.5936	-71.3575
MA	Chelsea	42.3963	-71.0325
MA	Cherry Valley	42.2373	-71.8750
MA	Cheshire	42.5611	-73.1580
MA	Chester	42.2794	-72.9888
MA	Chesterfield	42.3817	-72.8333
MA	Chestnut Hill	42.3306	-71.1667
MA	Chicopee	42.1620	-72.6080
MA	Chilmark	41.3575	-70.7416
MA	Clinton	42.4181	-71.6828
MA	Cohasset	42.2395	-70.8128
MA	Colrain	42.6790	-72.7265
MA	Concord	42.4567	-71.3747
MA	Conway	42.5138	-72.7025
MA	Cotuit	41.6960	-70.4334
MA	Cummaquid	41.7017	-70.2736
MA	Cummington	42.4353	-72.9058
MA	Cuttyhunk	41.4436	-70.8785
MA	Dalton	42.4750	-73.1603
MA	Danvers	42.5694	-70.9425
MA	Dartmouth	41.6408	-70.9800
MA	Dedham	42.2437	-71.1637
MA	Deerfield	42.5406	-72.6072
MA	Dennis	41.7322	-70.1911
MA	Dennis Port	41.6649	-70.1327
MA	Devens	42.5467	-71.5983
MA	Dighton	41.8125	-71.1427
MA	Douglas	42.0606	-71.7266
MA	Dover	42.2362	-71.2854
MA	Dracut	42.6764	-71.3186
MA	Drury	42.6522	-72.9981
MA	Dudley	42.0489	-71.8932
MA	Dunstable	42.6739	-71.4952
MA	Duxbury	42.0417	-70.6728
MA	East Boston	42.3750	-71.0397
MA	East Bridgewater	42.0315	-70.9450
MA	East Brookfield	42.2193	-72.0481
MA	East Dennis	41.7425	-70.1625
MA	East Falmouth	41.5850	-70.5652
MA	East Freetown	41.7635	-70.9677
MA	East Longmeadow	42.0672	-72.5056
MA	East Mansfield	42.0231	-71.1778
MA	East Orleans	41.7850	-69.9708
MA	East Otis	42.1733	-73.0350
MA	East Princeton	42.4728	-71.8394
MA	East Sandwich	41.6846	-70.4682
MA	East Taunton	41.8736	-71.0192
MA	East Templeton	42.5631	-72.0375
MA	East Walpole	42.1532	-71.2179
MA	East Wareham	41.7682	-70.6532
MA	East Weymouth	42.2116	-70.9317
MA	Eastham	41.8408	-69.9849
MA	Easthampton	42.2643	-72.6799
MA	Easton	42.0244	-71.1292
MA	Edgartown	41.3889	-70.5339
MA	Elmwood	42.0097	-70.9625
MA	Erving	42.6050	-72.4166
MA	Essex	42.6286	-70.7828
MA	Everett	42.4112	-71.0514
MA	Fairhaven	41.6409	-70.8896
MA	Fall River	41.7182	-71.1400
MA	Falmouth	41.5648	-70.6217
MA	Fayville	42.2932	-71.5023
MA	Feeding Hills	42.0718	-72.6751
MA	Fiskdale	42.1228	-72.1178
MA	Fitchburg	42.5796	-71.8031
MA	Forestdale	41.6827	-70.5143
MA	Foxboro	42.0649	-71.2441
MA	Framingham	42.3007	-71.4255
MA	Franklin	42.0935	-71.4058
MA	Gardner	42.5740	-71.9898
MA	Georgetown	42.7281	-70.9822
MA	Gilbertville	42.3322	-72.1986
MA	Gill	42.6769	-72.4472
MA	Glendale	42.2833	-73.3444
MA	Gloucester	42.6208	-70.6721
MA	Goshen	42.4662	-72.8441
MA	Grafton	42.2004	-71.6868
MA	Granby	42.2557	-72.5200
MA	Granville	42.0702	-72.9088
MA	Great Barrington	42.1959	-73.3607
MA	Green Harbor	42.0778	-70.6500
MA	Greenbush	42.1792	-70.7500
MA	Greenfield	42.6012	-72.6018
MA	Groton	42.6124	-71.5584
MA	Groveland	42.7530	-71.0270
MA	Hadley	42.3606	-72.5715
MA	Halifax	42.0002	-70.8448
MA	Hamilton	42.6183	-70.8567
MA	Hampden	42.0648	-72.4318
MA	Hanover	42.1214	-70.8570
MA	Hanscom Afb	42.4644	-71.2842
MA	Hanson	42.0616	-70.8651
MA	Hardwick	42.3500	-72.2000
MA	Harvard	42.4986	-71.5753
MA	Harwich	41.7008	-70.0579
MA	Harwich Port	41.6713	-70.0768
MA	Hatfield	42.3844	-72.6167
MA	Hathorne	42.5861	-70.9750
MA	Haverhill	42.7856	-71.0721
MA	Haydenville	42.3818	-72.7032
MA	Heath	42.6853	-72.8391
MA	Hingham	42.2245	-70.8911
MA	Hinsdale	42.4346	-73.0924
MA	Holbrook	42.1464	-71.0083
MA	Holden	42.3420	-71.8414
MA	Holland	42.0403	-72.1544
MA	Holliston	42.2026	-71.4361
MA	Holyoke	42.2020	-72.6262
MA	Hopedale	42.1268	-71.5376
MA	Hopkinton	42.2190	-71.5302
MA	Housatonic	42.2653	-73.3745
MA	Hubbardston	42.4865	-72.0012
MA	Hudson	42.3918	-71.5609
MA	Hull	42.2853	-70.8754
MA	Humarock	42.1361	-70.6906
MA	Huntington	42.2653	-72.8733
MA	Hyannis	41.6537	-70.2982
MA	Hyannis Port	41.6356	-70.3000
MA	Hyde Park	42.2540	-71.1261
MA	Ipswich	42.6809	-70.8494
MA	Jamaica Plain	42.3126	-71.1115
MA	Jefferson	42.3755	-71.8706
MA	Kingston	41.9950	-70.7410
MA	Lake Pleasant	42.5564	-72.5186
MA	Lakeville	41.8374	-70.9582
MA	Lancaster	42.4510	-71.6868
MA	Lanesboro	42.5420	-73.2487
MA	Lawrence	42.7080	-71.1638
MA	Lee	42.2990	-73.2317
MA	Leeds	42.3543	-72.7034
MA	Leicester	42.2370	-71.9188
MA	Lenox	42.3642	-73.2713
MA	Lenox Dale	42.3361	-73.2458
MA	Leominster	42.5274	-71.7563
MA	Leverett	42.4682	-72.4993
MA	Lexington	42.4558	-71.2193
MA	Lincoln	42.4217	-71.3137
MA	Linwood	42.0972	-71.6453
MA	Littleton	42.5401	-71.4877
MA	Longmeadow	42.0507	-72.5676
MA	Lowell	42.6560	-71.3051
MA	Ludlow	42.1728	-72.4710
MA	Lunenburg	42.5884	-71.7266
MA	Lynn	42.4634	-70.9455
MA	Lynnfield	42.5327	-71.0339
MA	Malden	42.4291	-71.0605
MA	Manchaug	42.0944	-71.7481
MA	Manchester	42.5796	-70.7674
MA	Manomet	41.9186	-70.5667
MA	Mansfield	42.0212	-71.2178
MA	Marblehead	42.4984	-70.8653
MA	Marion	41.7095	-70.7613
MA	Marlborough	42.3509	-71.5434
MA	Marshfield	42.1062	-70.6993
MA	Marshfield Hills	42.1333	-70.7583
MA	Marstons Mills	41.6703	-70.4163
MA	Mashpee	41.6181	-70.4854
MA	Mattapan	42.2739	-71.0939
MA	Mattapoisett	41.6618	-70.8164
MA	Maynard	42.4321	-71.4550
MA	Medfield	42.1845	-71.3048
MA	Medford	42.4183	-71.1067
MA	Medway	42.1514	-71.4217
MA	Melrose	42.4581	-71.0632
MA	Mendon	42.0967	-71.5499
MA	Menemsha	41.3517	-70.7647
MA	Merrimac	42.8346	-71.0047
MA	Methuen	42.7280	-71.1810
MA	Middleboro	41.8938	-70.9187
MA	Middlefield	42.3479	-73.0062
MA	Middleton	42.5942	-71.0130
MA	Milford	42.1511	-71.5274
MA	Mill River	42.1139	-73.2681
MA	Millbury	42.1968	-71.7644
MA	Millers Falls	42.5762	-72.4946
MA	Millis	42.1669	-71.3607
MA	Millville	42.0331	-71.5798
MA	Milton	42.2537	-71.0771
MA	Milton Village	42.2667	-71.0722
MA	Minot	42.1958	-70.7264
MA	Monponsett	42.0183	-70.8472
MA	Monroe Bridge	42.7239	-72.9602
MA	Monson	42.1010	-72.3196
MA	Montague	42.5429	-72.5328
MA	Monterey	42.1878	-73.2135
MA	Monument Beach	41.7194	-70.6125
MA	Nahant	42.4261	-70.9277
MA	Nantucket	41.2725	-70.0932
MA	Natick	42.2875	-71.3574
MA	Needham	42.2778	-71.2350
MA	Needham Heights	42.2997	-71.2321
MA	New Bedford	41.6347	-70.9372
MA	New Braintree	42.3198	-72.1306
MA	New Salem	42.5146	-72.3062
MA	New Town	42.3600	-71.1306
MA	Newbury	42.7835	-70.8474
MA	Newburyport	42.8130	-70.8847
MA	Newton	42.3545	-71.1877
MA	Newton Center	42.3369	-71.2097
MA	Newton Highlands	42.3208	-71.2000
MA	Newton Lower Falls	42.3292	-71.2542
MA	Newton Upper Falls	42.3139	-71.2200
MA	Newtonville	42.3521	-71.2081
MA	Nonantum	42.3625	-71.2028
MA	Norfolk	42.1177	-71.3269
MA	North Adams	42.6987	-73.1100
MA	North Amherst	42.4102	-72.5313
MA	North Andover	42.6826	-71.1090
MA	North Attleboro	41.9775	-71.3298
MA	North Billerica	42.5757	-71.2902
MA	North Brookfield	42.2665	-72.0821
MA	North Carver	41.9203	-70.8000
MA	North Chatham	41.7030	-69.9666
MA	North Chelmsford	42.6347	-71.3908
MA	North Dartmouth	41.6338	-70.9958
MA	North Dighton	41.8529	-71.1485
MA	North Eastham	41.8650	-69.9917
MA	North Easton	42.0590	-71.1123
MA	North Egremont	42.1967	-73.4383
MA	North Falmouth	41.6417	-70.6230
MA	North Grafton	42.2297	-71.7037
MA	North Hatfield	42.4111	-72.6228
MA	North Marshfield	42.1431	-70.7708
MA	North Oxford	42.1655	-71.8860
MA	North Pembroke	42.0931	-70.7931
MA	North Reading	42.5819	-71.0947
MA	North Scituate	42.2189	-70.7861
MA	North Truro	42.0338	-70.0875
MA	North Uxbridge	42.0875	-71.6417
MA	North Waltham	42.3931	-71.2203
MA	North Weymouth	42.2436	-70.9443
MA	Northampton	42.3247	-72.6542
MA	Northborough	42.3182	-71.6464
MA	Northbridge	42.1494	-71.6564
MA	Northfield	42.6887	-72.4510
MA	Norton	41.9718	-71.1894
MA	Norwell	42.1596	-70.8217
MA	Norwood	42.1868	-71.2033
MA	Nutting Lake	42.5378	-71.2694
MA	Oak Bluffs	41.4542	-70.5625
MA	Oakham	42.3480	-72.0513
MA	Ocean Bluff	42.0972	-70.6542
MA	Onset	41.7417	-70.6583
MA	Orange	42.5912	-72.3059
MA	Orleans	41.7792	-69.9822
MA	Osterville	41.6300	-70.3837
MA	Otis	42.1899	-73.0821
MA	Oxford	42.1129	-71.8687
MA	Palmer	42.1762	-72.3288
MA	Paxton	42.3066	-71.9202
MA	Peabody	42.5326	-70.9612
MA	Pembroke	42.0621	-70.8044
MA	Pepperell	42.6689	-71.5934
MA	Petersham	42.4898	-72.1893
MA	Pinehurst	42.5292	-71.2286
MA	Pittsfield	42.4531	-73.2471
MA	Plainfield	42.5144	-72.9183
MA	Plainville	42.0124	-71.3275
MA	Plymouth	41.9104	-70.6420
MA	Plympton	41.9655	-70.8046
MA	Pocasset	41.6881	-70.6105
MA	Prides Crossing	42.5597	-70.8250
MA	Princeton	42.4508	-71.8762
MA	Provincetown	42.0534	-70.1865
MA	Quincy	42.2491	-70.9978
MA	Randolph	42.1736	-71.0514
MA	Raynham	41.9324	-71.0469
MA	Raynham Center	41.9236	-71.0528
MA	Reading	42.5280	-71.1090
MA	Readville	42.2492	-71.2292
MA	Rehoboth	41.8515	-71.2545
MA	Revere	42.4138	-71.0052
MA	Richmond	42.3784	-73.3645
MA	Rochdale	42.1997	-71.9069
MA	Rochester	41.7591	-70.8523
MA	Rockland	42.1293	-70.9133
MA	Rockport	42.6580	-70.6194
MA	Roslindale	42.2836	-71.1295
MA	Rowe	42.6953	-72.9258
MA	Rowley	42.7138	-70.9070
MA	Royalston	42.5925	-72.2278
MA	Russell	42.1471	-72.8403
MA	Rutland	42.3762	-71.9490
MA	Sagamore	41.7700	-70.5289
MA	Sagamore Beach	41.7983	-70.5294
MA	Salem	42.5151	-70.9003
MA	Salisbury	42.8507	-70.8588
MA	Sandisfield	42.1094	-73.1163
MA	Sandwich	41.6983	-70.4693
MA	Saugus	42.4633	-71.0111
MA	Savoy	42.5770	-73.0233
MA	Scituate	42.2032	-70.7525
MA	Seekonk	41.8378	-71.3224
MA	Sharon	42.1094	-71.1759
MA	Sheffield	42.1001	-73.3611
MA	Shelburne Falls	42.6022	-72.7391
MA	Sheldonville	42.0347	-71.3875
MA	Sherborn	42.2331	-71.3787
MA	Shirley	42.5587	-71.6464
MA	Shrewsbury	42.2848	-71.7205
MA	Shutesbury	42.4820	-72.4213
MA	Siasconset	41.2625	-69.9667
MA	Silver Beach	42.6403	-70.6375
MA	Somerset	41.7223	-71.1780
MA	Somerville	42.3829	-71.1028
MA	South Barre	42.3853	-72.0958
MA	South Carver	41.8406	-70.7472
MA	South Chatham	41.6801	-70.0241
MA	South Dartmouth	41.5917	-70.9565
MA	South Deerfield	42.4756	-72.6153
MA	South Dennis	41.7097	-70.1585
MA	South Easton	42.0257	-71.0988
MA	South Egremont	42.1012	-73.4566
MA	South Grafton	42.1760	-71.6927
MA	South Hadley	42.2375	-72.5811
MA	South Hamilton	42.6185	-70.8561
MA	South Harwich	41.6750	-70.0444
MA	South Lancaster	42.4444	-71.6875
MA	South Lee	42.2778	-73.2778
MA	South Orleans	41.7506	-69.9917
MA	South Walpole	42.0992	-71.2752
MA	South Wellfleet	41.9181	-69.9958
MA	South Weymouth	42.1728	-70.9487
MA	South Yarmouth	41.6728	-70.1973
MA	Southampton	42.2247	-72.7194
MA	Southborough	42.2939	-71.5320
MA	Southbridge	42.0750	-72.0353
MA	Southfield	42.0780	-73.2609
MA	Southwick	42.0511	-72.7706
MA	Spencer	42.2441	-71.9906
MA	Springfield	42.1060	-72.5977
MA	Sterling	42.4354	-71.7752
MA	Still River	42.4917	-71.6181
MA	Stockbridge	42.3010	-73.3223
MA	Stoneham	42.4828	-71.0978
MA	Stoughton	42.1253	-71.1074
MA	Stow	42.4308	-71.5150
MA	Sturbridge	42.1126	-72.0842
MA	Sudbury	42.3837	-71.4282
MA	Sunderland	42.4539	-72.5676
MA	Sutton	42.1406	-71.7484
MA	Swampscott	42.4746	-70.9098
MA	Swansea	41.7473	-71.2122
MA	Taunton	41.9050	-71.1026
MA	Templeton	42.5460	-72.0650
MA	Tewksbury	42.6028	-71.2232
MA	Thorndike	42.1875	-72.3361
MA	Three Rivers	42.1819	-72.3624
MA	Topsfield	42.6415	-70.9488
MA	Townsend	42.6525	-71.6896
MA	Truro	41.9988	-70.0564
MA	Turners Falls	42.6065	-72.5470
MA	Tyngsboro	42.6724	-71.4158
MA	Tyringham	42.2458	-73.2042
MA	Upton	42.1733	-71.6080
MA	Uxbridge	42.0744	-71.6329
MA	Village Of Nagog Woods	42.5149	-71.4224
MA	Vineyard Haven	41.4500	-70.5937
MA	Waban	42.3278	-71.2278
MA	Wakefield	42.5009	-71.0685
MA	Wales	42.0627	-72.2046
MA	Walpole	42.1444	-71.2544
MA	Waltham	42.3954	-71.2508
MA	Ware	42.2618	-72.2583
MA	Wareham	41.7541	-70.7116
MA	Warren	42.2125	-72.1917
MA	Warwick	42.6819	-72.3394
MA	Watertown	42.3733	-71.1540
MA	Waverley	42.3875	-71.1833
MA	Wayland	42.3486	-71.3588
MA	Webster	42.0476	-71.8395
MA	Wellesley	42.2986	-71.3016
MA	Wellesley Hills	42.3133	-71.2695
MA	Wellfleet	41.9289	-70.0186
MA	Wendell	42.5656	-72.4009
MA	Wendell Depot	42.5958	-72.3603
MA	Wenham	42.6017	-70.8786
MA	West Barnstable	41.7002	-70.3720
MA	West Boxford	42.7069	-71.0644
MA	West Boylston	42.3584	-71.7838
MA	West Bridgewater	42.0255	-71.0161
MA	West Brookfield	42.2441	-72.1511
MA	West Chatham	41.6811	-69.9917
MA	West Chesterfield	42.4028	-72.8764
MA	West Chop	41.4800	-70.6033
MA	West Dennis	41.6626	-70.1681
MA	West Falmouth	41.6042	-70.6350
MA	West Groton	42.6042	-71.6278
MA	West Harwich	41.6694	-70.1135
MA	West Hatfield	42.3708	-72.6375
MA	West Hyannisport	41.6361	-70.3208
MA	West Medford	42.4222	-71.1333
MA	West Millbury	42.1711	-71.8042
MA	West Newbury	42.7949	-70.9778
MA	West Newton	42.3500	-71.2333
MA	West Roxbury	42.2787	-71.1589
MA	West Springfield	42.1151	-72.6411
MA	West Stockbridge	42.3348	-73.3825
MA	West Tisbury	41.4137	-70.6558
MA	West Townsend	42.6704	-71.7406
MA	West Wareham	41.7796	-70.7642
MA	West Warren	42.2073	-72.2036
MA	West Yarmouth	41.6614	-70.2363
MA	Westborough	42.2830	-71.6015
MA	Westfield	42.1295	-72.7543
MA	Westford	42.5900	-71.4381
MA	Westminster	42.5458	-71.9111
MA	Weston	42.3667	-71.3036
MA	Westport	41.6211	-71.0890
MA	Westport Point	41.5222	-71.0750
MA	Westwood	42.2148	-71.2104
MA	Weymouth	42.2113	-70.9582
MA	Whately	42.4397	-72.6353
MA	Wheelwright	42.3519	-72.1403
MA	White Horse Beach	41.9308	-70.5583
MA	Whitinsville	42.1153	-71.6644
MA	Whitman	42.0816	-70.9381
MA	Wilbraham	42.1245	-72.4464
MA	Williamsburg	42.4085	-72.7780
MA	Williamstown	42.7089	-73.2036
MA	Wilmington	42.5581	-71.1723
MA	Winchendon	42.6789	-72.0475
MA	Winchendon Springs	42.6944	-72.0153
MA	Winchester	42.4530	-71.1441
MA	Windsor	42.5095	-73.0466
MA	Winthrop	42.3763	-70.9800
MA	Woburn	42.4829	-71.1574
MA	Woods Hole	41.5263	-70.6643
MA	Woodville	42.2375	-71.5625
MA	Worcester	42.2621	-71.8034
MA	Woronoco	42.1639	-72.8300
MA	Worthington	42.3843	-72.9314
MA	Wrentham	42.0617	-71.3396
MA	Yarmouth Port	41.7051	-70.2270
MD	Abell	38.2496	-76.7441
MD	Aberdeen	39.5109	-76.1805
MD	Aberdeen Proving Ground	39.4724	-76.1303
MD	Abingdon	39.4744	-76.2997
MD	Accident	39.6355	-79.3085
MD	Accokeek	38.6720	-77.0162
MD	Adamstown	39.3065	-77.4477
MD	Allen	38.2872	-75.6883
MD	Andrews Air Force Base	38.8033	-76.8714
MD	Annapolis	38.9996	-76.5031
MD	Annapolis Junction	39.1310	-76.7981
MD	Aquasco	38.5825	-76.7149
MD	Arnold	39.0476	-76.4941
MD	Ashton	39.1510	-76.9924
MD	Avenue	38.2826	-76.7466
MD	Baldwin	39.5194	-76.4927
MD	Baltimore	39.1718	-76.6483
MD	Barclay	39.1299	-75.8601
MD	Barnesville	39.2233	-77.3764
MD	Barstow	38.5253	-76.6164
MD	Barton	39.5331	-79.0281
MD	Beallsville	39.1671	-77.4144
MD	Bel Air	39.5394	-76.3564
MD	Bel Alton	38.4731	-76.9789
MD	Belcamp	39.4756	-76.2420
MD	Beltsville	39.0347	-76.9078
MD	Benedict	38.5092	-76.6800
MD	Benson	39.5053	-76.3867
MD	Berlin	38.3475	-75.1866
MD	Bethesda	38.9806	-77.1008
MD	Bethlehem	38.7461	-75.9444
MD	Betterton	39.3655	-76.0639
MD	Big Pool	39.6457	-78.0104
MD	Bishopville	38.4296	-75.1855
MD	Bittinger	39.5978	-79.2142
MD	Bivalve	38.2953	-75.8914
MD	Bladensburg	38.9452	-76.9203
MD	Bloomington	39.4878	-79.1137
MD	Boonsboro	39.5322	-77.6835
MD	Boring	39.5317	-76.8231
MD	Bowie	38.9797	-76.7435
MD	Boyds	39.2100	-77.3167
MD	Bozman	38.7515	-76.2764
MD	Braddock Heights	39.4186	-77.5039
MD	Brandywine	38.6922	-76.8320
MD	Brentwood	38.9407	-76.9531
MD	Brinklow	39.1838	-77.0163
MD	Brookeville	39.1871	-77.0603
MD	Brooklandville	39.4203	-76.6703
MD	Brooklyn	39.2333	-76.6150
MD	Broomes Island	38.4180	-76.5478
MD	Brownsville	39.3819	-77.6606
MD	Brunswick	39.3164	-77.6230
MD	Bryans Road	38.6415	-77.0766
MD	Bryantown	38.5426	-76.8465
MD	Buckeystown	39.3347	-77.4319
MD	Burkittsville	39.3971	-77.6265
MD	Burtonsville	39.0922	-76.9339
MD	Bushwood	38.2844	-76.7929
MD	Butler	39.5353	-76.7283
MD	Cabin John	38.9743	-77.1591
MD	California	38.3006	-76.5312
MD	Callaway	38.2275	-76.5210
MD	Cambridge	38.5643	-76.0874
MD	Capitol Heights	38.8847	-76.9108
MD	Cascade	39.7073	-77.4956
MD	Catonsville	39.2782	-76.7401
MD	Cavetown	39.6442	-77.5861
MD	Cecilton	39.4015	-75.8654
MD	Centreville	39.0564	-76.0450
MD	Chaptico	38.3332	-76.7823
MD	Charlestown	39.5729	-75.9795
MD	Charlotte Hall	38.4750	-76.8038
MD	Chase	39.3633	-76.3714
MD	Cheltenham	38.7531	-76.8369
MD	Chesapeake Beach	38.6698	-76.5376
MD	Chesapeake City	39.5133	-75.8406
MD	Chester	38.9583	-76.2842
MD	Chestertown	39.2125	-76.0802
MD	Chevy Chase	38.9780	-77.0820
MD	Chewsville	39.6428	-77.6353
MD	Childs	39.6461	-75.8719
MD	Church Creek	38.4278	-76.1696
MD	Church Hill	39.1460	-75.9880
MD	Churchton	38.8018	-76.5248
MD	Churchville	39.5648	-76.2490
MD	Claiborne	38.8375	-76.2781
MD	Clarksburg	39.2637	-77.2736
MD	Clarksville	39.1944	-76.9423
MD	Clear Spring	39.6617	-77.9126
MD	Clements	38.3407	-76.7264
MD	Clinton	38.7549	-76.9026
MD	Cobb Island	38.2606	-76.8442
MD	Cockeysville	39.4736	-76.6287
MD	College Park	38.9963	-76.9299
MD	Colora	39.6695	-76.0934
MD	Coltons Point	38.2370	-76.7646
MD	Columbia	39.2141	-76.8788
MD	Compton	38.2750	-76.6933
MD	Conowingo	39.6778	-76.1572
MD	Cooksville	39.3211	-77.0051
MD	Cordova	38.8704	-76.0029
MD	Corriganville	39.6928	-78.7931
MD	Crapo	38.3295	-76.1142
MD	Crisfield	37.9845	-75.8429
MD	Crocheron	38.2428	-76.0525
MD	Crofton	39.0112	-76.6802
MD	Crownsville	39.0489	-76.5935
MD	Crumpton	39.2330	-75.9195
MD	Cumberland	39.6504	-78.7574
MD	Curtis Bay	39.2093	-76.5691
MD	Damascus	39.2761	-77.2131
MD	Dameron	38.1533	-76.3575
MD	Darlington	39.6540	-76.2278
MD	Davidsonville	38.9374	-76.6375
MD	Dayton	39.2339	-76.9968
MD	Deal Island	38.1533	-75.9496
MD	Deale	38.7829	-76.5515
MD	Delmar	38.4445	-75.5583
MD	Denton	38.8779	-75.8361
MD	Derwood	39.1345	-77.1477
MD	Dickerson	39.2126	-77.4199
MD	District Heights	38.8539	-76.8891
MD	Dowell	38.3461	-76.4592
MD	Drayden	38.1719	-76.4731
MD	Dundalk	39.2649	-76.5025
MD	Dunkirk	38.7408	-76.6427
MD	Earleville	39.4271	-75.9403
MD	East New Market	38.5921	-75.9568
MD	Easton	38.7768	-76.0758
MD	Eckhart Mines	39.6525	-78.8972
MD	Eden	38.2762	-75.6482
MD	Edgewater	38.9225	-76.5404
MD	Edgewood	39.4277	-76.3055
MD	Elk Mills	39.6586	-75.8264
MD	Elkridge	39.2125	-76.7139
MD	Elkton	39.6264	-75.8458
MD	Ellerslie	39.7206	-78.7744
MD	Ellicott City	39.2672	-76.7986
MD	Emmitsburg	39.6940	-77.3357
MD	Essex	39.3086	-76.4533
MD	Ewell	37.9938	-76.0351
MD	Fairplay	39.5423	-77.7615
MD	Fallston	39.5270	-76.4328
MD	Faulkner	38.4382	-76.9729
MD	Federalsburg	38.7147	-75.7754
MD	Finksburg	39.5086	-76.9099
MD	Fishing Creek	38.3163	-76.2168
MD	Flintstone	39.6993	-78.5739
MD	Forest Hill	39.5755	-76.4008
MD	Fork	39.4729	-76.4504
MD	Fort George G Meade	39.1129	-76.7450
MD	Fort Howard	39.2072	-76.4453
MD	Fort Washington	38.7587	-76.9835
MD	Frederick	39.4082	-77.4009
MD	Freeland	39.6940	-76.7223
MD	Friendship	38.7391	-76.6001
MD	Friendsville	39.6665	-79.4219
MD	Frostburg	39.6494	-78.9306
MD	Fruitland	38.3225	-75.6228
MD	Fulton	39.1502	-76.9300
MD	Funkstown	39.6089	-77.7047
MD	Gaithersburg	39.1419	-77.1890
MD	Galena	39.3374	-75.8717
MD	Galesville	38.8431	-76.5439
MD	Gambrills	39.0407	-76.6819
MD	Garrett Park	39.0381	-77.0933
MD	Georgetown	39.3997	-75.8742
MD	Germantown	39.1704	-77.2699
MD	Gibson Island	39.0751	-76.4324
MD	Girdletree	38.0958	-75.3902
MD	Glen Arm	39.4575	-76.5153
MD	Glen Burnie	39.1677	-76.5950
MD	Glen Echo	38.9693	-77.1435
MD	Glenelg	39.2621	-77.0057
MD	Glenn Dale	38.9766	-76.8053
MD	Glenwood	39.2795	-77.0148
MD	Glyndon	39.4928	-76.7876
MD	Goldsboro	39.0230	-75.7926
MD	Grantsville	39.6844	-79.1517
MD	Grasonville	38.9456	-76.1997
MD	Great Mills	38.2674	-76.4954
MD	Greenbelt	39.0004	-76.8766
MD	Greensboro	38.9616	-75.8059
MD	Gunpowder	39.3982	-76.2743
MD	Gwynn Oak	39.3296	-76.7341
MD	Hagerstown	39.6320	-77.7372
MD	Halethorpe	39.2309	-76.6969
MD	Hampstead	39.6135	-76.8494
MD	Hancock	39.6991	-78.1762
MD	Hanover	39.1551	-76.7215
MD	Harmans	39.1572	-76.6969
MD	Harwood	38.8582	-76.6145
MD	Havre De Grace	39.5523	-76.1171
MD	Hebron	38.4026	-75.6963
MD	Helen	38.3828	-76.7219
MD	Henderson	39.0672	-75.7948
MD	Highland	39.1843	-76.9686
MD	Hillsboro	38.9167	-75.9392
MD	Hollywood	38.3524	-76.5626
MD	Hughesville	38.5207	-76.7817
MD	Hunt Valley	39.5026	-76.6598
MD	Huntingtown	38.6095	-76.6003
MD	Hurlock	38.6428	-75.8663
MD	Hyattsville	38.9506	-76.9347
MD	Hydes	39.4740	-76.4695
MD	Ijamsville	39.3267	-77.2964
MD	Indian Head	38.5889	-77.1484
MD	Ingleside	39.1247	-75.8917
MD	Ironsides	38.4917	-77.1600
MD	Issue	38.3043	-76.8675
MD	Jarrettsville	39.6162	-76.4684
MD	Jefferson	39.3653	-77.5441
MD	Jessup	39.1484	-76.7922
MD	Joppa	39.4242	-76.3541
MD	Keedysville	39.4563	-77.6944
MD	Kennedyville	39.2978	-75.9818
MD	Kensington	39.0256	-77.0767
MD	Keymar	39.5656	-77.2817
MD	Kingsville	39.4558	-76.4147
MD	Kitzmiller	39.3963	-79.2025
MD	Knoxville	39.3479	-77.6513
MD	La Plata	38.5257	-76.9865
MD	Ladiesburg	39.5764	-77.2653
MD	Lanham	38.9672	-76.8519
MD	Laurel	39.0958	-76.8155
MD	Leonardtown	38.2774	-76.6380
MD	Lexington Park	38.2495	-76.4529
MD	Libertytown	39.4850	-77.2406
MD	Lineboro	39.7185	-76.8395
MD	Linkwood	38.5403	-75.9630
MD	Linthicum Heights	39.2083	-76.6575
MD	Lisbon	39.3361	-77.0714
MD	Little Orleans	39.6876	-78.3781
MD	Lonaconing	39.5757	-78.9915
MD	Long Green	39.4728	-76.5233
MD	Lothian	38.8029	-76.6628
MD	Loveville	38.3474	-76.6771
MD	Luke	39.4774	-79.0594
MD	Lusby	38.3661	-76.4346
MD	Lutherville Timonium	39.4386	-76.6338
MD	Madison	38.5114	-76.2206
MD	Manchester	39.6747	-76.8941
MD	Manokin	38.1153	-75.7561
MD	Marbury	38.5573	-77.1563
MD	Mardela Springs	38.4864	-75.7414
MD	Marion Station	38.0266	-75.7579
MD	Marriottsville	39.3342	-76.9132
MD	Marydel	39.1082	-75.7622
MD	Maryland Line	39.7142	-76.6542
MD	Massey	39.3126	-75.8215
MD	Maugansville	39.6996	-77.7499
MD	Mayo	38.8875	-76.5122
MD	Mc Henry	39.5597	-79.3641
MD	Mcdaniel	38.8192	-76.2806
MD	Mechanicsville	38.4293	-76.7254
MD	Middle River	39.3401	-76.4153
MD	Middletown	39.4416	-77.5502
MD	Midland	39.5900	-78.9500
MD	Midlothian	39.6342	-78.9503
MD	Millersville	39.1041	-76.6190
MD	Millington	39.2580	-75.8500
MD	Monkton	39.5766	-76.5930
MD	Monrovia	39.3512	-77.2494
MD	Montgomery Village	39.1790	-77.1928
MD	Morganza	38.3753	-76.6958
MD	Mount Airy	39.3881	-77.1723
MD	Mount Rainier	38.9431	-76.9652
MD	Mount Savage	39.6991	-78.8739
MD	Mount Victoria	38.3533	-76.8961
MD	Myersville	39.5282	-77.5513
MD	Nanjemoy	38.4462	-77.1983
MD	Nanticoke	38.2672	-75.9021
MD	Neavitt	38.7244	-76.2828
MD	New Market	39.3825	-77.2697
MD	New Midway	39.5669	-77.2911
MD	New Windsor	39.5162	-77.1034
MD	Newark	38.2489	-75.2893
MD	Newburg	38.3298	-76.9175
MD	Newcomb	38.7536	-76.1764
MD	North Beach	38.7119	-76.5367
MD	North East	39.6045	-75.9538
MD	Nottingham	39.3914	-76.4871
MD	Oakland	39.4000	-79.3897
MD	Ocean City	38.3792	-75.0810
MD	Odenton	39.0762	-76.6996
MD	Oldtown	39.5846	-78.6044
MD	Olney	39.1531	-77.0672
MD	Owings	38.6955	-76.6061
MD	Owings Mills	39.4269	-76.7769
MD	Oxford	38.6864	-76.1538
MD	Oxon Hill	38.8108	-76.9898
MD	Park Hall	38.2244	-76.4415
MD	Parkton	39.6499	-76.6776
MD	Parkville	39.3876	-76.5418
MD	Parsonsburg	38.3914	-75.4737
MD	Pasadena	39.1293	-76.5162
MD	Patuxent River	38.2791	-76.4381
MD	Perry Hall	39.4010	-76.4510
MD	Perry Point	39.5542	-76.0722
MD	Perryman	39.4694	-76.2047
MD	Perryville	39.5649	-76.0592
MD	Phoenix	39.5070	-76.5646
MD	Pikesville	39.3764	-76.7290
MD	Piney Point	38.1397	-76.5047
MD	Pinto	39.5697	-78.8394
MD	Pittsville	38.3755	-75.4076
MD	Pocomoke City	38.0714	-75.5550
MD	Point Of Rocks	39.2791	-77.5328
MD	Pomfret	38.5855	-77.0093
MD	Poolesville	39.1386	-77.4067
MD	Port Deposit	39.6223	-76.0837
MD	Port Republic	38.4952	-76.5349
MD	Port Tobacco	38.4994	-77.0419
MD	Potomac	39.0388	-77.1922
MD	Powellville	38.3286	-75.3758
MD	Preston	38.7465	-75.9163
MD	Price	39.0975	-75.9592
MD	Prince Frederick	38.5336	-76.5955
MD	Princess Anne	38.1919	-75.7072
MD	Pylesville	39.6959	-76.4113
MD	Quantico	38.3339	-75.7851
MD	Queen Anne	38.9456	-75.9777
MD	Queenstown	38.9562	-76.1526
MD	Randallstown	39.3746	-76.8002
MD	Rawlings	39.5214	-78.9062
MD	Rehobeth	38.0389	-75.6633
MD	Reisterstown	39.4600	-76.8135
MD	Rhodesdale	38.6030	-75.7749
MD	Riderwood	39.4092	-76.6489
MD	Ridge	38.1169	-76.3711
MD	Ridgely	38.9568	-75.8848
MD	Rising Sun	39.6882	-76.0492
MD	Riva	38.9504	-76.5854
MD	Riverdale	38.9601	-76.9147
MD	Rock Hall	39.1344	-76.2305
MD	Rock Point	38.2719	-76.8411
MD	Rockville	39.0838	-77.1530
MD	Rocky Ridge	39.6057	-77.3296
MD	Rohrersville	39.4431	-77.6580
MD	Rosedale	39.3361	-76.5014
MD	Royal Oak	38.7288	-76.1878
MD	Sabillasville	39.6828	-77.4693
MD	Saint Inigoes	38.1441	-76.4083
MD	Saint James	39.5625	-77.7583
MD	Saint Leonard	38.4501	-76.5110
MD	Saint Marys City	38.1869	-76.4347
MD	Saint Michaels	38.7830	-76.2215
MD	Salisbury	38.3630	-75.5922
MD	Sandy Spring	39.1503	-77.0291
MD	Savage	39.1380	-76.8218
MD	Scotland	38.0828	-76.3477
MD	Secretary	38.6092	-75.9478
MD	Severn	39.1275	-76.6980
MD	Severna Park	39.0811	-76.5577
MD	Shady Side	38.8368	-76.5109
MD	Sharpsburg	39.4424	-77.7511
MD	Sharptown	38.5425	-75.7197
MD	Sherwood	38.7374	-76.3278
MD	Showell	38.3978	-75.2153
MD	Silver Spring	39.0191	-77.0076
MD	Simpsonville	39.1867	-76.8822
MD	Smithsburg	39.6470	-77.5706
MD	Snow Hill	38.1868	-75.4050
MD	Solomons	38.3341	-76.4589
MD	Southern Md Facility	39.1412	-77.1901
MD	Sparks Glencoe	39.5431	-76.6691
MD	Sparrows Point	39.2291	-76.4469
MD	Spencerville	39.1213	-76.9598
MD	Spring Gap	39.5653	-78.7167
MD	Stevenson	39.4103	-76.7133
MD	Stevensville	38.9394	-76.3371
MD	Still Pond	39.3276	-76.0522
MD	Stockton	38.0452	-75.4108
MD	Street	39.6499	-76.3302
MD	Suburb Maryland Fac	39.0875	-77.0578
MD	Sudlersville	39.1823	-75.8500
MD	Suitland	38.8425	-76.9222
MD	Sunderland	38.6490	-76.5767
MD	Swanton	39.4764	-79.2402
MD	Sykesville	39.3989	-76.9614
MD	Takoma Park	38.9832	-77.0007
MD	Tall Timbers	38.1653	-76.5399
MD	Taneytown	39.6658	-77.1691
MD	Taylors Island	38.4631	-76.2964
MD	Temple Hills	38.8222	-76.9478
MD	Templeville	39.1361	-75.7664
MD	Thurmont	39.6066	-77.4051
MD	Tilghman	38.7063	-76.3377
MD	Toddville	38.2726	-76.0596
MD	Towson	39.4025	-76.6032
MD	Tracys Landing	38.7671	-76.5752
MD	Trappe	38.6647	-76.0507
MD	Tuscarora	39.2667	-77.5101
MD	Tyaskin	38.3071	-75.8690
MD	Tylerton	37.9674	-76.0230
MD	Union Bridge	39.5415	-77.1943
MD	Unionville	39.4747	-77.1858
MD	Upper Fairmount	38.1039	-75.7917
MD	Upper Falls	39.4397	-76.4006
MD	Upper Marlboro	38.8377	-76.7980
MD	Upperco	39.5639	-76.8162
MD	Valley Lee	38.1899	-76.5087
MD	Vienna	38.4774	-75.8729
MD	Waldorf	38.6371	-76.8778
MD	Walkersville	39.4787	-77.3484
MD	Warwick	39.4283	-75.7996
MD	Washington Grove	39.1397	-77.1756
MD	Welcome	38.4672	-77.0950
MD	West Friendship	39.2934	-76.9660
MD	West River	38.8252	-76.5391
MD	Westernport	39.4826	-79.0307
MD	Westminster	39.5557	-76.9940
MD	Westover	38.1010	-75.7406
MD	Whaleyville	38.4042	-75.2889
MD	White Hall	39.6618	-76.5666
MD	White Marsh	39.3923	-76.4132
MD	White Plains	38.5948	-76.9802
MD	Whiteford	39.7077	-76.3160
MD	Willards	38.3939	-75.3552
MD	Williamsport	39.5930	-77.8087
MD	Windsor Mill	39.3350	-76.7625
MD	Wingate	38.2899	-76.0863
MD	Wittman	38.7892	-76.2993
MD	Woodbine	39.3464	-77.0647
MD	Woodsboro	39.5311	-77.2972
MD	Woodstock	39.3392	-76.8576
MD	Woolford	38.5066	-76.2041
MD	Worton	39.2963	-76.1008
MD	Wye Mills	38.9281	-76.0814
ME	Abbot	45.2798	-69.5251
ME	Acton	43.5494	-70.9307
ME	Addison	44.5830	-67.7146
ME	Albion	44.5355	-69.4683
ME	Alfred	43.4875	-70.6961
ME	Alna	44.1061	-69.6042
ME	Andover	44.6637	-70.7967
ME	Anson	44.7831	-69.9309
ME	Ashland	46.6184	-68.3876
ME	Athens	44.9388	-69.6695
ME	Auburn	44.0948	-70.2390
ME	Augusta	44.3232	-69.7665
ME	Aurora	44.8861	-68.2959
ME	Bailey Island	43.7341	-69.9952
ME	Baileyville	45.1332	-67.4175
ME	Bangor	44.8242	-68.7918
ME	Bar Harbor	44.3738	-68.2448
ME	Bar Mills	43.6131	-70.5503
ME	Bass Harbor	44.1993	-68.3804
ME	Bath	43.9062	-69.8266
ME	Beals	44.5130	-67.6056
ME	Belfast	44.4354	-69.0148
ME	Belgrade	44.4688	-69.8606
ME	Belgrade Lakes	44.5111	-69.8637
ME	Benedicta	45.8125	-68.4089
ME	Bernard	44.2415	-68.3580
ME	Berwick	43.2899	-70.8550
ME	Bethel	44.4162	-70.8037
ME	Biddeford	43.4836	-70.4719
ME	Biddeford Pool	43.4427	-70.3520
ME	Bingham	45.0682	-69.8857
ME	Birch Harbor	44.3842	-68.0317
ME	Blaine	46.5047	-67.8692
ME	Blue Hill	44.4343	-68.5885
ME	Boothbay	43.8945	-69.6273
ME	Boothbay Harbor	43.8546	-69.6184
ME	Bowdoin	44.0458	-70.0258
ME	Bowdoinham	44.0368	-69.9188
ME	Bradford	45.0855	-68.9235
ME	Bradley	44.9015	-68.6263
ME	Bremen	44.0063	-69.4307
ME	Brewer	44.7874	-68.7539
ME	Bridgewater	46.4222	-67.8415
ME	Bridgton	44.0520	-70.7241
ME	Bristol	43.9519	-69.4954
ME	Brooklin	44.2541	-68.5565
ME	Brooks	44.5678	-69.1404
ME	Brooksville	44.3756	-68.7313
ME	Brookton	45.5686	-67.7078
ME	Brownfield	43.9713	-70.9032
ME	Brownville	45.3412	-69.0423
ME	Brownville Junction	45.3500	-69.0528
ME	Brunswick	43.8976	-69.9555
ME	Bryant Pond	44.3957	-70.6435
ME	Buckfield	44.2877	-70.3683
ME	Bucksport	44.6015	-68.7768
ME	Burlington	45.2184	-68.4427
ME	Burnham	44.6848	-69.3800
ME	Bustins Island	43.7960	-70.0422
ME	Buxton	43.6616	-70.6015
ME	Calais	45.1715	-67.2641
ME	Cambridge	45.0513	-69.4419
ME	Camden	44.2137	-69.0767
ME	Canaan	44.7450	-69.5498
ME	Canton	44.4189	-70.3217
ME	Cape Elizabeth	43.6017	-70.2301
ME	Cape Neddick	43.2133	-70.6397
ME	Cape Porpoise	43.3725	-70.4386
ME	Caratunk	45.2410	-69.9386
ME	Caribou	46.8706	-68.0204
ME	Carmel	44.8053	-68.9942
ME	Casco	43.9596	-70.5260
ME	Castine	44.4675	-68.7192
ME	Center Lovell	44.1681	-70.8836
ME	Chamberlain	43.8842	-69.4986
ME	Charleston	45.0670	-69.0869
ME	Chebeague Island	43.7354	-70.1169
ME	Cherryfield	44.6228	-67.9436
ME	China Village	44.4483	-69.5186
ME	Clayton Lake	46.6298	-69.6264
ME	Cliff Island	43.6955	-70.1071
ME	Clinton	44.6440	-69.5284
ME	Columbia Falls	44.6699	-67.7534
ME	Coopers Mills	44.2588	-69.5077
ME	Corea	44.4053	-67.9850
ME	Corinna	44.9260	-69.2323
ME	Corinth	44.9837	-69.0085
ME	Cornish	43.7796	-70.7784
ME	Cranberry Isles	44.2483	-68.2608
ME	Crouseville	46.7550	-68.0969
ME	Cumberland Center	43.8098	-70.2484
ME	Cumberland Foreside	43.7745	-70.1883
ME	Cushing	43.9867	-69.2721
ME	Cutler	44.6753	-67.2499
ME	Damariscotta	44.0293	-69.5042
ME	Danforth	45.6687	-67.8688
ME	Danville	44.0365	-70.2721
ME	Deer Isle	44.2340	-68.6448
ME	Denmark	43.9755	-70.7924
ME	Dennysville	44.8961	-67.2244
ME	Detroit	44.7775	-69.3161
ME	Dexter	45.0203	-69.2797
ME	Dixfield	44.5548	-70.4241
ME	Dixmont	44.6991	-69.1025
ME	Dover Foxcroft	45.1877	-69.2045
ME	Dresden	44.0785	-69.7457
ME	Dryden	44.6002	-70.2240
ME	Durham	43.9283	-70.1236
ME	Eagle Lake	47.0400	-68.5900
ME	East Andover	44.6030	-70.7296
ME	East Baldwin	43.8646	-70.6922
ME	East Blue Hill	44.4958	-68.5022
ME	East Boothbay	43.8262	-69.5939
ME	East Dixfield	44.5733	-70.3042
ME	East Livermore	44.3994	-70.1303
ME	East Machias	44.7424	-67.3821
ME	East Millinocket	45.6300	-68.5728
ME	East Newport	44.8208	-69.2231
ME	East Orland	44.5725	-68.7017
ME	East Parsonsfield	43.7275	-70.9156
ME	East Poland	44.0706	-70.3286
ME	East Vassalboro	44.4478	-69.6064
ME	East Waterboro	43.5995	-70.6906
ME	East Wilton	44.6158	-70.1933
ME	East Winthrop	44.3217	-69.8969
ME	Easton	46.6357	-67.9018
ME	Eastport	44.9200	-67.0074
ME	Eddington	44.8206	-68.6188
ME	Edgecomb	43.9792	-69.6197
ME	Eliot	43.1309	-70.7822
ME	Ellsworth	44.5548	-68.4121
ME	Estcourt Station	47.4556	-69.1825
ME	Etna	44.7932	-69.1322
ME	Eustis	45.1626	-70.4571
ME	Exeter	44.9679	-69.1079
ME	Fairfield	44.6096	-69.6332
ME	Falmouth	43.7340	-70.2625
ME	Farmingdale	44.2523	-69.7913
ME	Farmington	44.6653	-70.1329
ME	Farmington Falls	44.6208	-70.0758
ME	Fort Fairfield	46.7623	-67.8402
ME	Fort Kent	47.1969	-68.5909
ME	Fort Kent Mills	47.2389	-68.5844
ME	Frankfort	44.5979	-68.9340
ME	Franklin	44.6087	-68.2417
ME	Freedom	44.4633	-69.3190
ME	Freeport	43.8511	-70.1139
ME	Frenchboro	44.1181	-68.3631
ME	Frenchville	46.6811	-68.3336
ME	Friendship	44.0067	-69.2916
ME	Fryeburg	44.0313	-70.9668
ME	Gardiner	44.2070	-69.7858
ME	Garland	45.0383	-69.1608
ME	Georgetown	43.8196	-69.7474
ME	Glen Cove	44.1336	-69.0947
ME	Gorham	43.6843	-70.4680
ME	Gouldsboro	44.4731	-68.0899
ME	Grand Isle	47.3044	-68.1542
ME	Grand Lake Stream	45.1578	-67.7267
ME	Gray	43.8942	-70.3429
ME	Greenbush	45.0776	-68.6033
ME	Greene	44.1891	-70.1455
ME	Greenville	45.4716	-69.5844
ME	Greenville Junction	45.4884	-69.6375
ME	Greenwood	44.3183	-70.6514
ME	Guilford	45.1735	-69.3975
ME	Hallowell	44.2864	-69.8057
ME	Hampden	44.7411	-68.8731
ME	Hancock	44.5046	-68.2402
ME	Hanover	44.4959	-70.7167
ME	Harborside	44.3386	-68.8009
ME	Harmony	45.0039	-69.5687
ME	Harpswell	43.7819	-69.9937
ME	Harrington	44.6122	-67.8147
ME	Harrison	44.1071	-70.6539
ME	Hartland	44.8782	-69.4718
ME	Hebron	44.2021	-70.3754
ME	Hinckley	44.6856	-69.6331
ME	Hiram	43.8622	-70.8531
ME	Holden	44.7422	-68.6483
ME	Hollis Center	43.5946	-70.6051
ME	Hope	44.2589	-69.1467
ME	Houlton	46.1189	-67.8630
ME	Howland	45.2478	-68.6693
ME	Hudson	44.9914	-68.8878
ME	Hulls Cove	44.4192	-68.2511
ME	Island Falls	46.0169	-68.2667
ME	Isle Au Haut	44.0561	-68.6206
ME	Isle Of Springs	43.8764	-69.6342
ME	Islesboro	44.3082	-68.9073
ME	Islesford	44.2619	-68.2344
ME	Jackman	45.6351	-70.2492
ME	Jay	44.5160	-70.2099
ME	Jefferson	44.1894	-69.4839
ME	Jonesboro	44.6582	-67.5777
ME	Jonesport	44.5509	-67.6044
ME	Kenduskeag	44.9183	-68.9342
ME	Kennebunk	43.3881	-70.5478
ME	Kennebunkport	43.3923	-70.4729
ME	Kents Hill	44.4383	-70.0748
ME	Kingfield	44.9854	-70.1832
ME	Kingman	45.5984	-68.2366
ME	Kittery	43.0921	-70.7429
ME	Kittery Point	43.0976	-70.7121
ME	Lagrange	45.1789	-68.8345
ME	Lambert Lake	45.5458	-67.5275
ME	Lebanon	43.4103	-70.9110
ME	Lee	45.3635	-68.2909
ME	Leeds	44.2834	-70.1253
ME	Levant	44.8843	-68.9837
ME	Lewiston	44.0985	-70.1916
ME	Liberty	44.3741	-69.3306
ME	Limerick	43.6963	-70.7866
ME	Limestone	46.9248	-67.8451
ME	Limington	43.7260	-70.6752
ME	Lincoln	45.3508	-68.5077
ME	Lincolnville	44.3048	-69.0824
ME	Lincolnville Center	44.2978	-69.1081
ME	Lisbon	44.0255	-70.1139
ME	Lisbon Falls	43.9978	-70.0734
ME	Litchfield	44.1634	-69.9581
ME	Little Deer Isle	44.2852	-68.7067
ME	Livermore	44.3839	-70.2497
ME	Livermore Falls	44.4458	-70.1936
ME	Long Island	43.6920	-70.1551
ME	Lovell	44.1614	-70.9300
ME	Lubec	44.8348	-67.0460
ME	Machias	44.7215	-67.4820
ME	Machiasport	44.6820	-67.4073
ME	Madawaska	47.3294	-68.3328
ME	Madison	44.8096	-69.8449
ME	Manchester	44.3084	-69.8847
ME	Mapleton	46.6746	-68.1536
ME	Mars Hill	46.5223	-67.8630
ME	Matinicus	43.8650	-68.8875
ME	Mattawamkeag	45.5264	-68.3520
ME	Mechanic Falls	44.1000	-70.3682
ME	Meddybemps	45.0193	-67.3829
ME	Medway	45.6070	-68.5227
ME	Mexico	44.5628	-70.5358
ME	Milbridge	44.5366	-67.8844
ME	Milford	44.9393	-68.6296
ME	Millinocket	45.6596	-68.7101
ME	Milo	45.2507	-68.9771
ME	Minot	44.0856	-70.3206
ME	Monhegan	43.7642	-69.3164
ME	Monmouth	44.2208	-70.0263
ME	Monroe	44.5927	-69.0317
ME	Monson	45.2981	-69.4880
ME	Monticello	46.3007	-67.8414
ME	Moody	43.2750	-70.5975
ME	Morrill	44.4107	-69.1471
ME	Mount Desert	44.3115	-68.3523
ME	Mount Vernon	44.4993	-69.9903
ME	Naples	43.9681	-70.5988
ME	New Gloucester	43.9608	-70.2974
ME	New Harbor	43.8605	-69.5079
ME	New Limerick	46.1261	-67.8408
ME	New Portland	44.8856	-70.0929
ME	New Sharon	44.6458	-70.0139
ME	New Sweden	46.9559	-68.1154
ME	New Vineyard	44.7967	-70.1220
ME	Newcastle	44.0499	-69.5331
ME	Newfield	43.6481	-70.8475
ME	Newport	44.8393	-69.2675
ME	Newry	44.4079	-70.7926
ME	Nobleboro	44.0943	-69.4828
ME	Norridgewock	44.6899	-69.8306
ME	North Anson	44.8797	-69.9119
ME	North Berwick	43.3254	-70.7212
ME	North Bridgton	44.0986	-70.6992
ME	North Haven	44.1436	-68.8667
ME	North Jay	44.5472	-70.2386
ME	North Monmouth	44.2753	-70.0367
ME	North Turner	44.3350	-70.2561
ME	North Vassalboro	44.4777	-69.5781
ME	North Waterboro	43.6400	-70.7298
ME	North Waterford	44.2065	-70.7174
ME	North Yarmouth	43.8297	-70.2769
ME	Northeast Harbor	44.2942	-68.2903
ME	Norway	44.2127	-70.5601
ME	Oakfield	46.1088	-68.1298
ME	Oakland	44.5173	-69.7401
ME	Ocean Park	43.5006	-70.3867
ME	Ogunquit	43.2285	-70.5972
ME	Olamon	45.1208	-68.6111
ME	Old Orchard Beach	43.5174	-70.3921
ME	Old Town	44.9430	-68.6750
ME	Oquossoc	44.9664	-70.7742
ME	Orient	45.8056	-67.8377
ME	Orland	44.5458	-68.7313
ME	Orono	44.8831	-68.6725
ME	Orrington	44.7263	-68.7876
ME	Orrs Island	43.7727	-69.9668
ME	Owls Head	44.0732	-69.0894
ME	Oxbow	46.4020	-68.5218
ME	Oxford	44.1118	-70.5098
ME	Palermo	44.3843	-69.4334
ME	Palmyra	44.8576	-69.3811
ME	Paris	44.2597	-70.5011
ME	Parsonsfield	43.7854	-70.8927
ME	Passadumkeag	45.1837	-68.6043
ME	Patten	46.0132	-68.4647
ME	Peaks Island	43.6589	-70.1940
ME	Pemaquid	43.8924	-69.5289
ME	Pembroke	44.9654	-67.2002
ME	Penobscot	44.4344	-68.7574
ME	Perham	46.8442	-68.1978
ME	Perry	44.9888	-67.0929
ME	Peru	44.4944	-70.4435
ME	Phillips	44.8375	-70.3601
ME	Phippsburg	43.7688	-69.8150
ME	Pittsfield	44.7871	-69.4022
ME	Plymouth	44.7699	-69.2266
ME	Poland	44.0212	-70.3797
ME	Port Clyde	43.9272	-69.2533
ME	Portage	46.7753	-68.4877
ME	Porter	43.8262	-70.9243
ME	Portland	43.6606	-70.2589
ME	Pownal	43.8900	-70.1955
ME	Presque Isle	46.6842	-68.0118
ME	Princeton	45.2131	-67.6008
ME	Prospect Harbor	44.4195	-68.0279
ME	Randolph	44.2287	-69.7749
ME	Rangeley	44.9631	-70.6658
ME	Raymond	43.9219	-70.4498
ME	Readfield	44.4032	-69.9506
ME	Richmond	44.1042	-69.8211
ME	Robbinston	45.0670	-67.1433
ME	Rockland	44.1123	-69.1139
ME	Rockport	44.1888	-69.0901
ME	Rockwood	45.6593	-69.8224
ME	Round Pond	43.9250	-69.4662
ME	Roxbury	44.6566	-70.6092
ME	Rumford	44.5434	-70.5645
ME	Rumford Center	44.5923	-70.7001
ME	Sabattus	44.1133	-70.0748
ME	Saco	43.5209	-70.4546
ME	Saint Agatha	47.2387	-68.3232
ME	Saint Albans	44.9293	-69.3992
ME	Saint David	47.3343	-68.2314
ME	Saint Francis	47.1407	-68.9503
ME	Salsbury Cove	44.4306	-68.2842
ME	Sandy Point	44.5147	-68.8133
ME	Sanford	43.4285	-70.7585
ME	Sangerville	45.1406	-69.3218
ME	Sargentville	44.3345	-68.7052
ME	Scarborough	43.5781	-70.3222
ME	Seal Cove	44.2858	-68.3992
ME	Seal Harbor	44.3031	-68.2408
ME	Searsmont	44.3770	-69.2196
ME	Searsport	44.4877	-68.9311
ME	Sebago	43.8822	-70.6339
ME	Sebago Lake	43.7584	-70.5735
ME	Sebasco Estates	43.7693	-69.8576
ME	Sebec	45.3069	-69.0339
ME	Sedgwick	44.3355	-68.6377
ME	Shapleigh	43.5674	-70.8286
ME	Shawmut	44.6278	-69.5869
ME	Sheridan	46.6572	-68.4056
ME	Sherman	45.8777	-68.3696
ME	Shirley Mills	45.3656	-69.6186
ME	Sinclair	47.1744	-68.2679
ME	Skowhegan	44.7772	-69.6976
ME	Smithfield	44.6301	-69.8075
ME	Smyrna Mills	46.1464	-68.2064
ME	Solon	44.9676	-69.8330
ME	Sorrento	44.4907	-68.1787
ME	South Berwick	43.2292	-70.7859
ME	South Bristol	43.8677	-69.5614
ME	South Casco	43.8767	-70.5129
ME	South China	44.3953	-69.5804
ME	South Freeport	43.8197	-70.1100
ME	South Gardiner	44.1800	-69.7572
ME	South Paris	44.2167	-70.5012
ME	South Portland	43.6318	-70.2709
ME	South Thomaston	44.0378	-69.1359
ME	South Windham	43.8150	-70.4275
ME	Southport	43.8238	-69.6673
ME	Southwest Harbor	44.2823	-68.3265
ME	Springfield	45.4264	-68.1108
ME	Springvale	43.4715	-70.8064
ME	Spruce Head	44.0104	-69.1707
ME	Squirrel Island	43.8090	-69.6310
ME	Stacyville	45.8859	-68.4618
ME	Standish	43.8142	-70.4807
ME	Steep Falls	43.7571	-70.6456
ME	Stetson	44.8843	-69.1069
ME	Steuben	44.4971	-67.9503
ME	Stillwater	44.9083	-68.6869
ME	Stockholm	47.0643	-68.2086
ME	Stockton Springs	44.5141	-68.8560
ME	Stoneham	44.2382	-70.8529
ME	Stonington	44.1752	-68.6746
ME	Stratton	45.1232	-70.4319
ME	Strong	44.8224	-70.2221
ME	Sullivan	44.5203	-68.1972
ME	Sumner	44.3728	-70.4323
ME	Sunset	44.2174	-68.7070
ME	Surry	44.4883	-68.5063
ME	Swans Island	44.1450	-68.4522
ME	Temple	44.6954	-70.2426
ME	Tenants Harbor	43.9555	-69.2315
ME	Thomaston	44.0846	-69.1888
ME	Thorndike	44.5744	-69.2487
ME	Topsfield	45.4304	-67.7473
ME	Topsham	43.9413	-69.9645
ME	Trevett	43.8935	-69.6746
ME	Troy	44.6757	-69.2549
ME	Turner	44.2557	-70.2494
ME	Union	44.2424	-69.2524
ME	Unity	44.6007	-69.3328
ME	Van Buren	47.1589	-67.9459
ME	Vanceboro	45.5588	-67.4634
ME	Vassalboro	44.4405	-69.6519
ME	Vienna	44.5333	-69.9853
ME	Vinalhaven	44.0397	-68.8368
ME	Waite	45.3577	-67.6428
ME	Waldoboro	44.1046	-69.3745
ME	Wallagrass	47.1515	-68.5981
ME	Walpole	43.9462	-69.5516
ME	Warren	44.1271	-69.2479
ME	Washburn	46.7883	-68.1338
ME	Washington	44.2693	-69.3842
ME	Waterboro	43.5661	-70.7431
ME	Waterford	44.1814	-70.7178
ME	Waterville	44.5480	-69.6359
ME	Wayne	44.3493	-70.0712
ME	Weld	44.7016	-70.4249
ME	Wells	43.3144	-70.5969
ME	Wesley	44.7150	-67.4619
ME	West Baldwin	43.8299	-70.7490
ME	West Bethel	44.4019	-70.8617
ME	West Boothbay Harbor	43.8489	-69.6439
ME	West Enfield	45.1878	-68.4683
ME	West Farmington	44.6628	-70.1558
ME	West Forks	45.3839	-69.9841
ME	West Kennebunk	43.4086	-70.5819
ME	West Minot	44.1711	-70.3664
ME	West Newfield	43.6434	-70.9135
ME	West Paris	44.3253	-70.5732
ME	West Poland	44.0472	-70.4502
ME	West Rockport	44.1820	-69.1510
ME	Westbrook	43.6843	-70.3580
ME	Westfield	46.5087	-67.8974
ME	Whitefield	44.2178	-69.6022
ME	Whiting	44.7908	-67.1761
ME	Wilton	44.5911	-70.2961
ME	Windham	43.7958	-70.4143
ME	Windsor	44.3009	-69.5806
ME	Winn	45.4568	-68.3575
ME	Winter Harbor	44.3900	-68.0843
ME	Winterport	44.6552	-68.8862
ME	Winthrop	44.3140	-69.9731
ME	Wiscasset	44.0074	-69.6826
ME	Woolwich	43.9503	-69.7891
ME	Wytopitlock	45.6645	-68.1055
ME	Yarmouth	43.8009	-70.1750
ME	York	43.1544	-70.6578
ME	York Beach	43.1714	-70.6094
ME	York Harbor	43.1367	-70.6461
MI	Acme	44.7719	-85.5014
MI	Ada	42.9566	-85.4810
MI	Addison	42.0036	-84.3122
MI	Adrian	41.9005	-84.0446
MI	Afton	45.3637	-84.4695
MI	Ahmeek	47.2989	-88.3964
MI	Akron	43.5844	-83.5393
MI	Alanson	45.4405	-84.7924
MI	Alba	44.9747	-84.9686
MI	Albion	42.2581	-84.7561
MI	Alden	44.8779	-85.2241
MI	Alger	44.1395	-84.1872
MI	Algonac	42.6307	-82.5602
MI	Allegan	42.5256	-85.8661
MI	Allen	41.9264	-84.7608
MI	Allen Park	42.2522	-83.2120
MI	Allendale	42.9711	-85.9249
MI	Allenton	42.9199	-82.8868
MI	Allouez	47.2872	-88.4094
MI	Alma	43.3809	-84.6635
MI	Almont	42.9260	-83.0362
MI	Alpena	45.0790	-83.4602
MI	Alpha	46.0439	-88.3769
MI	Alto	42.8243	-85.4256
MI	Amasa	46.2267	-88.4533
MI	Anchorville	42.7118	-82.7094
MI	Ann Arbor	42.2794	-83.7840
MI	Applegate	43.3619	-82.6479
MI	Arcadia	44.5232	-86.2061
MI	Argyle	43.5642	-82.9361
MI	Armada	42.8409	-82.8899
MI	Arnold	46.0508	-87.4919
MI	Ashley	43.1891	-84.4880
MI	Athens	42.1030	-85.2317
MI	Atlanta	44.9924	-84.1480
MI	Atlantic Mine	47.0937	-88.6613
MI	Atlas	42.9378	-83.5344
MI	Attica	43.0547	-83.1668
MI	Au Gres	44.0338	-83.7020
MI	Au Train	46.4282	-86.7793
MI	Auburn	43.6080	-84.1027
MI	Auburn Hills	42.6875	-83.2342
MI	Augusta	42.3563	-85.3540
MI	Avoca	43.0564	-82.6781
MI	Azalia	42.0189	-83.6658
MI	Bad Axe	43.8067	-83.0054
MI	Bailey	43.2768	-85.8313
MI	Baldwin	43.8894	-85.8819
MI	Bancroft	42.8820	-84.1207
MI	Bangor	42.3312	-86.1311
MI	Bannister	43.1615	-84.3597
MI	Baraga	46.7902	-88.4955
MI	Barbeau	46.2848	-84.2173
MI	Bark River	45.7054	-87.2405
MI	Baroda	41.9488	-86.4913
MI	Barryton	43.7507	-85.1547
MI	Barton City	44.7020	-83.5994
MI	Bath	42.8206	-84.4545
MI	Battle Creek	42.3053	-85.1389
MI	Bay City	43.6122	-83.9199
MI	Bay Port	43.8377	-83.3525
MI	Bay Shore	45.3181	-85.2583
MI	Bear Lake	44.4311	-86.1425
MI	Beaver Island	45.7221	-85.5316
MI	Beaverton	43.8866	-84.4241
MI	Bedford	42.3953	-85.2322
MI	Belding	43.0885	-85.2313
MI	Bellaire	44.9765	-85.2265
MI	Belleville	42.1949	-83.4854
MI	Bellevue	42.4525	-85.0489
MI	Belmont	43.0779	-85.5868
MI	Bentley	43.8860	-84.1447
MI	Benton Harbor	42.1086	-86.4234
MI	Benzonia	44.5955	-86.0961
MI	Bergland	46.5881	-89.5973
MI	Berkley	42.5028	-83.1887
MI	Berrien Center	41.9484	-86.2850
MI	Berrien Springs	41.9480	-86.3540
MI	Bessemer	46.4802	-90.0515
MI	Beulah	44.6460	-86.0383
MI	Big Bay	46.8158	-87.7283
MI	Big Rapids	43.6897	-85.4797
MI	Birch Run	43.2649	-83.7903
MI	Birmingham	42.5444	-83.2133
MI	Bitely	43.7321	-85.8778
MI	Black River	44.8138	-83.3407
MI	Blanchard	43.5228	-85.0589
MI	Blissfield	41.8276	-83.8773
MI	Bloomfield Hills	42.5450	-83.2771
MI	Bloomingdale	42.3842	-85.9568
MI	Boon	44.2916	-85.6144
MI	Boyne City	45.2052	-85.0183
MI	Boyne Falls	45.2116	-84.8916
MI	Bradley	42.6303	-85.6431
MI	Branch	43.9233	-86.1314
MI	Brant	43.2548	-84.2978
MI	Breckenridge	43.3935	-84.5023
MI	Breedsville	42.3464	-86.0731
MI	Brethren	44.2966	-85.9964
MI	Bridgeport	43.3553	-83.8549
MI	Bridgewater	42.1608	-83.9022
MI	Bridgman	41.9362	-86.5543
MI	Brighton	42.5294	-83.7803
MI	Brimley	46.4111	-84.5638
MI	Britton	41.9887	-83.8377
MI	Brohman	43.6853	-85.8158
MI	Bronson	41.8643	-85.1838
MI	Brooklyn	42.1044	-84.2414
MI	Brown City	43.2171	-82.9978
MI	Bruce Crossing	46.5280	-89.1680
MI	Brutus	45.5068	-84.7467
MI	Buchanan	41.8327	-86.3708
MI	Buckley	44.5199	-85.6935
MI	Burlington	42.1239	-85.1050
MI	Burnips	42.7319	-85.8394
MI	Burr Oak	41.8459	-85.3345
MI	Burt	43.2404	-83.9511
MI	Burt Lake	45.4408	-84.7111
MI	Burton	43.0245	-83.6063
MI	Byron	42.8059	-83.9730
MI	Byron Center	42.8016	-85.7136
MI	Cadillac	44.2504	-85.4300
MI	Caledonia	42.7964	-85.5622
MI	Calumet	47.2427	-88.4427
MI	Camden	41.7361	-84.7245
MI	Cannonsburg	43.0539	-85.4697
MI	Canton	42.3320	-83.4695
MI	Capac	43.0200	-82.9252
MI	Carleton	42.0529	-83.3755
MI	Carney	45.5917	-87.5439
MI	Caro	43.4833	-83.3835
MI	Carp Lake	45.7424	-84.7735
MI	Carrollton	43.4586	-83.9303
MI	Carson City	43.1695	-84.8653
MI	Carsonville	43.4258	-82.6022
MI	Casco	42.7681	-82.6703
MI	Caseville	43.9429	-83.2659
MI	Casnovia	43.2381	-85.8254
MI	Caspian	46.0642	-88.6314
MI	Cass City	43.5797	-83.1733
MI	Cassopolis	41.8968	-85.9923
MI	Cedar	44.8370	-85.7453
MI	Cedar Lake	43.4061	-84.9750
MI	Cedar Springs	43.2215	-85.5452
MI	Cedarville	46.0024	-84.3488
MI	Cement City	42.0604	-84.3254
MI	Center Line	42.4788	-83.0248
MI	Central Lake	45.0748	-85.2673
MI	Centreville	41.9217	-85.4963
MI	Ceresco	42.2127	-85.1128
MI	Champion	46.4685	-87.8306
MI	Channing	46.1546	-88.0772
MI	Charlevoix	45.2993	-85.2453
MI	Charlotte	42.5702	-84.8352
MI	Chase	43.8682	-85.6196
MI	Chassell	47.0020	-88.5546
MI	Chatham	46.2948	-86.7589
MI	Cheboygan	45.6080	-84.4867
MI	Chelsea	42.3207	-84.0334
MI	Chesaning	43.1824	-84.1122
MI	Chippewa Lake	43.7439	-85.2972
MI	Clare	43.8223	-84.7635
MI	Clarklake	42.1235	-84.3521
MI	Clarkston	42.7216	-83.4057
MI	Clarksville	42.8302	-85.2494
MI	Clawson	42.5365	-83.1503
MI	Clayton	41.8686	-84.1775
MI	Clifford	43.3100	-83.1741
MI	Climax	42.2340	-85.3238
MI	Clinton	42.0639	-83.9442
MI	Clinton Township	42.5565	-82.9090
MI	Clio	43.1779	-83.7249
MI	Cloverdale	42.6367	-85.3086
MI	Cohoctah	42.7597	-83.9486
MI	Coldwater	41.9255	-85.0057
MI	Coleman	43.7494	-84.5911
MI	Coloma	42.2030	-86.3225
MI	Colon	41.9576	-85.3306
MI	Columbiaville	43.1503	-83.3811
MI	Columbus	42.8519	-82.6825
MI	Comins	44.8264	-84.0261
MI	Commerce Township	42.5894	-83.4947
MI	Comstock	42.2867	-85.5133
MI	Comstock Park	43.0578	-85.6845
MI	Concord	42.1875	-84.6529
MI	Conklin	43.1494	-85.8538
MI	Constantine	41.8460	-85.6571
MI	Conway	45.4167	-84.8669
MI	Cooks	45.8997	-86.5307
MI	Coopersville	43.0601	-85.9517
MI	Copemish	44.4503	-85.8879
MI	Copper City	47.2836	-88.3869
MI	Copper Harbor	47.2467	-88.4539
MI	Coral	43.3645	-85.3792
MI	Cornell	45.9104	-87.2237
MI	Corunna	43.0414	-84.0276
MI	Covert	42.2911	-86.2743
MI	Covington	46.5572	-88.5245
MI	Cross Village	45.6422	-85.0375
MI	Croswell	43.2622	-82.6337
MI	Crystal	43.2624	-84.8993
MI	Crystal Falls	46.1093	-88.3505
MI	Curran	44.7336	-83.8320
MI	Curtis	46.2048	-85.7865
MI	Custer	43.9442	-86.2204
MI	Dafter	46.3492	-84.3997
MI	Daggett	45.4887	-87.6079
MI	Dansville	42.5505	-84.2939
MI	Davisburg	42.7541	-83.5200
MI	Davison	43.0348	-83.5268
MI	De Tour Village	45.9939	-83.9396
MI	Dearborn	42.3053	-83.1605
MI	Dearborn Heights	42.2768	-83.2606
MI	Decatur	42.1012	-86.0338
MI	Decker	43.4775	-83.0638
MI	Deckerville	43.5151	-82.7191
MI	Deerfield	41.8909	-83.7847
MI	Deerton	46.4840	-87.0406
MI	Deford	43.4735	-83.1702
MI	Delton	42.5141	-85.4067
MI	Detroit	42.3474	-83.0604
MI	Dewitt	42.8428	-84.5797
MI	Dexter	42.3583	-83.9000
MI	Dimondale	42.6501	-84.6486
MI	Dodgeville	47.0914	-88.5809
MI	Dollar Bay	47.1197	-88.5114
MI	Dorr	42.7231	-85.7628
MI	Douglas	42.6433	-86.2006
MI	Dowagiac	41.9910	-86.1168
MI	Dowling	42.5015	-85.2495
MI	Drayton Plains	42.6842	-83.3772
MI	Drummond Island	46.0055	-83.7367
MI	Dryden	42.9378	-83.1501
MI	Dundee	41.9514	-83.6522
MI	Durand	42.9117	-83.9877
MI	Eagle	42.8263	-84.7590
MI	East China	42.7789	-82.5342
MI	East Jordan	45.1539	-85.1387
MI	East Lansing	42.7388	-84.4764
MI	East Leroy	42.1961	-85.2311
MI	East Tawas	44.3008	-83.4776
MI	Eastlake	44.2444	-86.2961
MI	Eastpointe	42.4658	-82.9459
MI	Eastport	45.1072	-85.3500
MI	Eaton Rapids	42.5166	-84.6565
MI	Eau Claire	42.0151	-86.2972
MI	Eben Junction	46.3517	-87.0328
MI	Eckerman	46.3466	-85.1626
MI	Ecorse	42.2519	-83.1489
MI	Edenville	43.8028	-84.3962
MI	Edmore	43.4116	-85.0280
MI	Edwardsburg	41.7913	-86.0263
MI	Elberta	44.6194	-86.2264
MI	Elk Rapids	44.8955	-85.4082
MI	Elkton	43.8344	-83.1786
MI	Ellsworth	45.1599	-85.2633
MI	Elm Hall	43.3650	-84.8353
MI	Elmira	45.0346	-84.8303
MI	Elsie	43.0869	-84.3910
MI	Elwell	43.4106	-84.7631
MI	Emmett	42.9872	-82.7854
MI	Empire	44.8411	-85.9925
MI	Engadine	46.2040	-85.6005
MI	Erie	41.7829	-83.4958
MI	Escanaba	45.7659	-87.0890
MI	Essexville	43.6069	-83.8217
MI	Eureka	43.1036	-84.5139
MI	Evart	43.8888	-85.2649
MI	Ewen	46.5404	-89.3145
MI	Fair Haven	42.6807	-82.6377
MI	Fairgrove	43.5126	-83.5835
MI	Fairview	44.7205	-84.0525
MI	Falmouth	44.2529	-85.0170
MI	Farmington	42.5100	-83.4054
MI	Farwell	43.8342	-84.8754
MI	Felch	45.8203	-88.0658
MI	Fennville	42.5777	-86.1249
MI	Fenton	42.7851	-83.7294
MI	Fenwick	43.1497	-85.0666
MI	Ferndale	42.4586	-83.1363
MI	Ferrysburg	43.0844	-86.2203
MI	Fife Lake	44.5721	-85.2531
MI	Filer City	44.2153	-86.2872
MI	Filion	43.9014	-82.9825
MI	Flat Rock	42.1055	-83.2795
MI	Flint	43.0233	-83.6856
MI	Flushing	43.0720	-83.8424
MI	Forestville	43.6619	-82.6094
MI	Fort Gratiot	43.0719	-82.4958
MI	Foster City	46.0048	-87.8048
MI	Fostoria	43.2645	-83.3796
MI	Fountain	44.0363	-86.2169
MI	Fowler	42.9941	-84.7600
MI	Fowlerville	42.6614	-84.0721
MI	Frankenmuth	43.3410	-83.7475
MI	Frankfort	44.6311	-86.2212
MI	Franklin	42.5219	-83.2519
MI	Fraser	42.5423	-82.9470
MI	Frederic	44.8382	-84.6824
MI	Free Soil	44.1120	-86.2652
MI	Freeland	43.5161	-84.1822
MI	Freeport	42.7297	-85.2791
MI	Fremont	43.4652	-85.9626
MI	Frontier	41.7817	-84.6047
MI	Fruitport	43.1443	-86.1388
MI	Fulton	42.1391	-85.3227
MI	Gaastra	46.0526	-88.5917
MI	Gagetown	43.6543	-83.2628
MI	Gaines	42.8813	-83.8855
MI	Galesburg	42.2948	-85.4237
MI	Galien	41.8198	-86.5035
MI	Garden	45.7549	-86.5776
MI	Garden City	42.3242	-83.3402
MI	Gaylord	45.0275	-84.6747
MI	Genesee	43.1125	-83.6178
MI	Germfask	46.2363	-85.9159
MI	Gilford	43.4942	-83.6219
MI	Gladstone	45.8564	-87.0273
MI	Gladwin	44.0296	-84.4968
MI	Glen Arbor	44.8429	-86.0353
MI	Glenn	42.5203	-86.2275
MI	Glennie	44.5582	-83.6899
MI	Gobles	42.3702	-85.8536
MI	Goetzville	46.1010	-84.0593
MI	Good Hart	45.5672	-85.1131
MI	Goodells	43.0001	-82.6217
MI	Goodrich	42.9147	-83.4845
MI	Gould City	46.1345	-85.7259
MI	Gowen	43.2239	-85.3159
MI	Grand Blanc	42.9282	-83.6264
MI	Grand Haven	43.0378	-86.1912
MI	Grand Junction	42.3761	-86.0541
MI	Grand Ledge	42.7529	-84.7373
MI	Grand Marais	46.6529	-85.9836
MI	Grand Rapids	42.9704	-85.6738
MI	Grandville	42.8939	-85.7619
MI	Grant	43.3392	-85.8368
MI	Grass Lake	42.2711	-84.1940
MI	Grawn	44.6428	-85.7113
MI	Grayling	44.6710	-84.6913
MI	Greenbush	44.5480	-83.3269
MI	Greenland	46.7794	-89.1017
MI	Greenville	43.1793	-85.2497
MI	Gregory	42.4507	-84.0466
MI	Grosse Ile	42.1347	-83.1538
MI	Grosse Pointe	42.3847	-82.9244
MI	Gulliver	46.0115	-86.0214
MI	Gwinn	46.2919	-87.4302
MI	Hadley	42.9544	-83.4033
MI	Hagar Shores	42.1861	-86.3083
MI	Hale	44.3819	-83.8359
MI	Hamburg	42.4486	-83.8017
MI	Hamilton	42.6881	-85.9747
MI	Hamtramck	42.4081	-83.0583
MI	Hancock	47.1367	-88.5654
MI	Hanover	42.1025	-84.5848
MI	Harbert	41.8719	-86.6289
MI	Harbor Beach	43.8312	-82.6886
MI	Harbor Springs	45.4645	-84.9803
MI	Harper Woods	42.4377	-82.9289
MI	Harrietta	44.2972	-85.7396
MI	Harris	45.7036	-87.3453
MI	Harrison	44.0285	-84.7729
MI	Harrison Township	42.6027	-82.8364
MI	Harrisville	44.6546	-83.3424
MI	Harsens Island	42.5850	-82.5860
MI	Hart	43.7068	-86.3142
MI	Hartford	42.2088	-86.1687
MI	Hartland	42.6356	-83.7147
MI	Haslett	42.7531	-84.3989
MI	Hastings	42.6430	-85.2937
MI	Hawks	45.2975	-83.8542
MI	Hazel Park	42.4608	-83.0982
MI	Hemlock	43.4099	-84.2266
MI	Henderson	43.0817	-84.1858
MI	Hermansville	45.7149	-87.6227
MI	Herron	45.0124	-83.6535
MI	Hersey	43.8481	-85.4059
MI	Hesperia	43.5965	-86.0607
MI	Hessel	46.0042	-84.4258
MI	Hickory Corners	42.4237	-85.3998
MI	Higgins Lake	44.4836	-84.7797
MI	Highland	42.6692	-83.5895
MI	Highland Park	42.4212	-83.1009
MI	Hillman	45.0691	-83.9468
MI	Hillsdale	41.9240	-84.6208
MI	Holland	42.7875	-86.1089
MI	Holly	42.7905	-83.6127
MI	Holt	42.6394	-84.5242
MI	Holton	43.4415	-86.1509
MI	Homer	42.1416	-84.8157
MI	Honor	44.6954	-86.0376
MI	Hope	43.7882	-84.3296
MI	Hopkins	42.6421	-85.7322
MI	Horton	42.1191	-84.4976
MI	Houghton	47.1158	-88.5580
MI	Houghton Lake	44.3413	-84.7422
MI	Houghton Lake Heights	44.3275	-84.7744
MI	Howard City	43.4083	-85.4856
MI	Howell	42.6159	-83.9248
MI	Hubbard Lake	44.8947	-83.6059
MI	Hubbardston	43.0828	-84.8173
MI	Hubbell	47.1733	-88.4292
MI	Hudson	41.8581	-84.3380
MI	Hudsonville	42.8748	-85.8751
MI	Hulbert	46.3542	-85.1500
MI	Huntington Woods	42.4825	-83.1749
MI	Ida	41.8549	-83.5916
MI	Idlewild	43.9126	-85.7160
MI	Imlay City	43.0425	-83.0708
MI	Indian River	45.4270	-84.5956
MI	Ingalls	45.3748	-87.6206
MI	Inkster	42.2940	-83.3146
MI	Interlochen	44.6518	-85.8022
MI	Ionia	42.9859	-85.0710
MI	Iron Mountain	45.8219	-88.0683
MI	Iron River	46.0930	-88.6460
MI	Irons	44.0966	-85.9390
MI	Ironwood	46.4638	-90.1588
MI	Ishpeming	46.4902	-87.6826
MI	Ithaca	43.2828	-84.6088
MI	Jackson	42.2545	-84.3875
MI	Jamestown	42.8256	-85.8425
MI	Jasper	41.7590	-83.9515
MI	Jeddo	43.1346	-82.5547
MI	Jenison	42.9104	-85.8276
MI	Jerome	42.0484	-84.4455
MI	Johannesburg	45.0152	-84.3857
MI	Jones	41.9129	-85.8341
MI	Jonesville	41.9798	-84.6451
MI	Kalamazoo	42.2736	-85.5457
MI	Kaleva	44.3692	-86.0467
MI	Kalkaska	44.7355	-85.1207
MI	Kawkawlin	43.6794	-83.9927
MI	Kearsarge	47.2750	-88.4161
MI	Keego Harbor	42.6104	-83.3396
MI	Kendall	42.3617	-85.8133
MI	Kent City	43.2362	-85.7399
MI	Kewadin	45.0126	-85.3539
MI	Kincheloe	46.3663	-84.8461
MI	Kinde	43.9480	-82.9755
MI	Kingsford	45.7950	-88.0719
MI	Kingsley	44.5756	-85.5262
MI	Kingston	43.3982	-83.1847
MI	Kinross	46.4166	-84.7511
MI	La Salle	41.8585	-83.4715
MI	Lachine	45.0429	-83.7491
MI	Lacota	42.4136	-86.1297
MI	Laingsburg	42.8627	-84.3530
MI	Lake	43.8502	-84.9786
MI	Lake Ann	44.7317	-85.8528
MI	Lake City	44.3619	-85.2074
MI	Lake George	43.9633	-84.9469
MI	Lake Leelanau	44.9856	-85.7329
MI	Lake Linden	47.1714	-88.4118
MI	Lake Odessa	42.7863	-85.1357
MI	Lake Orion	42.7208	-83.2917
MI	Lakeland	42.4633	-83.8442
MI	Lakeside	41.8485	-86.6694
MI	Lakeview	43.4269	-85.2924
MI	Lakeville	42.8214	-83.1503
MI	Lambertville	41.7531	-83.6259
MI	Lamont	43.0086	-85.9061
MI	Lanse	46.7704	-88.4210
MI	Lansing	42.7335	-84.6391
MI	Lapeer	43.0579	-83.3332
MI	Lawrence	42.2076	-86.0525
MI	Lawton	42.1545	-85.8290
MI	Leland	45.0102	-86.0929
MI	Lennon	42.9693	-83.9279
MI	Leonard	42.8364	-83.1381
MI	Leonidas	42.0294	-85.3497
MI	Leroy	44.0457	-85.4300
MI	Leslie	42.4603	-84.4207
MI	Levering	45.6377	-84.7986
MI	Lewiston	44.8538	-84.2973
MI	Lexington	43.2435	-82.5301
MI	Lincoln	44.7111	-83.3947
MI	Lincoln Park	42.2422	-83.1807
MI	Linden	42.8104	-83.7993
MI	Linwood	43.7374	-84.0133
MI	Litchfield	42.0540	-84.6361
MI	Little Lake	46.0537	-87.4114
MI	Livonia	42.3615	-83.3649
MI	Long Lake	44.4485	-83.8171
MI	Loretto	45.7772	-87.8150
MI	Lowell	42.9550	-85.3653
MI	Ludington	43.9688	-86.4403
MI	Luna Pier	41.8154	-83.4362
MI	Lupton	44.3976	-83.9905
MI	Luther	44.0545	-85.6826
MI	Luzerne	44.6296	-84.2467
MI	Lyons	42.9634	-84.9209
MI	Macatawa	42.7697	-86.2061
MI	Mackinac Island	45.8578	-84.6245
MI	Mackinaw City	45.7839	-84.7278
MI	Macomb	42.7008	-82.9592
MI	Madison Heights	42.5016	-83.1027
MI	Mancelona	44.9116	-85.0634
MI	Manchester	42.1555	-84.0332
MI	Manistee	44.2283	-86.2850
MI	Manistique	45.9830	-86.2755
MI	Manitou Beach	41.9671	-84.2767
MI	Manton	44.4152	-85.4202
MI	Maple City	44.8590	-85.8814
MI	Maple Rapids	43.1047	-84.6919
MI	Marcellus	42.0275	-85.7988
MI	Marenisco	46.3551	-89.6774
MI	Marine City	42.7213	-82.5140
MI	Marion	44.0463	-85.1550
MI	Marlette	43.3399	-83.0573
MI	Marne	43.0532	-85.8420
MI	Marquette	46.5312	-87.3894
MI	Marshall	42.2720	-84.9583
MI	Martin	42.5483	-85.6106
MI	Marysville	42.9135	-82.4813
MI	Mason	42.5796	-84.4561
MI	Mass City	46.7474	-89.0649
MI	Mattawan	42.2451	-85.7943
MI	Maybee	42.0288	-83.5179
MI	Mayfield	44.6261	-85.5286
MI	Mayville	43.3562	-83.3725
MI	Mc Bain	44.2172	-85.2283
MI	Mc Millan	46.2970	-85.7307
MI	Mcbrides	43.3542	-85.0428
MI	Mears	43.6825	-86.4533
MI	Mecosta	43.6813	-85.2280
MI	Melvin	43.1930	-82.8393
MI	Melvindale	42.2812	-83.1826
MI	Memphis	42.9060	-82.7696
MI	Mendon	42.0143	-85.4727
MI	Menominee	45.1343	-87.6215
MI	Merrill	43.3939	-84.3308
MI	Merritt	44.3684	-85.0155
MI	Mesick	44.4075	-85.7061
MI	Metamora	42.9424	-83.3184
MI	Michigamme	46.6681	-87.8924
MI	Michigan Center	42.2263	-84.3213
MI	Middleton	43.1689	-84.7552
MI	Middleville	42.6932	-85.4759
MI	Midland	43.6376	-84.2680
MI	Mikado	44.5833	-83.4355
MI	Milan	42.0914	-83.6776
MI	Milford	42.6020	-83.6508
MI	Millersburg	45.4022	-84.1222
MI	Millington	43.2718	-83.5619
MI	Minden City	43.6814	-82.7299
MI	Mio	44.6665	-84.1353
MI	Mohawk	47.3201	-88.3326
MI	Moline	42.7392	-85.6639
MI	Monroe	41.9275	-83.4048
MI	Montague	43.4242	-86.3740
MI	Montgomery	41.7928	-84.8496
MI	Montrose	43.1754	-83.8824
MI	Moran	46.0441	-85.0078
MI	Morenci	41.7386	-84.2192
MI	Morley	43.5060	-85.4473
MI	Morrice	42.8385	-84.1768
MI	Moscow	42.0494	-84.5100
MI	Mosherville	42.0603	-84.6594
MI	Mount Clemens	42.5776	-82.8941
MI	Mount Morris	43.1160	-83.6895
MI	Mount Pleasant	43.6025	-84.7752
MI	Muir	43.0439	-84.9391
MI	Mullett Lake	45.5358	-84.5167
MI	Mulliken	42.7377	-84.8979
MI	Munger	43.5286	-83.7672
MI	Munising	46.4139	-86.6268
MI	Munith	42.3703	-84.2485
MI	Muskegon	43.2326	-86.2492
MI	Nadeau	45.6089	-87.5528
MI	Nahma	45.8417	-86.6639
MI	Napoleon	42.1606	-84.2461
MI	Nashville	42.5937	-85.1220
MI	National City	44.3137	-83.6839
MI	National Mine	46.4886	-87.6675
MI	Naubinway	46.1260	-85.4462
MI	Nazareth	42.3519	-85.5264
MI	Negaunee	46.5007	-87.5829
MI	New Baltimore	42.6753	-82.7801
MI	New Boston	42.1449	-83.3589
MI	New Buffalo	41.7856	-86.7466
MI	New Era	43.5556	-86.3448
MI	New Haven	42.7330	-82.8202
MI	New Hudson	42.5076	-83.6342
MI	New Lothrop	43.1388	-83.9851
MI	New Troy	41.8764	-86.5497
MI	Newaygo	43.4198	-85.7594
MI	Newberry	46.3438	-85.5150
MI	Newport	41.9766	-83.2804
MI	Niles	41.8202	-86.2368
MI	Nisula	46.7695	-88.8340
MI	North Adams	41.9715	-84.5208
MI	North Branch	43.2069	-83.2267
MI	North Star	43.2483	-84.5433
MI	North Street	43.0269	-82.5383
MI	Northport	45.1157	-85.6173
MI	Northville	42.4262	-83.4794
MI	Norvell	42.1575	-84.1842
MI	Norway	45.7862	-87.9047
MI	Nottawa	41.9189	-85.4489
MI	Novi	42.4735	-83.5224
MI	Nunica	43.0883	-86.1028
MI	Oak Park	42.4662	-83.1840
MI	Oakland	42.7732	-83.1711
MI	Oakley	43.1505	-84.2094
MI	Oden	45.4236	-84.8281
MI	Okemos	42.7222	-84.4275
MI	Old Mission	44.9622	-85.4853
MI	Olivet	42.4459	-84.8973
MI	Omena	45.0556	-85.5889
MI	Omer	44.0499	-83.8430
MI	Onaway	45.3365	-84.2123
MI	Onekama	44.3646	-86.2100
MI	Onondaga	42.4487	-84.5535
MI	Onsted	42.0295	-84.1839
MI	Ontonagon	46.8275	-89.3485
MI	Orleans	43.0895	-85.1165
MI	Ortonville	42.8409	-83.4288
MI	Oscoda	44.4465	-83.3619
MI	Oshtemo	42.2589	-85.6775
MI	Osseo	41.8384	-84.5974
MI	Ossineke	44.9104	-83.4592
MI	Otisville	43.1706	-83.5172
MI	Otsego	42.4723	-85.7035
MI	Ottawa Lake	41.7683	-83.6856
MI	Otter Lake	43.2183	-83.4242
MI	Ovid	42.9969	-84.3649
MI	Owendale	43.7206	-83.2307
MI	Owosso	42.9934	-84.1595
MI	Oxford	42.8265	-83.2005
MI	Painesdale	47.0433	-88.6722
MI	Palmer	46.4408	-87.5931
MI	Palms	43.6257	-82.7017
MI	Palmyra	41.8730	-83.9657
MI	Palo	43.1125	-84.9856
MI	Paradise	46.5983	-85.0562
MI	Paris	43.7677	-85.5213
MI	Parma	42.2739	-84.5999
MI	Paw Paw	42.2349	-85.9005
MI	Pearces	42.6323	-83.9167
MI	Peck	43.2694	-82.8193
MI	Pelkie	46.7949	-88.6251
MI	Pellston	45.5703	-84.8425
MI	Pentwater	43.8237	-86.3868
MI	Perkins	45.9778	-87.0717
MI	Perrinton	43.1649	-84.6660
MI	Perronville	45.8264	-87.3989
MI	Perry	42.8200	-84.2313
MI	Petersburg	41.8757	-83.6877
MI	Petoskey	45.3613	-84.9403
MI	Pewamo	43.0007	-84.8492
MI	Pickford	46.1559	-84.3663
MI	Pierson	43.3355	-85.5134
MI	Pigeon	43.8179	-83.2755
MI	Pinckney	42.4596	-83.9099
MI	Pinconning	43.8491	-84.0082
MI	Pittsford	41.8963	-84.4440
MI	Plainwell	42.4544	-85.5994
MI	Pleasant Lake	42.3903	-84.3428
MI	Pleasant Ridge	42.4710	-83.1438
MI	Plymouth	42.3688	-83.4799
MI	Pointe Aux Pins	45.7549	-84.4470
MI	Pompeii	43.1839	-84.6008
MI	Pontiac	42.6680	-83.2893
MI	Port Austin	44.0223	-82.9984
MI	Port Hope	43.9280	-82.7529
MI	Port Huron	42.9958	-82.4599
MI	Port Sanilac	43.4329	-82.5468
MI	Portage	42.2075	-85.5957
MI	Portland	42.8624	-84.9139
MI	Posen	45.2233	-83.6393
MI	Potterville	42.6398	-84.7346
MI	Powers	45.6792	-87.5319
MI	Prescott	44.2100	-84.0212
MI	Presque Isle	45.3042	-83.4769
MI	Prudenville	44.2974	-84.6627
MI	Pullman	42.4651	-86.0799
MI	Quincy	41.9707	-84.8493
MI	Quinnesec	45.7999	-87.9922
MI	Ralph	46.1086	-87.7836
MI	Ramsay	46.4703	-89.9964
MI	Rapid City	44.8449	-85.2943
MI	Rapid River	45.9107	-86.8845
MI	Ravenna	43.2091	-85.9648
MI	Ray	42.7853	-82.9319
MI	Reading	41.8442	-84.7648
MI	Redford	42.3756	-83.2889
MI	Reed City	43.8868	-85.5130
MI	Reese	43.4531	-83.7015
MI	Remus	43.6032	-85.1574
MI	Republic	46.3680	-87.9938
MI	Rhodes	43.8517	-84.2134
MI	Richland	42.3757	-85.4447
MI	Richmond	42.8127	-82.7301
MI	Richville	43.4092	-83.6772
MI	Riga	41.7953	-83.8011
MI	River Rouge	42.2692	-83.1364
MI	Riverdale	43.4098	-84.8266
MI	Riverside	42.1833	-86.3828
MI	Riverview	42.1733	-83.2131
MI	Rives Junction	42.3887	-84.4589
MI	Rochester	42.7107	-83.1642
MI	Rock	46.0503	-87.1331
MI	Rockford	43.1152	-85.5136
MI	Rockland	46.7381	-89.1794
MI	Rockwood	42.0792	-83.2162
MI	Rodney	43.7379	-85.3219
MI	Rogers City	45.4123	-83.8355
MI	Romeo	42.8035	-83.0192
MI	Romulus	42.2203	-83.3583
MI	Roscommon	44.4839	-84.6601
MI	Rose City	44.4167	-84.1256
MI	Rosebush	43.6843	-84.7833
MI	Roseville	42.5034	-82.9387
MI	Rothbury	43.5116	-86.3446
MI	Royal Oak	42.4906	-83.1366
MI	Rudyard	46.2006	-84.5493
MI	Rumely	46.3419	-86.9351
MI	Ruth	43.7404	-82.7414
MI	Saginaw	43.4047	-83.9156
MI	Sagola	46.0813	-88.0676
MI	Saint Charles	43.2863	-84.1598
MI	Saint Clair	42.8255	-82.5133
MI	Saint Clair Shores	42.4635	-82.9007
MI	Saint Helen	44.3665	-84.4247
MI	Saint Ignace	45.9215	-84.7094
MI	Saint Johns	43.0059	-84.5719
MI	Saint Joseph	42.0640	-86.4783
MI	Saint Louis	43.4278	-84.5952
MI	Salem	42.4061	-83.5800
MI	Saline	42.1698	-83.7849
MI	Samaria	41.8081	-83.5783
MI	Sand Creek	41.7793	-84.0755
MI	Sand Lake	43.2981	-85.5367
MI	Sandusky	43.4055	-82.8409
MI	Sanford	43.7204	-84.3954
MI	Saranac	42.9285	-85.2299
MI	Saugatuck	42.6426	-86.1941
MI	Sault Sainte Marie	46.4739	-84.3467
MI	Sawyer	41.8829	-86.5885
MI	Schoolcraft	42.1329	-85.6637
MI	Scotts	42.1819	-85.4685
MI	Scottville	43.9767	-86.3156
MI	Sears	43.9017	-85.1882
MI	Sebewaing	43.7289	-83.4366
MI	Seney	46.3880	-85.9708
MI	Shaftsburg	42.8047	-84.2931
MI	Shelby	43.6079	-86.3615
MI	Shelbyville	42.5936	-85.6282
MI	Shepherd	43.5657	-84.5873
MI	Sheridan	43.2126	-85.0468
MI	Sherwood	42.0107	-85.2408
MI	Shingleton	46.3512	-86.4823
MI	Sidnaw	46.5047	-88.7083
MI	Sidney	43.2358	-85.1207
MI	Silverwood	43.3141	-83.2720
MI	Six Lakes	43.4337	-85.1416
MI	Skandia	46.3490	-87.2481
MI	Skanee	46.8747	-88.1732
MI	Smiths Creek	42.9221	-82.5745
MI	Smyrna	43.0594	-85.2628
MI	Snover	43.4886	-82.9301
MI	Sodus	42.0521	-86.3921
MI	Somerset	42.0447	-84.3947
MI	Somerset Center	42.0511	-84.4136
MI	South Boardman	44.6401	-85.2472
MI	South Branch	44.5014	-83.8686
MI	South Haven	42.4041	-86.2542
MI	South Lyon	42.4567	-83.6590
MI	South Range	47.0700	-88.6431
MI	South Rockwood	42.0624	-83.2663
MI	Southfield	42.4630	-83.2880
MI	Southgate	42.2044	-83.1999
MI	Spalding	45.6957	-87.4964
MI	Sparta	43.1619	-85.6877
MI	Spring Arbor	42.2069	-84.5501
MI	Spring Lake	43.0887	-86.1915
MI	Springport	42.3805	-84.7039
MI	Spruce	44.8224	-83.5044
MI	Stambaugh	46.0811	-88.6269
MI	Standish	43.9733	-83.9433
MI	Stanton	43.3058	-85.0995
MI	Stanwood	43.6017	-85.4446
MI	Stephenson	45.4166	-87.6258
MI	Sterling	44.0678	-84.0126
MI	Sterling Heights	42.5648	-83.0701
MI	Stevensville	42.0220	-86.5119
MI	Stockbridge	42.4604	-84.1752
MI	Strongs	46.3653	-85.0353
MI	Sturgis	41.8089	-85.4264
MI	Sumner	43.3091	-84.7907
MI	Sunfield	42.7693	-84.9813
MI	Suttons Bay	44.9656	-85.6423
MI	Swartz Creek	42.9468	-83.8170
MI	Sylvan Beach	43.4100	-86.3486
MI	Tawas City	44.2675	-83.5449
MI	Taylor	42.2317	-83.2673
MI	Tecumseh	41.9953	-83.9555
MI	Tekonsha	42.0863	-84.9926
MI	Temperance	41.7682	-83.5797
MI	Thompsonville	44.5198	-85.9460
MI	Three Oaks	41.8150	-86.6154
MI	Three Rivers	41.9596	-85.6371
MI	Tipton	42.0369	-84.0768
MI	Toivola	46.9854	-88.8607
MI	Topinabee	45.4839	-84.5953
MI	Tower	45.3416	-84.3035
MI	Traverse City	44.7437	-85.6189
MI	Trenary	46.1947	-86.9502
MI	Trenton	42.1343	-83.2181
MI	Trout Creek	46.4864	-89.0270
MI	Trout Lake	46.1936	-85.0189
MI	Troy	42.5609	-83.1471
MI	Trufant	43.3156	-85.3685
MI	Turner	44.1054	-83.6507
MI	Tuscola	43.3264	-83.6572
MI	Tustin	44.1072	-85.4901
MI	Twin Lake	43.3414	-86.1633
MI	Twining	44.1293	-83.8491
MI	Ubly	43.6896	-82.9640
MI	Union	41.7827	-85.8529
MI	Union City	42.0551	-85.1356
MI	Union Lake	42.6147	-83.4469
MI	Union Pier	41.8255	-86.6911
MI	Unionville	43.6473	-83.4699
MI	University Center	43.5608	-83.9899
MI	Utica	42.6637	-82.9965
MI	Vandalia	41.8955	-85.8755
MI	Vanderbilt	45.1532	-84.6511
MI	Vassar	43.3691	-83.5844
MI	Vermontville	42.6392	-85.0110
MI	Vernon	42.9392	-84.0294
MI	Vestaburg	43.3870	-84.9082
MI	Vicksburg	42.1209	-85.5024
MI	Vulcan	45.7623	-87.8168
MI	Wakefield	46.4752	-89.9424
MI	Waldron	41.7386	-84.4496
MI	Walhalla	43.9536	-86.1147
MI	Walkerville	43.7626	-86.0830
MI	Wallace	45.3017	-87.5805
MI	Walled Lake	42.5504	-83.4796
MI	Walloon Lake	45.2661	-84.9336
MI	Warren	42.5159	-82.9824
MI	Washington	42.7262	-83.0268
MI	Waterford	42.6438	-83.4076
MI	Waters	44.8797	-84.6986
MI	Watersmeet	46.2542	-89.2108
MI	Watervliet	42.1938	-86.2604
MI	Watton	46.5137	-88.5993
MI	Wayland	42.6643	-85.6191
MI	Wayne	42.2768	-83.3758
MI	Webberville	42.6630	-84.1701
MI	Weidman	43.6453	-85.0046
MI	Wells	45.7849	-87.0734
MI	Wellston	44.2133	-85.9555
MI	West Bloomfield	42.5424	-83.3793
MI	West Branch	44.2790	-84.2286
MI	West Olive	42.9099	-86.1317
MI	Westland	42.3189	-83.3749
MI	Weston	41.7703	-84.0978
MI	Westphalia	42.9123	-84.7856
MI	Wetmore	46.3535	-86.6345
MI	Wheeler	43.3962	-84.4243
MI	White Cloud	43.5398	-85.7586
MI	White Lake	42.6580	-83.5398
MI	White Pigeon	41.7929	-85.6750
MI	White Pine	46.7539	-89.5839
MI	Whitehall	43.3904	-86.3315
MI	Whitmore Lake	42.4289	-83.7828
MI	Whittaker	42.1281	-83.5997
MI	Whittemore	44.2325	-83.8068
MI	Williamsburg	44.8020	-85.4347
MI	Williamston	42.6967	-84.2926
MI	Willis	42.1292	-83.5687
MI	Wilson	45.6649	-87.3997
MI	Winn	43.5233	-84.9017
MI	Wixom	42.5340	-83.5285
MI	Wolverine	45.2861	-84.6065
MI	Woodland	42.7057	-85.1326
MI	Wyandotte	42.1961	-83.1821
MI	Wyoming	42.9009	-85.7058
MI	Yale	43.1224	-82.7979
MI	Ypsilanti	42.2325	-83.6336
MI	Zeeland	42.8256	-86.0104
MN	Ada	47.3156	-96.5036
MN	Adams	43.5591	-92.7305
MN	Adolph	46.8410	-92.2201
MN	Adrian	43.6197	-95.9273
MN	Afton	44.8697	-92.8234
MN	Ah Gwah Ching	46.2428	-93.2747
MN	Aitkin	46.4799	-93.6454
MN	Akeley	47.0010	-94.7234
MN	Albany	45.6151	-94.5740
MN	Albert Lea	43.6537	-93.3707
MN	Alberta	45.5571	-96.0498
MN	Albertville	45.2534	-93.6469
MN	Alborn	46.9782	-92.5579
MN	Alden	43.6466	-93.5823
MN	Aldrich	46.4025	-94.9920
MN	Alexandria	45.8817	-95.3820
MN	Almelund	45.4914	-92.7853
MN	Alpha	43.5946	-94.9051
MN	Altura	44.1361	-91.9745
MN	Alvarado	48.2020	-96.9915
MN	Amboy	43.8903	-94.1774
MN	Andover	45.2507	-93.2845
MN	Angle Inlet	49.3249	-95.0902
MN	Angora	47.7577	-92.6413
MN	Annandale	45.2483	-94.1061
MN	Anoka	45.2385	-93.4078
MN	Appleton	45.2054	-95.9949
MN	Arco	44.4091	-96.1999
MN	Argyle	48.3314	-96.8671
MN	Arlington	44.6153	-94.0762
MN	Ashby	46.0781	-95.8214
MN	Askov	46.1964	-92.7528
MN	Atwater	45.1116	-94.7938
MN	Audubon	46.8719	-95.9881
MN	Aurora	47.4951	-92.2415
MN	Austin	43.6695	-92.9784
MN	Avoca	43.9706	-95.6002
MN	Avon	45.6122	-94.4360
MN	Babbitt	47.7091	-91.9570
MN	Backus	46.8699	-94.3959
MN	Badger	48.7913	-96.0965
MN	Bagley	47.4870	-95.4133
MN	Balaton	44.2253	-95.8838
MN	Barnesville	46.6773	-96.3727
MN	Barnum	46.5196	-92.6292
MN	Barrett	45.8996	-95.8754
MN	Barry	45.5474	-96.5605
MN	Battle Lake	46.3142	-95.7144
MN	Baudette	48.6927	-94.5995
MN	Baxter	46.3433	-94.2864
MN	Bayport	45.0214	-92.7844
MN	Beardsley	45.5539	-96.7060
MN	Beaver Bay	47.2578	-91.3003
MN	Beaver Creek	43.6223	-96.3698
MN	Becker	45.4365	-93.8410
MN	Bejou	47.4491	-95.9454
MN	Belgrade	45.4865	-94.9699
MN	Belle Plaine	44.6139	-93.7604
MN	Bellingham	45.1556	-96.3224
MN	Beltrami	47.5721	-96.4549
MN	Belview	44.6055	-95.3178
MN	Bemidji	47.4881	-94.8488
MN	Bena	47.3477	-94.2519
MN	Benedict	47.1581	-94.6903
MN	Benson	45.3129	-95.5766
MN	Bertha	46.2515	-95.0357
MN	Bethel	45.3941	-93.2331
MN	Big Falls	48.1560	-93.7296
MN	Big Lake	45.3506	-93.7399
MN	Bigelow	43.5336	-95.6515
MN	Bigfork	47.7502	-93.6707
MN	Bingham Lake	43.8942	-95.0457
MN	Birchdale	48.6247	-94.1677
MN	Bird Island	44.7507	-94.8716
MN	Biwabik	47.5331	-92.3400
MN	Blackduck	47.7381	-94.4961
MN	Blomkest	44.9395	-95.0640
MN	Blooming Prairie	43.8977	-93.0608
MN	Blue Earth	43.6394	-94.0924
MN	Bluffton	46.4918	-95.2236
MN	Bock	45.7844	-93.5537
MN	Borup	47.1896	-96.5530
MN	Bovey	47.2868	-93.3723
MN	Bowlus	45.8121	-94.4175
MN	Bowstring	47.5431	-93.7964
MN	Boyd	44.8507	-95.9421
MN	Braham	45.7175	-93.2037
MN	Brainerd	46.3572	-94.2019
MN	Brandon	46.0039	-95.5788
MN	Breckenridge	46.2797	-96.5622
MN	Brewster	43.7032	-95.4807
MN	Bricelyn	43.5746	-93.8211
MN	Brimson	47.3142	-91.8625
MN	Britt	47.6550	-92.6321
MN	Brook Park	45.9387	-92.9835
MN	Brooks	47.8129	-96.0117
MN	Brookston	46.8384	-92.6430
MN	Brooten	45.4932	-95.0900
MN	Browerville	46.0905	-94.8346
MN	Browns Valley	45.6069	-96.8063
MN	Brownsdale	43.7248	-92.8738
MN	Brownsville	43.6707	-91.3012
MN	Brownton	44.7281	-94.3306
MN	Bruno	46.2845	-92.6190
MN	Buckman	45.8975	-94.0933
MN	Buffalo	45.1814	-93.8635
MN	Buffalo Lake	44.7709	-94.5912
MN	Buhl	47.4936	-92.7778
MN	Burnsville	44.7678	-93.2775
MN	Burtrum	45.8880	-94.6962
MN	Butterfield	43.9654	-94.7956
MN	Byron	44.0373	-92.6308
MN	Caledonia	43.6221	-91.4837
MN	Callaway	47.0076	-95.9440
MN	Calumet	47.3219	-93.2767
MN	Cambridge	45.5576	-93.2889
MN	Campbell	46.1296	-96.4372
MN	Canby	44.7202	-96.2784
MN	Cannon Falls	44.4960	-92.8640
MN	Canton	43.5667	-91.9130
MN	Canyon	47.0785	-92.4594
MN	Carlos	45.9726	-95.3105
MN	Carlton	46.6484	-92.4710
MN	Carver	44.7169	-93.6879
MN	Cass Lake	47.3516	-94.6119
MN	Castle Rock	44.5942	-93.1092
MN	Cedar	45.3365	-93.2658
MN	Center City	45.3939	-92.8164
MN	Ceylon	43.5382	-94.6149
MN	Champlin	45.1700	-93.3819
MN	Chandler	43.9163	-95.9296
MN	Chanhassen	44.8679	-93.5359
MN	Chaska	44.8061	-93.6083
MN	Chatfield	43.8362	-92.1574
MN	Chisago City	45.3611	-92.8921
MN	Chisholm	47.5007	-92.8617
MN	Chokio	45.5524	-96.1733
MN	Circle Pines	45.1528	-93.1440
MN	Clara City	44.9639	-95.3499
MN	Claremont	44.0522	-92.9888
MN	Clarissa	46.1373	-94.9572
MN	Clarkfield	44.7743	-95.8304
MN	Clarks Grove	43.7630	-93.3232
MN	Clear Lake	45.4795	-93.9684
MN	Clearbrook	47.7146	-95.3752
MN	Clearwater	45.3877	-94.0452
MN	Clements	44.3943	-95.0474
MN	Cleveland	44.3201	-93.8286
MN	Climax	47.6530	-96.8026
MN	Clinton	45.4577	-96.4182
MN	Clitherall	46.3169	-95.5858
MN	Clontarf	45.3734	-95.6786
MN	Cloquet	46.7260	-92.4528
MN	Cohasset	47.2691	-93.6392
MN	Cokato	45.0748	-94.1911
MN	Cold Spring	45.4500	-94.4378
MN	Coleraine	47.2889	-93.4275
MN	Collegeville	45.5944	-94.3628
MN	Cologne	44.7646	-93.7982
MN	Comfrey	44.1111	-94.9134
MN	Comstock	46.6667	-96.7398
MN	Conger	43.6114	-93.5224
MN	Cook	47.8442	-92.7210
MN	Correll	45.2907	-96.1753
MN	Cosmos	44.9590	-94.6978
MN	Cottage Grove	44.8308	-92.9393
MN	Cotton	47.1638	-92.4449
MN	Cottonwood	44.6003	-95.6925
MN	Courtland	44.2791	-94.3482
MN	Crane Lake	48.2594	-92.4896
MN	Cromwell	46.6718	-92.8739
MN	Crookston	47.7797	-96.5931
MN	Crosby	46.5091	-93.9874
MN	Crosslake	46.6786	-94.1143
MN	Crystal Bay	44.9531	-93.5761
MN	Currie	44.0946	-95.6953
MN	Cushing	46.2022	-94.6185
MN	Cyrus	45.5695	-95.7070
MN	Dakota	43.9148	-91.3940
MN	Dalbo	45.6787	-93.4419
MN	Dalton	46.1544	-95.8500
MN	Danube	44.7956	-95.0784
MN	Danvers	45.3419	-95.8862
MN	Darfur	44.0610	-94.8134
MN	Darwin	45.1029	-94.4249
MN	Dassel	45.1032	-94.3305
MN	Dawson	44.9317	-96.0150
MN	Dayton	45.1982	-93.4668
MN	Deer Creek	46.4112	-95.2673
MN	Deer River	47.3829	-93.8498
MN	Deerwood	46.4446	-93.8849
MN	Delano	45.0342	-93.8016
MN	Delavan	43.7719	-94.0225
MN	Dennison	44.4239	-92.9748
MN	Dent	46.5554	-95.7644
MN	Detroit Lakes	46.8349	-95.8006
MN	Dexter	43.7160	-92.7268
MN	Dilworth	46.8782	-96.7022
MN	Dodge Center	44.0325	-92.8554
MN	Donaldson	48.5798	-96.8579
MN	Donnelly	45.7014	-96.0649
MN	Dover	44.0015	-92.1415
MN	Dovray	44.0597	-95.5271
MN	Duluth	47.0944	-91.8467
MN	Dumont	45.6717	-96.4061
MN	Dundas	44.3955	-93.2037
MN	Dunnell	43.5531	-94.7876
MN	Eagle Bend	46.1170	-95.0961
MN	Eagle Lake	44.1546	-93.8719
MN	East Grand Forks	47.9318	-97.0213
MN	Easton	43.7581	-93.9340
MN	Echo	44.6310	-95.4182
MN	Eden Prairie	44.8574	-93.4376
MN	Eden Valley	45.3020	-94.6039
MN	Edgerton	43.8824	-96.1463
MN	Effie	47.8472	-93.5799
MN	Eitzen	43.5081	-91.4614
MN	Elbow Lake	45.9953	-95.9671
MN	Elgin	44.1358	-92.2535
MN	Elizabeth	46.4062	-96.0851
MN	Elk River	45.3136	-93.5814
MN	Elko	44.5894	-93.3836
MN	Elkton	43.6348	-92.7104
MN	Ellendale	43.8826	-93.3195
MN	Ellsworth	43.5265	-96.0112
MN	Elmore	43.5201	-94.0984
MN	Elrosa	45.5628	-94.9469
MN	Ely	47.9034	-91.8570
MN	Elysian	44.2231	-93.6965
MN	Embarrass	47.6658	-92.2101
MN	Emily	46.7478	-93.9484
MN	Emmons	43.5089	-93.4824
MN	Erhard	46.4948	-96.0593
MN	Erskine	47.6618	-96.0122
MN	Esko	46.7126	-92.3569
MN	Essig	44.3238	-94.5682
MN	Euclid	48.0338	-96.9215
MN	Evansville	46.0153	-95.6951
MN	Eveleth	47.4510	-92.5280
MN	Excelsior	44.9007	-93.5791
MN	Eyota	44.0043	-92.2441
MN	Fairfax	44.5329	-94.7256
MN	Fairmont	43.6376	-94.4510
MN	Faribault	44.2945	-93.2818
MN	Farmington	44.6628	-93.1539
MN	Farwell	45.7244	-95.6656
MN	Federal Dam	47.2069	-94.2575
MN	Felton	47.0705	-96.5052
MN	Fergus Falls	46.2897	-96.0643
MN	Fertile	47.5214	-96.2371
MN	Fifty Lakes	46.7470	-94.0656
MN	Finland	47.4197	-91.2096
MN	Finlayson	46.2121	-92.9389
MN	Fisher	47.8381	-96.8803
MN	Flensburg	45.9509	-94.5308
MN	Flom	47.1661	-96.1306
MN	Floodwood	46.9076	-92.9167
MN	Foley	45.7087	-93.8685
MN	Forbes	47.3069	-92.6031
MN	Forest Lake	45.2685	-92.9749
MN	Foreston	45.7028	-93.6958
MN	Fort Ripley	46.2099	-94.2527
MN	Fosston	47.5816	-95.7431
MN	Fountain	43.7284	-92.1423
MN	Foxhome	46.2584	-96.3176
MN	Franklin	44.5421	-94.8931
MN	Frazee	46.7565	-95.5212
MN	Freeborn	43.7848	-93.5745
MN	Freeport	45.6731	-94.6785
MN	Frontenac	44.4872	-92.3281
MN	Frost	43.5638	-93.9361
MN	Fulda	43.8753	-95.5979
MN	Garden City	44.0467	-94.1791
MN	Garfield	45.9953	-95.4500
MN	Garrison	46.2637	-93.9363
MN	Garvin	44.2293	-95.7672
MN	Gary	47.3675	-96.2152
MN	Gatzke	48.4104	-95.7903
MN	Gaylord	44.5463	-94.1955
MN	Geneva	43.8235	-93.2671
MN	Georgetown	47.0999	-96.7270
MN	Ghent	44.5078	-95.8936
MN	Gibbon	44.5606	-94.5467
MN	Gilbert	47.4885	-92.4025
MN	Gilman	45.7742	-93.9469
MN	Glencoe	44.7780	-94.1616
MN	Glenville	43.5577	-93.2618
MN	Glenwood	45.6429	-95.3868
MN	Glyndon	46.8820	-96.5583
MN	Gonvick	47.7490	-95.4990
MN	Good Thunder	43.9952	-94.0677
MN	Goodhue	44.4022	-92.5717
MN	Goodland	47.1924	-93.1469
MN	Goodridge	48.0686	-95.7283
MN	Graceville	45.5602	-96.4209
MN	Granada	43.7061	-94.3307
MN	Grand Marais	47.7758	-90.3391
MN	Grand Meadow	43.7101	-92.5692
MN	Grand Portage	47.9591	-89.6989
MN	Grand Rapids	47.2378	-93.5300
MN	Grandy	45.6353	-93.1950
MN	Granite Falls	44.8087	-95.5516
MN	Grasston	45.7729	-93.1962
MN	Green Isle	44.6687	-93.9326
MN	Greenbush	48.6957	-96.1871
MN	Greenwald	45.6017	-94.8597
MN	Grey Eagle	45.8107	-94.8321
MN	Grove City	45.1532	-94.6878
MN	Grygla	48.3071	-95.6398
MN	Gully	47.7697	-95.6410
MN	Hackensack	46.9884	-94.5033
MN	Hallock	48.7749	-96.9445
MN	Halma	48.6669	-96.5969
MN	Halstad	47.3551	-96.7980
MN	Hamburg	44.7315	-93.9643
MN	Hamel	45.0800	-93.5760
MN	Hampton	44.6028	-92.9467
MN	Hancock	45.4985	-95.8008
MN	Hanley Falls	44.6789	-95.6825
MN	Hanover	45.1558	-93.6661
MN	Hanska	44.1527	-94.4933
MN	Hardwick	43.7911	-96.2161
MN	Harmony	43.5663	-92.0145
MN	Harris	45.5962	-93.0395
MN	Hartland	43.8040	-93.4770
MN	Hastings	44.7189	-92.8626
MN	Hawley	46.8842	-96.3111
MN	Hayfield	43.8923	-92.8175
MN	Hayward	43.6386	-93.2377
MN	Hector	44.7485	-94.7058
MN	Henderson	44.5344	-93.9345
MN	Hendricks	44.4995	-96.4078
MN	Hendrum	47.2689	-96.7987
MN	Henning	46.3256	-95.3852
MN	Henriette	45.7947	-93.1489
MN	Herman	45.8071	-96.0992
MN	Heron Lake	43.7979	-95.3267
MN	Hewitt	46.3250	-95.0504
MN	Hibbing	47.4156	-92.9356
MN	Hill City	46.9968	-93.5994
MN	Hillman	46.0678	-93.8812
MN	Hills	43.5335	-96.3645
MN	Hinckley	46.0189	-92.8993
MN	Hines	47.7324	-94.6477
MN	Hitterdal	47.0014	-96.2888
MN	Hoffman	45.8233	-95.7955
MN	Hokah	43.7509	-91.3455
MN	Holdingford	45.7249	-94.4581
MN	Holland	44.0759	-96.1903
MN	Hollandale	43.7528	-93.1680
MN	Holloway	45.2708	-95.9164
MN	Holmes City	45.8107	-95.5646
MN	Holyoke	46.4664	-92.3750
MN	Homer	44.0214	-91.5564
MN	Hope	43.9797	-93.3458
MN	Hopkins	44.9250	-93.4625
MN	Houston	43.7929	-91.5626
MN	Hovland	47.8342	-90.0476
MN	Howard Lake	45.0608	-94.0731
MN	Hoyt Lakes	47.5150	-92.1400
MN	Hugo	45.1628	-93.0035
MN	Humboldt	48.9211	-97.0931
MN	Huntley	43.7237	-94.2016
MN	Hutchinson	44.8946	-94.3847
MN	Ihlen	43.9072	-96.3669
MN	International Falls	48.5834	-93.4061
MN	Inver Grove Heights	44.8420	-93.0347
MN	Iona	43.9026	-95.7718
MN	Iron	47.4115	-92.6195
MN	Ironton	46.4641	-94.0437
MN	Isabella	47.6267	-91.5173
MN	Isanti	45.4682	-93.2266
MN	Isle	46.1696	-93.4741
MN	Ivanhoe	44.5071	-96.2261
MN	Jackson	43.6457	-94.9938
MN	Jacobson	46.9772	-93.3064
MN	Janesville	44.1168	-93.7095
MN	Jasper	43.8568	-96.3850
MN	Jeffers	44.0737	-95.1547
MN	Jenkins	46.6510	-94.3325
MN	Jordan	44.6713	-93.6195
MN	Kabetogama	48.4218	-93.0895
MN	Kanaranzi	43.5498	-96.1113
MN	Kandiyohi	45.1232	-94.9473
MN	Karlstad	48.5916	-96.5511
MN	Kasota	44.2842	-93.9453
MN	Kasson	44.0240	-92.7464
MN	Keewatin	47.3997	-93.0722
MN	Kelliher	47.9272	-94.5382
MN	Kellogg	44.3054	-92.0084
MN	Kennedy	48.6337	-96.9614
MN	Kenneth	43.7637	-96.1089
MN	Kensington	45.8176	-95.6945
MN	Kent	46.4378	-96.6852
MN	Kenyon	44.2552	-93.0197
MN	Kerkhoven	45.2096	-95.3115
MN	Kerrick	46.3792	-92.5780
MN	Kettle River	46.5029	-92.9047
MN	Kiester	43.5414	-93.7102
MN	Kilkenny	44.3185	-93.5164
MN	Kimball	45.3436	-94.3028
MN	Kinney	47.5142	-92.7306
MN	Knife River	46.9494	-91.7789
MN	La Crescent	43.8307	-91.3263
MN	La Salle	44.0708	-94.5694
MN	Lafayette	44.4073	-94.4365
MN	Lake Benton	44.2782	-96.2910
MN	Lake Bronson	48.7787	-96.6431
MN	Lake City	44.4305	-92.2838
MN	Lake Crystal	44.1202	-94.2184
MN	Lake Elmo	44.9946	-92.9056
MN	Lake George	47.2150	-95.0021
MN	Lake Hubert	46.5022	-94.2572
MN	Lake Lillian	44.9660	-94.9014
MN	Lake Park	46.8176	-96.0670
MN	Lake Wilson	44.0095	-95.9797
MN	Lakefield	43.6545	-95.1848
MN	Lakeland	44.9394	-92.7716
MN	Lakeville	44.6749	-93.2578
MN	Lamberton	44.2378	-95.2739
MN	Lancaster	48.8820	-96.8137
MN	Lanesboro	43.7174	-91.9877
MN	Lansing	43.7453	-92.9700
MN	Laporte	47.2368	-94.7772
MN	Lastrup	46.0394	-94.0631
MN	Le Center	44.3853	-93.7214
MN	Le Roy	43.5315	-92.5065
MN	Le Sueur	44.4582	-93.8856
MN	Lengby	47.5370	-95.6275
MN	Leonard	47.6289	-95.3708
MN	Leota	43.8226	-96.0054
MN	Lester Prairie	44.8739	-94.0551
MN	Lewiston	43.9702	-91.8662
MN	Lewisville	43.9209	-94.4289
MN	Lindstrom	45.3873	-92.8421
MN	Lismore	43.7339	-95.9682
MN	Litchfield	45.1263	-94.5268
MN	Little Falls	45.9811	-94.3604
MN	Littlefork	48.3852	-93.5399
MN	Loman	48.5164	-93.8407
MN	Long Lake	44.9912	-93.5818
MN	Long Prairie	45.9624	-94.8984
MN	Longville	47.0248	-94.1982
MN	Lonsdale	44.4629	-93.4236
MN	Loretto	45.1061	-93.6692
MN	Lowry	45.7105	-95.5322
MN	Lucan	44.4132	-95.4119
MN	Lutsen	47.6831	-90.6381
MN	Luverne	43.6614	-96.2216
MN	Lyle	43.5309	-92.9328
MN	Lynd	44.4032	-95.9233
MN	Mabel	43.5446	-91.7806
MN	Madelia	44.0499	-94.4110
MN	Madison	44.9946	-96.1645
MN	Madison Lake	44.2221	-93.8289
MN	Magnolia	43.6382	-96.1008
MN	Mahnomen	47.3362	-95.8856
MN	Makinen	47.3416	-92.3446
MN	Mankato	44.1538	-93.9960
MN	Mantorville	44.0702	-92.7580
MN	Maple Lake	45.2202	-93.9638
MN	Maple Plain	45.0079	-93.6542
MN	Mapleton	43.9331	-93.9542
MN	Marble	47.3206	-93.2983
MN	Marcell	47.6345	-93.6784
MN	Margie	48.0953	-93.9397
MN	Marietta	44.9636	-96.4094
MN	Marine On Saint Croix	45.1831	-92.8230
MN	Marshall	44.4481	-95.7795
MN	Max	47.6289	-93.9720
MN	Mayer	44.9022	-93.8859
MN	Maynard	44.9226	-95.4845
MN	Mazeppa	44.2646	-92.5207
MN	Mc Grath	46.2441	-93.2416
MN	Mcgregor	46.6864	-93.2956
MN	Mcintosh	47.6522	-95.8863
MN	Meadowlands	47.1021	-92.7884
MN	Medford	44.1741	-93.2437
MN	Melrose	45.6582	-94.8198
MN	Melrude	47.2423	-92.4264
MN	Menahga	46.7572	-95.0714
MN	Mendota	44.8858	-93.1612
MN	Mentor	47.6576	-96.1778
MN	Merrifield	46.4943	-94.2043
MN	Middle River	48.4426	-96.1232
MN	Milaca	45.7795	-93.6453
MN	Milan	45.1143	-95.8690
MN	Millville	44.2359	-92.2672
MN	Milroy	44.4365	-95.5545
MN	Miltona	46.0545	-95.3258
MN	Minneapolis	45.0496	-93.2461
MN	Minneota	44.5587	-95.9767
MN	Minnesota City	44.0832	-91.7418
MN	Minnesota Lake	43.8295	-93.8282
MN	Minnetonka	44.9138	-93.4850
MN	Minnetonka Beach	44.9397	-93.5764
MN	Mizpah	47.9495	-94.1467
MN	Montevideo	44.9688	-95.6765
MN	Montgomery	44.4356	-93.5810
MN	Monticello	45.2797	-93.8097
MN	Montrose	45.0897	-93.9318
MN	Moorhead	46.8677	-96.7572
MN	Moose Lake	46.4472	-92.7466
MN	Mora	45.8958	-93.2942
MN	Morgan	44.3926	-94.9218
MN	Morris	45.5921	-95.9172
MN	Morristown	44.2342	-93.4525
MN	Morton	44.5662	-95.0268
MN	Motley	46.3216	-94.6281
MN	Mound	44.9382	-93.6561
MN	Mountain Iron	47.5133	-92.6243
MN	Mountain Lake	43.9390	-94.9273
MN	Murdock	45.2161	-95.4049
MN	Nashua	46.0537	-96.3160
MN	Nashwauk	47.4200	-93.2168
MN	Navarre	44.9567	-93.5400
MN	Naytahwaush	47.2601	-95.6283
MN	Nelson	45.8516	-95.2260
MN	Nerstrand	44.3538	-93.0855
MN	Nett Lake	48.1111	-93.0939
MN	Nevis	46.9319	-94.8460
MN	New Auburn	44.6759	-94.2057
MN	New Germany	44.8994	-93.9701
MN	New London	45.2949	-94.9480
MN	New Market	44.5731	-93.3533
MN	New Munich	45.6303	-94.7533
MN	New Prague	44.5402	-93.5805
MN	New Richland	43.8937	-93.4995
MN	New Ulm	44.3044	-94.4644
MN	New York Mills	46.5559	-95.4047
MN	Newfolden	48.2895	-96.2550
MN	Newport	44.8725	-92.9986
MN	Nicollet	44.2724	-94.1867
MN	Nielsville	47.5373	-96.7574
MN	Nimrod	46.6389	-94.8806
MN	Nisswa	46.4848	-94.2966
MN	Norcross	45.8858	-96.1342
MN	North Branch	45.5165	-92.9371
MN	Northfield	44.4587	-93.1668
MN	Northome	47.8440	-94.2043
MN	Northrop	43.7212	-94.4350
MN	Norwood	44.7680	-93.9272
MN	Norwood Young America	44.7668	-93.9301
MN	Noyes	48.9692	-97.1490
MN	Oak Island	49.3135	-94.8492
MN	Oak Park	45.6714	-93.9214
MN	Odessa	45.2998	-96.3102
MN	Odin	43.8824	-94.7740
MN	Ogema	47.1029	-95.9151
MN	Ogilvie	45.8476	-93.4359
MN	Okabena	43.7230	-95.3381
MN	Oklee	47.8286	-95.8617
MN	Olivia	44.7706	-94.9727
MN	Onamia	46.0902	-93.6867
MN	Ormsby	43.8616	-94.6873
MN	Oronoco	44.1489	-92.4850
MN	Orr	47.9339	-92.8456
MN	Ortonville	45.3296	-96.4596
MN	Osage	46.9329	-95.2353
MN	Osakis	45.8768	-95.1332
MN	Oslo	48.2066	-97.1163
MN	Osseo	45.0994	-93.4878
MN	Ostrander	43.5972	-92.4157
MN	Ottertail	46.4177	-95.5436
MN	Outing	46.8375	-93.9443
MN	Owatonna	44.0805	-93.2191
MN	Palisade	46.6895	-93.5627
MN	Park Rapids	46.9377	-95.0383
MN	Parkers Prairie	46.1769	-95.3608
MN	Paynesville	45.3988	-94.7157
MN	Pease	45.6979	-93.6492
MN	Pelican Rapids	46.5994	-96.0662
MN	Pemberton	43.9600	-93.8184
MN	Pengilly	47.3151	-93.1937
MN	Pennington	47.4651	-94.4834
MN	Pennock	45.1310	-95.1753
MN	Pequot Lakes	46.6257	-94.2684
MN	Perham	46.6031	-95.5818
MN	Perley	47.1831	-96.7777
MN	Peterson	43.7769	-91.8443
MN	Pierz	46.0081	-94.0853
MN	Pillager	46.3984	-94.3923
MN	Pine City	45.8323	-92.9826
MN	Pine Island	44.2110	-92.6613
MN	Pine River	46.6938	-94.4477
MN	Pipestone	44.0095	-96.3228
MN	Plainview	44.1637	-92.1621
MN	Plato	44.7657	-94.0506
MN	Plummer	47.9113	-95.9646
MN	Ponemah	48.0372	-94.9170
MN	Ponsford	47.0133	-95.3197
MN	Porter	44.6565	-96.1581
MN	Preston	43.6641	-92.0960
MN	Princeton	45.5851	-93.5961
MN	Prinsburg	44.9371	-95.1865
MN	Prior Lake	44.7107	-93.4101
MN	Puposky	47.7436	-94.9803
MN	Racine	43.7900	-92.5310
MN	Randall	46.0734	-94.5005
MN	Randolph	44.5274	-93.0196
MN	Ranier	48.6118	-93.3125
MN	Raymond	45.0181	-95.2208
MN	Reading	43.7136	-95.7389
MN	Reads Landing	44.4022	-92.0789
MN	Red Lake Falls	47.8823	-96.2681
MN	Red Wing	44.5528	-92.5486
MN	Redby	47.8689	-94.9404
MN	Redlake	47.8654	-95.0643
MN	Redwood Falls	44.5318	-95.1071
MN	Remer	47.0874	-93.9196
MN	Renville	44.7776	-95.1989
MN	Revere	44.2713	-95.3996
MN	Rice	45.7364	-94.1658
MN	Richmond	45.4238	-94.5461
MN	Richville	46.5008	-95.5929
MN	Richwood	46.9361	-95.8501
MN	Rochert	46.8559	-95.6004
MN	Rochester	44.0496	-92.4896
MN	Rock Creek	45.7624	-92.9308
MN	Rockford	45.0079	-93.6542
MN	Rockville	45.4719	-94.3406
MN	Rogers	45.1715	-93.5814
MN	Rollingstone	44.1025	-91.8158
MN	Roosevelt	48.8148	-95.1794
MN	Roscoe	45.4339	-94.6394
MN	Rose Creek	43.6274	-92.8621
MN	Roseau	48.8268	-95.7567
MN	Rosemount	44.7289	-93.1588
MN	Rothsay	46.5094	-96.2887
MN	Round Lake	43.5620	-95.4502
MN	Royalton	45.8589	-94.2211
MN	Rush City	45.6845	-92.9979
MN	Rushford	43.8216	-91.7536
MN	Rushmore	43.6240	-95.7767
MN	Russell	44.3201	-95.9426
MN	Ruthton	44.1638	-96.0790
MN	Sabin	46.7703	-96.5985
MN	Sacred Heart	44.7975	-95.3538
MN	Saginaw	46.8795	-92.3917
MN	Saint Bonifacius	44.9056	-93.7472
MN	Saint Charles	43.9585	-92.0517
MN	Saint Clair	44.0778	-93.8449
MN	Saint Cloud	45.5521	-94.1284
MN	Saint Francis	45.3903	-93.3598
MN	Saint Hilaire	48.0109	-96.2249
MN	Saint James	43.9875	-94.6229
MN	Saint Joseph	45.5651	-94.3367
MN	Saint Louis Park	44.9023	-93.3710
MN	Saint Martin	45.5019	-94.6686
MN	Saint Michael	45.2064	-93.6593
MN	Saint Paul	44.9027	-93.0964
MN	Saint Paul Park	44.8344	-92.9873
MN	Saint Peter	44.3351	-93.9811
MN	Saint Stephen	45.7118	-94.2817
MN	Saint Vincent	48.9458	-97.1703
MN	Salol	48.8522	-95.5356
MN	Sanborn	44.2183	-95.1328
MN	Sandstone	46.1214	-92.8710
MN	Santiago	45.5392	-93.8197
MN	Sargeant	43.8090	-92.7595
MN	Sartell	45.6318	-94.2136
MN	Sauk Centre	45.7281	-94.9682
MN	Sauk Rapids	45.6040	-94.1591
MN	Savage	44.7615	-93.3434
MN	Sawyer	46.7118	-92.6096
MN	Scandia	45.2697	-92.8292
MN	Schroeder	47.5422	-90.9338
MN	Seaforth	44.4905	-95.2978
MN	Searles	44.2286	-94.4344
MN	Sebeka	46.6306	-95.0681
MN	Shafer	45.3576	-92.7609
MN	Shakopee	44.7793	-93.5197
MN	Shelly	47.4554	-96.7838
MN	Sherburn	43.6611	-94.7269
MN	Shevlin	47.5004	-95.2450
MN	Side Lake	47.6653	-93.0156
MN	Silver Bay	47.2999	-91.2778
MN	Silver Creek	45.3265	-93.9496
MN	Silver Lake	44.9139	-94.1974
MN	Slayton	43.9856	-95.7554
MN	Sleepy Eye	44.2821	-94.7273
MN	Solway	47.5480	-95.1205
MN	Soudan	47.8158	-92.2375
MN	South Haven	45.3460	-94.1628
MN	South International Falls	48.5867	-93.3989
MN	South Saint Paul	44.8881	-93.0460
MN	Spicer	45.2241	-94.9116
MN	Spring Grove	43.5623	-91.6368
MN	Spring Lake	47.5888	-93.8382
MN	Spring Park	44.9356	-93.6341
MN	Spring Valley	43.6823	-92.3680
MN	Springfield	44.2329	-94.9792
MN	Squaw Lake	47.6362	-94.1475
MN	Stacy	45.3981	-92.9872
MN	Stanchfield	45.6675	-93.2433
MN	Staples	46.3536	-94.7633
MN	Starbuck	45.5926	-95.5421
MN	Steen	43.5317	-96.2439
MN	Stephen	48.4525	-96.8674
MN	Stewart	44.7259	-94.4516
MN	Stewartville	43.8673	-92.4547
MN	Stillwater	45.0500	-92.8300
MN	Stockton	44.0275	-91.7697
MN	Storden	44.0524	-95.3019
MN	Strandquist	48.4526	-96.4723
MN	Strathcona	48.6266	-96.1096
MN	Sturgeon Lake	46.3837	-92.8182
MN	Sunburg	45.3583	-95.2049
MN	Swan River	47.0739	-93.1964
MN	Swanville	45.9431	-94.6289
MN	Swatara	46.9299	-93.6685
MN	Swift	48.8476	-95.2975
MN	Taconite	47.3128	-93.3819
MN	Talmoon	47.5888	-93.7749
MN	Tamarack	46.6179	-93.1342
MN	Taopi	43.5458	-92.6335
MN	Taunton	44.5951	-96.0526
MN	Taylors Falls	45.4183	-92.6906
MN	Tenstrike	47.6611	-94.6824
MN	Thief River Falls	48.1104	-96.1670
MN	Tintah	45.9902	-96.3870
MN	Tofte	47.7608	-90.7831
MN	Tower	47.8089	-92.2878
MN	Tracy	44.2342	-95.6213
MN	Trail	47.7478	-95.7607
MN	Trimont	43.7827	-94.7186
MN	Trosky	43.8892	-96.2567
MN	Truman	43.8200	-94.4319
MN	Twig	46.8944	-92.3644
MN	Twin Lakes	43.5540	-93.3887
MN	Twin Valley	47.2509	-96.2464
MN	Two Harbors	47.0394	-91.6783
MN	Tyler	44.2773	-96.1302
MN	Ulen	47.0903	-96.2824
MN	Underwood	46.3265	-95.8415
MN	Upsala	45.8097	-94.5755
MN	Utica	43.9587	-91.9417
MN	Vergas	46.6706	-95.7948
MN	Vermillion	44.6736	-92.9669
MN	Verndale	46.4270	-94.8533
MN	Vernon Center	43.9706	-94.2142
MN	Vesta	44.5051	-95.4118
MN	Victoria	44.8582	-93.6561
MN	Viking	48.2349	-96.4749
MN	Villard	45.7118	-95.2414
MN	Vining	46.2561	-95.5883
MN	Virginia	47.5233	-92.5364
MN	Wabasha	44.3703	-92.0361
MN	Wabasso	44.4059	-95.2632
MN	Waconia	44.8510	-93.7784
MN	Wadena	46.4401	-95.1283
MN	Wahkon	46.1121	-93.4972
MN	Waite Park	45.5497	-94.2245
MN	Waldorf	43.9399	-93.7043
MN	Walker	47.0877	-94.5847
MN	Walnut Grove	44.2294	-95.4965
MN	Waltham	43.8070	-92.8734
MN	Wanamingo	44.3121	-92.8103
MN	Wanda	44.3229	-95.1780
MN	Wannaska	48.6452	-95.7072
MN	Warba	47.1361	-93.2764
MN	Warren	48.2078	-96.7597
MN	Warroad	48.9111	-95.3538
MN	Warsaw	44.2504	-93.3642
MN	Waseca	44.0834	-93.5108
MN	Waskish	48.1770	-94.5037
MN	Watertown	44.9595	-93.8482
MN	Waterville	44.2238	-93.5751
MN	Watkins	45.3087	-94.4297
MN	Watson	45.0194	-95.7942
MN	Waubun	47.1920	-95.8871
MN	Waverly	45.0413	-93.9545
MN	Wayzata	44.9582	-93.5206
MN	Webster	44.5026	-93.3344
MN	Welch	44.6030	-92.7263
MN	Welcome	43.6705	-94.5886
MN	Wells	43.7434	-93.7321
MN	Wendell	46.0562	-96.1144
MN	West Concord	44.1520	-92.8825
MN	West Union	45.7985	-95.0833
MN	Westbrook	44.0654	-95.4232
MN	Wheaton	45.8111	-96.4866
MN	White Earth	47.0967	-95.8431
MN	Willernie	45.0542	-92.9564
MN	Williams	48.8022	-94.9556
MN	Willmar	45.1393	-95.0523
MN	Willow River	46.2949	-92.8309
MN	Wilmont	43.7692	-95.8324
MN	Wilton	47.5353	-94.9862
MN	Windom	43.8790	-95.1515
MN	Winger	47.5375	-95.9941
MN	Winnebago	43.7755	-94.1632
MN	Winona	44.0391	-91.6533
MN	Winsted	44.9585	-94.0552
MN	Winthrop	44.5436	-94.3698
MN	Winton	47.9289	-91.8014
MN	Wirt	47.7164	-93.9811
MN	Wolf Lake	46.8334	-95.3607
MN	Wolverton	46.5550	-96.6149
MN	Wood Lake	44.6379	-95.5409
MN	Woodstock	43.9873	-96.1192
MN	Worthington	43.6286	-95.6059
MN	Wrenshall	46.5921	-92.3718
MN	Wright	46.6753	-93.0029
MN	Wykoff	43.7146	-92.2679
MN	Wyoming	45.3243	-93.0686
MN	Young America	44.7827	-93.9133
MN	Zimmerman	45.4553	-93.5879
MN	Zumbro Falls	44.2488	-92.4040
MN	Zumbrota	44.3032	-92.6719
MO	Adrian	38.4125	-94.3683
MO	Advance	37.0922	-89.9106
MO	Agency	39.6662	-94.7170
MO	Alba	37.2383	-94.4172
MO	Albany	40.2513	-94.3270
MO	Aldrich	37.5057	-93.5576
MO	Alexandria	40.3445	-91.5154
MO	Allendale	40.4856	-94.2883
MO	Allenton	38.5036	-90.6758
MO	Alma	39.1048	-93.5429
MO	Altamont	39.9050	-94.1282
MO	Altenburg	37.6306	-89.5815
MO	Alton	36.7025	-91.3927
MO	Amazonia	39.9092	-94.9113
MO	Amity	39.8837	-94.5136
MO	Amoret	38.2605	-94.5734
MO	Amsterdam	38.3954	-94.5763
MO	Anabel	39.7368	-92.3511
MO	Anderson	36.6692	-94.4766
MO	Annada	39.2558	-90.8224
MO	Annapolis	37.3981	-90.6702
MO	Anniston	36.8258	-89.3278
MO	Appleton City	38.1848	-94.0229
MO	Arbela	40.4863	-92.0047
MO	Arbyrd	36.0501	-90.2284
MO	Arcadia	37.5701	-90.5928
MO	Archie	38.4986	-94.3630
MO	Arcola	37.5313	-93.8587
MO	Argyle	38.2986	-92.0155
MO	Armstrong	39.2566	-92.7090
MO	Arnold	38.4305	-90.3870
MO	Arrow Rock	39.0697	-92.9464
MO	Asbury	37.2942	-94.5655
MO	Ash Grove	37.3160	-93.5781
MO	Ashburn	39.5290	-91.1877
MO	Ashland	38.7878	-92.2537
MO	Atlanta	39.9146	-92.4750
MO	Augusta	38.5728	-90.8815
MO	Aurora	36.9477	-93.7124
MO	Auxvasse	39.0122	-91.8858
MO	Ava	36.9407	-92.6765
MO	Avilla	37.1947	-94.1170
MO	Bakersfield	36.5332	-92.1507
MO	Ballwin	38.6041	-90.5521
MO	Baring	40.2509	-92.2311
MO	Barnard	40.1862	-94.8056
MO	Barnett	38.3967	-92.6686
MO	Barnhart	38.3384	-90.4142
MO	Bates City	39.0219	-94.0798
MO	Beaufort	38.4294	-91.1709
MO	Belgrade	37.7889	-90.8613
MO	Bell City	37.0116	-89.7984
MO	Belle	38.2711	-91.7303
MO	Belleview	37.6820	-90.7991
MO	Bellflower	39.0012	-91.3489
MO	Belton	38.8161	-94.5328
MO	Benton	37.0697	-89.5664
MO	Benton City	39.1209	-91.7661
MO	Berger	38.6444	-91.3374
MO	Bernie	36.6727	-89.9878
MO	Bertrand	36.8927	-89.4483
MO	Bethany	40.2601	-94.0189
MO	Bethel	39.8922	-92.0316
MO	Beulah	37.6445	-91.8787
MO	Bevier	39.7497	-92.5619
MO	Billings	37.0628	-93.5476
MO	Birch Tree	36.9476	-91.5008
MO	Bismarck	37.7699	-90.6207
MO	Bixby	37.6722	-91.0835
MO	Black	37.5473	-90.9917
MO	Blackburn	39.0988	-93.4281
MO	Blackwater	38.9727	-92.9683
MO	Blackwell	38.0717	-90.7095
MO	Blairstown	38.5227	-93.9641
MO	Bland	38.3074	-91.6263
MO	Blodgett	37.0042	-89.5269
MO	Bloomfield	36.8989	-89.9456
MO	Bloomsdale	38.0451	-90.2805
MO	Blue Eye	36.5432	-93.4299
MO	Blue Springs	39.0169	-94.2814
MO	Blythedale	40.5024	-93.8954
MO	Bogard	39.4994	-93.5374
MO	Bois D Arc	37.2214	-93.5447
MO	Bolckow	40.1007	-94.8847
MO	Bolivar	37.6085	-93.4126
MO	Bonne Terre	37.9314	-90.5251
MO	Bonnots Mill	38.5533	-91.9293
MO	Boonville	38.9536	-92.7450
MO	Boss	37.6373	-91.2109
MO	Bosworth	39.4767	-93.3335
MO	Bourbon	38.1720	-91.2225
MO	Bowling Green	39.3346	-91.1962
MO	Bradleyville	36.7659	-92.9151
MO	Bragg City	36.2732	-89.8736
MO	Braggadocio	36.1753	-89.8294
MO	Brandsville	36.5849	-91.7355
MO	Branson	36.6436	-93.2183
MO	Brashear	40.1959	-92.4333
MO	Braymer	39.5915	-93.7887
MO	Brazeau	37.6611	-89.6528
MO	Breckenridge	39.7582	-93.8068
MO	Briar	36.6391	-90.9278
MO	Bridgeton	38.7506	-90.4161
MO	Brighton	37.4728	-93.3603
MO	Brinktown	38.0673	-92.1231
MO	Brixey	36.7590	-92.4026
MO	Bronaugh	37.6900	-94.4860
MO	Brookfield	39.7846	-93.0719
MO	Brookline	37.1272	-93.3835
MO	Broseley	36.7076	-90.2405
MO	Browning	40.0290	-93.1607
MO	Brownwood	37.0808	-89.9544
MO	Brumley	38.0709	-92.4747
MO	Bruner	36.9990	-92.9692
MO	Brunswick	39.4374	-93.1187
MO	Bucklin	39.8006	-92.8928
MO	Buckner	39.1303	-94.2062
MO	Bucyrus	37.3972	-92.0465
MO	Buffalo	37.5498	-93.1042
MO	Bunceton	38.7468	-92.7927
MO	Bunker	37.4772	-91.1927
MO	Burfordville	37.3632	-89.8206
MO	Burlington Junction	40.4421	-95.0517
MO	Butler	38.2712	-94.3137
MO	Butterfield	36.7451	-93.9126
MO	Cabool	37.1314	-92.1144
MO	Cadet	38.0125	-90.7439
MO	Cainsville	40.4578	-93.7590
MO	Cairo	39.5114	-92.4400
MO	Caledonia	37.7639	-90.7409
MO	Calhoun	38.4858	-93.6459
MO	California	38.6224	-92.5456
MO	Callao	39.7448	-92.6351
MO	Camden	39.2048	-94.0259
MO	Camden Point	39.4515	-94.7444
MO	Camdenton	38.0185	-92.7677
MO	Cameron	39.7309	-94.2437
MO	Campbell	36.5197	-90.0829
MO	Canalou	36.7550	-89.6869
MO	Canton	40.1437	-91.5480
MO	Cape Fair	36.6938	-93.5243
MO	Cape Girardeau	37.3169	-89.5459
MO	Caplinger Mills	37.7942	-93.8042
MO	Cardwell	36.0434	-90.2907
MO	Carl Junction	37.1795	-94.5550
MO	Carrollton	39.3673	-93.4926
MO	Carterville	37.1507	-94.4359
MO	Carthage	37.1597	-94.3112
MO	Caruthersville	36.1802	-89.6683
MO	Cascade	37.2994	-90.2692
MO	Cassville	36.6784	-93.8467
MO	Catawissa	38.4362	-90.7617
MO	Catron	36.6876	-89.7706
MO	Caulfield	36.6035	-92.0678
MO	Cedar Hill	38.3573	-90.6498
MO	Cedarcreek	36.5710	-93.0172
MO	Center	39.5154	-91.5398
MO	Centertown	38.6297	-92.3995
MO	Centerview	38.7897	-93.8702
MO	Centerville	37.4285	-90.9757
MO	Centralia	39.1961	-92.1472
MO	Chadwick	36.9220	-93.0451
MO	Chaffee	37.1726	-89.6457
MO	Chamois	38.6527	-91.7697
MO	Charleston	36.9213	-89.3342
MO	Cherryville	37.8066	-91.2348
MO	Chesterfield	38.6318	-90.6142
MO	Chestnutridge	36.8353	-93.1012
MO	Chilhowee	38.6126	-93.8653
MO	Chillicothe	39.7966	-93.5509
MO	Chula	39.9226	-93.4841
MO	Clarence	39.7366	-92.2530
MO	Clark	39.3153	-92.3827
MO	Clarksburg	38.6432	-92.6729
MO	Clarksdale	39.8137	-94.5421
MO	Clarksville	39.3465	-90.9362
MO	Clarkton	36.4478	-89.9729
MO	Clearmont	40.5175	-95.0055
MO	Cleveland	38.6898	-94.5695
MO	Clever	37.0348	-93.4475
MO	Clifton Hill	39.4260	-92.6677
MO	Climax Springs	38.1396	-92.9537
MO	Clinton	38.3688	-93.7589
MO	Clubb	37.2302	-90.3596
MO	Clyde	40.2645	-94.6546
MO	Coatsville	40.5665	-92.6388
MO	Coffey	40.0999	-94.0252
MO	Cole Camp	38.4531	-93.1915
MO	Collins	37.8810	-93.6608
MO	Columbia	38.9382	-92.3049
MO	Commerce	37.1589	-89.4428
MO	Conception	40.2309	-94.6843
MO	Conception Junction	40.2660	-94.6968
MO	Concordia	38.9776	-93.5812
MO	Conway	37.5085	-92.7891
MO	Cook	37.8552	-91.4616
MO	Cooter	36.0467	-89.8100
MO	Corder	39.1024	-93.6391
MO	Cosby	39.8555	-94.6977
MO	Cottleville	38.7461	-90.6539
MO	Couch	36.5653	-91.3310
MO	Cowgill	39.5643	-93.9295
MO	Craig	40.1939	-95.3770
MO	Crane	36.9258	-93.5303
MO	Creighton	38.5078	-94.0926
MO	Crocker	37.9446	-92.2700
MO	Cross Timbers	38.0239	-93.1978
MO	Crystal City	38.2300	-90.3825
MO	Cuba	38.0926	-91.4081
MO	Curryville	39.3257	-91.3493
MO	Dadeville	37.5105	-93.6956
MO	Daisy	37.5151	-89.8213
MO	Dalton	39.4035	-92.9944
MO	Darlington	40.1955	-94.4049
MO	Davisville	37.7926	-91.1329
MO	Dawn	39.6665	-93.5964
MO	De Kalb	39.5834	-94.9270
MO	De Soto	38.1204	-90.5546
MO	De Witt	39.3590	-93.3016
MO	Dearborn	39.5172	-94.7664
MO	Deepwater	38.2432	-93.7303
MO	Deerfield	37.8211	-94.4848
MO	Deering	36.1908	-89.8828
MO	Defiance	38.6616	-90.8302
MO	Delta	37.1844	-89.7609
MO	Denver	40.4181	-94.3066
MO	Des Arc	37.2955	-90.6279
MO	Devils Elbow	37.8503	-92.0857
MO	Dexter	36.7885	-89.9639
MO	Diamond	37.0060	-94.3204
MO	Diggins	37.1725	-92.8542
MO	Dittmer	38.3155	-90.6911
MO	Dixon	37.9848	-92.0897
MO	Doe Run	37.7348	-90.4968
MO	Doniphan	36.6211	-90.8195
MO	Dora	36.7560	-92.2378
MO	Dover	39.1926	-93.6684
MO	Downing	40.4798	-92.3918
MO	Drexel	38.4956	-94.5928
MO	Drury	36.9319	-92.3664
MO	Dudley	36.8110	-90.1210
MO	Duenweg	37.0836	-94.4133
MO	Duke	37.6550	-91.9931
MO	Dunnegan	37.7031	-93.5216
MO	Durham	39.9625	-91.6704
MO	Dutchtown	37.2528	-89.6597
MO	Dutzow	38.6056	-90.9944
MO	Eagle Rock	36.5480	-93.7336
MO	Eagleville	40.4912	-93.9951
MO	Earth City	38.7561	-90.4581
MO	East Lynne	38.6683	-94.2292
MO	East Prairie	36.7776	-89.3726
MO	Easton	39.7517	-94.6582
MO	Edgar Springs	37.7365	-91.8906
MO	Edgerton	39.4742	-94.6352
MO	Edina	40.1795	-92.1455
MO	Edwards	38.1906	-93.1471
MO	El Dorado Springs	37.8585	-94.0301
MO	Eldon	38.3401	-92.5736
MO	Eldridge	37.8346	-92.7382
MO	Elk Creek	37.2171	-91.9988
MO	Elkland	37.4336	-93.0210
MO	Ellington	37.2398	-90.9589
MO	Ellsinore	36.9453	-90.7485
MO	Elmer	39.9415	-92.6424
MO	Elmo	40.5185	-95.1236
MO	Elsberry	39.1590	-90.8160
MO	Emden	39.8501	-91.8809
MO	Eminence	37.1626	-91.4519
MO	Emma	38.9778	-93.4939
MO	Eolia	39.2431	-91.0093
MO	Essex	36.8109	-89.8366
MO	Ethel	39.9146	-92.7664
MO	Eudora	37.4825	-93.5375
MO	Eugene	38.3598	-92.3689
MO	Eunice	37.2123	-91.7232
MO	Eureka	38.4848	-90.6263
MO	Everton	37.2354	-93.6894
MO	Ewing	39.9962	-91.7216
MO	Excello	39.6455	-92.4757
MO	Excelsior Springs	39.3349	-94.2236
MO	Exeter	36.6815	-93.9702
MO	Fagus	36.5114	-90.2669
MO	Fair Grove	37.3721	-93.1428
MO	Fair Play	37.6335	-93.6064
MO	Fairdealing	36.6704	-90.6335
MO	Fairfax	40.3302	-95.3751
MO	Fairport	39.9878	-94.3458
MO	Fairview	36.8254	-94.0912
MO	Falcon	37.6061	-92.3466
MO	Farber	39.2742	-91.5798
MO	Farley	39.2822	-94.8311
MO	Farmington	37.7773	-90.4094
MO	Farrar	37.7022	-89.6886
MO	Faucett	39.5891	-94.7913
MO	Fayette	39.1430	-92.6583
MO	Fenton	38.5015	-90.4683
MO	Festus	38.1879	-90.4286
MO	Fillmore	40.0142	-94.9555
MO	Fisk	36.7836	-90.2168
MO	Flemington	37.7803	-93.4471
MO	Fletcher	38.1801	-90.7345
MO	Flinthill	38.8550	-90.8611
MO	Florence	38.6101	-92.9986
MO	Florissant	38.8069	-90.3401
MO	Foley	39.0530	-90.7775
MO	Fordland	37.1447	-92.9111
MO	Forest City	39.9897	-95.1916
MO	Foristell	38.7626	-90.9343
MO	Forsyth	36.6955	-93.1150
MO	Fort Leonard Wood	37.7599	-92.1263
MO	Fortuna	38.5744	-92.7849
MO	Foster	38.1734	-94.5371
MO	Frankford	39.4892	-91.3031
MO	Franklin	39.0668	-92.8316
MO	Fredericktown	37.5437	-90.3105
MO	Freeburg	38.3551	-91.9276
MO	Freeman	38.6245	-94.4956
MO	Freistatt	37.0176	-93.8961
MO	Fremont	36.9172	-91.1440
MO	French Village	37.9961	-90.4005
MO	Friedheim	37.5669	-89.8376
MO	Frohna	37.6686	-89.6619
MO	Fulton	38.8518	-91.9605
MO	Gainesville	36.5901	-92.4162
MO	Galena	36.8198	-93.4811
MO	Gallatin	39.9025	-93.9787
MO	Galt	40.1440	-93.3953
MO	Garden City	38.5681	-94.1825
MO	Garrison	36.8610	-92.9985
MO	Gasconade	38.6694	-91.5600
MO	Gatewood	36.5626	-91.0703
MO	Gentry	40.3411	-94.4142
MO	Gerald	38.3507	-91.2931
MO	Gibbs	40.0840	-92.4435
MO	Gibson	36.4411	-90.0308
MO	Gideon	36.4538	-89.9135
MO	Gilliam	39.2447	-92.9932
MO	Gilman City	40.1450	-93.8320
MO	Gipsy	37.1311	-90.1941
MO	Glasgow	39.2257	-92.8318
MO	Glenallen	37.3231	-90.0515
MO	Glencoe	38.5745	-90.6440
MO	Glenwood	40.5149	-92.5886
MO	Gobler	36.1590	-89.9349
MO	Golden	36.5625	-93.6230
MO	Golden City	37.3995	-94.1027
MO	Goodman	36.7323	-94.3986
MO	Gordonville	37.3111	-89.6792
MO	Gorin	40.3622	-92.0140
MO	Gower	39.6020	-94.5965
MO	Graff	37.3262	-92.2647
MO	Graham	40.2012	-95.0121
MO	Grain Valley	39.0274	-94.2087
MO	Granby	36.9066	-94.2643
MO	Grandin	36.8280	-90.7942
MO	Grandview	38.8819	-94.5205
MO	Granger	40.4625	-92.0167
MO	Grant City	40.4924	-94.3979
MO	Gravois Mills	38.2584	-92.8230
MO	Gray Summit	38.5030	-90.8292
MO	Grayridge	36.8242	-89.7808
MO	Green Castle	40.2703	-92.8780
MO	Green City	40.2601	-92.9532
MO	Green Ridge	38.6190	-93.4374
MO	Greenfield	37.4197	-93.8407
MO	Greentop	40.3446	-92.5567
MO	Greenville	37.1108	-90.4514
MO	Greenwood	38.8428	-94.3348
MO	Grover	38.5733	-90.6461
MO	Grovespring	37.4947	-92.6001
MO	Grubville	38.2883	-90.7547
MO	Guilford	40.1746	-94.6951
MO	Hale	39.5953	-93.3445
MO	Half Way	37.6018	-93.2420
MO	Hallsville	39.1054	-92.2239
MO	Halltown	37.1933	-93.6253
MO	Hamilton	39.7364	-93.9909
MO	Hannibal	39.7064	-91.3839
MO	Hardenville	36.5926	-92.3678
MO	Hardin	39.3504	-93.8409
MO	Harris	40.3075	-93.3501
MO	Harrisburg	39.1203	-92.4410
MO	Harrisonville	38.6419	-94.3285
MO	Hartsburg	38.7159	-92.2864
MO	Hartshorn	37.2843	-91.6834
MO	Hartville	37.2735	-92.5181
MO	Harviell	36.6723	-90.5583
MO	Harwood	37.9530	-94.1402
MO	Hatfield	40.5219	-94.1691
MO	Hawk Point	38.9766	-91.1211
MO	Hayti	36.2395	-89.7516
MO	Hazelwood	38.7809	-90.3669
MO	Helena	39.9251	-94.6921
MO	Hematite	38.2019	-90.4808
MO	Henley	38.3881	-92.3123
MO	Henrietta	39.2367	-93.9369
MO	Herculaneum	38.2601	-90.3871
MO	Hermann	38.6684	-91.4677
MO	Hermitage	37.8969	-93.2979
MO	Higbee	39.3055	-92.5163
MO	Higginsville	39.0705	-93.7133
MO	High Hill	38.8902	-91.3715
MO	High Point	38.4782	-92.6005
MO	High Ridge	38.4728	-90.5281
MO	Highlandville	36.9408	-93.2680
MO	Hillsboro	38.2586	-90.5782
MO	Holcomb	36.3885	-90.0208
MO	Holden	38.7186	-93.9856
MO	Holland	36.0558	-89.8708
MO	Holliday	39.4904	-92.1318
MO	Hollister	36.6107	-93.2286
MO	Holt	39.4289	-94.3689
MO	Holts Summit	38.6328	-92.1163
MO	Hopkins	40.5483	-94.8189
MO	Hornersville	36.0627	-90.0816
MO	House Springs	38.4131	-90.5575
MO	Houston	37.3218	-91.9530
MO	Houstonia	38.9106	-93.3325
MO	Huggins	37.2662	-92.1486
MO	Hughesville	38.8494	-93.2159
MO	Humansville	37.7923	-93.5795
MO	Hume	38.0596	-94.5610
MO	Humphreys	40.1144	-93.3015
MO	Hunnewell	39.7018	-91.8832
MO	Huntsville	39.4354	-92.5530
MO	Hurdland	40.1609	-92.2791
MO	Hurley	36.9254	-93.4768
MO	Iberia	38.1219	-92.2989
MO	Imperial	38.3927	-90.4311
MO	Independence	39.0983	-94.4111
MO	Ionia	38.5019	-93.3224
MO	Irondale	37.8296	-90.6984
MO	Ironton	37.6147	-90.6356
MO	Isabella	36.5749	-92.6053
MO	Jackson	37.3879	-89.6519
MO	Jacksonville	39.5791	-92.4315
MO	Jadwin	37.4736	-91.5159
MO	Jameson	40.0046	-93.9597
MO	Jamesport	39.9837	-93.7800
MO	Jamestown	38.7793	-92.4807
MO	Jasper	37.3182	-94.2731
MO	Jefferson City	38.5462	-92.1525
MO	Jerico Springs	37.6613	-94.0129
MO	Jerome	37.9254	-91.9906
MO	Jonesburg	38.8717	-91.3019
MO	Joplin	37.0969	-94.5051
MO	Kahoka	40.4266	-91.7250
MO	Kaiser	38.1637	-92.5799
MO	Kansas City	39.1632	-94.5699
MO	Kearney	39.3652	-94.3621
MO	Kelso	37.1906	-89.5494
MO	Kennett	36.2407	-90.0491
MO	Kewanee	36.6711	-89.5739
MO	Keytesville	39.4794	-92.9302
MO	Kidder	39.7570	-94.1300
MO	Kimberling City	36.6393	-93.4372
MO	Kimmswick	38.3653	-90.3628
MO	King City	40.0652	-94.5234
MO	Kingdom City	38.9551	-91.9520
MO	Kingston	39.6508	-94.0827
MO	Kingsville	38.8178	-94.0462
MO	Kirbyville	36.6426	-93.1683
MO	Kirksville	40.1908	-92.5856
MO	Kissee Mills	36.6704	-93.0377
MO	Knob Lick	37.6753	-90.3672
MO	Knob Noster	38.7469	-93.5564
MO	Knox City	40.1384	-92.0077
MO	Koeltztown	38.3235	-92.0484
MO	Koshkonong	36.6056	-91.6304
MO	La Belle	40.1164	-91.9171
MO	La Grange	40.0391	-91.5182
MO	La Monte	38.7753	-93.4313
MO	La Plata	40.0208	-92.5077
MO	La Russell	37.1739	-94.0329
MO	Labadie	38.5200	-90.8770
MO	Laclede	39.7837	-93.1680
MO	Laddonia	39.2593	-91.6893
MO	Lake Ozark	38.2091	-92.6776
MO	Lake Saint Louis	38.7936	-90.7854
MO	Lake Spring	37.7825	-91.6786
MO	Lamar	37.5002	-94.2703
MO	Lampe	36.5767	-93.4516
MO	Lanagan	36.6060	-94.4551
MO	Lancaster	40.5253	-92.5264
MO	Laquey	37.7494	-92.3379
MO	Laredo	40.0144	-93.4407
MO	Latham	38.5500	-92.6536
MO	Lathrop	39.5177	-94.3093
MO	Laurie	38.1992	-92.8333
MO	Lawson	39.4401	-94.1966
MO	Leadwood	37.8641	-90.5910
MO	Leasburg	38.0811	-91.2488
MO	Lebanon	37.6850	-92.6550
MO	Lees Summit	38.9211	-94.3487
MO	Leeton	38.6141	-93.7123
MO	Lenox	37.6408	-91.7277
MO	Lentner	39.7123	-92.1489
MO	Leonard	39.9076	-92.1947
MO	Leopold	37.2609	-89.9227
MO	Leslie	38.4582	-91.1952
MO	Lesterville	37.4820	-90.8425
MO	Levasy	39.1356	-94.1328
MO	Lewistown	40.0867	-91.8157
MO	Lexington	39.1742	-93.8714
MO	Liberal	37.5725	-94.5204
MO	Liberty	39.2419	-94.4337
MO	Licking	37.5091	-91.8556
MO	Liguori	38.3319	-90.4325
MO	Lilbourn	36.5853	-89.6112
MO	Lincoln	38.4073	-93.3668
MO	Linn	38.4739	-91.8195
MO	Linn Creek	38.0605	-92.6831
MO	Linneus	39.9099	-93.1885
MO	Livonia	40.5112	-92.7241
MO	Lock Springs	39.9074	-93.7977
MO	Lockwood	37.3866	-93.8671
MO	Lodi	37.2420	-90.4632
MO	Lohman	38.5484	-92.3842
MO	Lone Jack	38.8918	-94.1615
MO	Lonedell	38.2750	-90.8222
MO	Long Lane	37.5808	-92.9309
MO	Loose Creek	38.4717	-91.9591
MO	Louisburg	37.6828	-93.1007
MO	Louisiana	39.4336	-91.0664
MO	Lowndes	37.1343	-90.2544
MO	Lowry City	38.1404	-93.7114
MO	Lucerne	40.4382	-93.2867
MO	Ludlow	39.6551	-93.7046
MO	Luebbering	38.2615	-90.8027
MO	Luray	40.4931	-91.8912
MO	Lynchburg	37.5054	-92.3202
MO	Macks Creek	37.9616	-92.9603
MO	Macomb	37.1049	-92.4821
MO	Macon	39.7481	-92.4622
MO	Madison	39.4615	-92.2287
MO	Maitland	40.1991	-95.0927
MO	Malden	36.5672	-89.9737
MO	Malta Bend	39.1951	-93.3813
MO	Mansfield	37.1273	-92.5936
MO	Mapaville	38.2489	-90.4833
MO	Marble Hill	37.3135	-89.9627
MO	Marceline	39.7125	-92.9455
MO	Marionville	37.0009	-93.6413
MO	Marquand	37.4274	-90.1741
MO	Marshall	39.1098	-93.1960
MO	Marshfield	37.3312	-92.9250
MO	Marston	36.5084	-89.6288
MO	Marthasville	38.6486	-91.0555
MO	Martinsburg	39.0968	-91.6646
MO	Martinsville	40.3662	-94.1645
MO	Maryland Heights	38.7229	-90.4474
MO	Maryville	40.3434	-94.8735
MO	Matthews	36.8075	-89.5768
MO	Maysville	39.9112	-94.3548
MO	Mayview	39.0459	-93.8353
MO	Maywood	39.9333	-91.6148
MO	Mc Bride	37.7242	-89.8611
MO	Mc Clurg	36.7515	-92.8180
MO	Mc Fall	40.1051	-94.3003
MO	Mc Gee	37.0441	-90.1908
MO	Mc Girk	38.6275	-92.5672
MO	Meadville	39.7795	-93.3014
MO	Memphis	40.4619	-92.1851
MO	Mendon	39.5828	-93.0892
MO	Mercer	40.5169	-93.5242
MO	Meta	38.2500	-92.1358
MO	Metz	37.9975	-94.4431
MO	Mexico	39.1712	-91.8895
MO	Miami	39.2821	-93.1968
MO	Middle Brook	37.6702	-90.6735
MO	Middletown	39.1055	-91.3873
MO	Milan	40.1844	-93.1361
MO	Milford	37.5847	-94.1569
MO	Mill Spring	37.0675	-90.6746
MO	Miller	37.2225	-93.8422
MO	Millersville	37.4401	-89.7950
MO	Milo	37.7446	-94.3046
MO	Mindenmines	37.4520	-94.5756
MO	Mineral Point	37.9156	-90.7193
MO	Missouri City	39.2408	-94.2878
MO	Moberly	39.4202	-92.4358
MO	Mokane	38.6998	-91.8868
MO	Monett	36.9212	-93.9258
MO	Monroe City	39.6546	-91.7230
MO	Montgomery City	38.9839	-91.5085
MO	Monticello	40.1040	-91.7123
MO	Montier	36.9869	-91.5753
MO	Montreal	37.9851	-92.5470
MO	Montrose	38.2597	-93.9952
MO	Moody	36.5330	-91.9898
MO	Mooresville	39.7425	-93.7169
MO	Mora	38.5207	-93.2272
MO	Morehouse	36.8190	-89.6852
MO	Morley	37.0436	-89.6103
MO	Morrison	38.6060	-91.6580
MO	Morrisville	37.4686	-93.4275
MO	Morse Mill	38.2767	-90.6531
MO	Mosby	39.3156	-94.2936
MO	Moscow Mills	38.9229	-90.9630
MO	Mound City	40.1362	-95.2138
MO	Moundville	37.7476	-94.4496
MO	Mount Sterling	38.5388	-91.6103
MO	Mount Vernon	37.1045	-93.7976
MO	Mountain Grove	37.1626	-92.2839
MO	Mountain View	36.9892	-91.7099
MO	Myrtle	36.5217	-91.2706
MO	Napoleon	39.1140	-94.0709
MO	Naylor	36.5843	-90.6124
MO	Neck City	37.2569	-94.4442
MO	Neelyville	36.5710	-90.4995
MO	Nelson	39.0104	-93.0311
MO	Neosho	36.8706	-94.3862
MO	Nevada	37.8409	-94.3571
MO	New Bloomfield	38.7100	-92.0830
MO	New Boston	39.9332	-92.9160
MO	New Cambria	39.7551	-92.7695
MO	New Florence	38.9023	-91.4909
MO	New Franklin	39.0200	-92.7386
MO	New Hampton	40.2444	-94.1786
MO	New Haven	38.5740	-91.2291
MO	New London	39.5917	-91.3960
MO	New Madrid	36.6073	-89.5366
MO	New Melle	38.7097	-90.8794
MO	Newark	39.9974	-91.9924
MO	Newburg	37.9008	-91.8807
MO	Newtonia	36.8767	-94.1853
MO	Newtown	40.3612	-93.3073
MO	Niangua	37.3985	-92.7763
MO	Nixa	37.0512	-93.2972
MO	Noble	36.7441	-92.5769
MO	Noel	36.5417	-94.4906
MO	Norborne	39.3299	-93.6761
MO	Norwood	37.0687	-92.4082
MO	Novelty	40.0360	-92.2438
MO	Novinger	40.2685	-92.7172
MO	O Fallon	38.8001	-90.7202
MO	Oak Grove	38.9985	-94.1399
MO	Oak Ridge	37.5258	-89.7508
MO	Odessa	38.9829	-93.9757
MO	Old Appleton	37.5830	-89.7071
MO	Old Monroe	38.9346	-90.7782
MO	Oldfield	36.9704	-93.0325
MO	Olean	38.4001	-92.5303
MO	Olney	39.0875	-91.2113
MO	Oran	37.0870	-89.6734
MO	Oregon	39.9809	-95.1234
MO	Oronogo	37.2433	-94.4462
MO	Orrick	39.2116	-94.1239
MO	Osage Beach	38.1380	-92.6664
MO	Osborn	39.7684	-94.2477
MO	Osceola	38.0286	-93.7536
MO	Otterville	38.7161	-93.0108
MO	Owensville	38.3511	-91.4867
MO	Oxly	36.5874	-90.6920
MO	Ozark	37.0169	-93.2022
MO	Pacific	38.4922	-90.7480
MO	Palmyra	39.7913	-91.5368
MO	Paris	39.4932	-92.0113
MO	Park Hills	37.8556	-90.5273
MO	Parma	36.5856	-89.8190
MO	Parnell	40.4723	-94.6595
MO	Patterson	37.1960	-90.5772
MO	Patton	37.4733	-90.0500
MO	Pattonsburg	40.0428	-94.1343
MO	Peace Valley	36.8380	-91.7696
MO	Peculiar	38.7165	-94.4405
MO	Perkins	37.0947	-89.7753
MO	Perry	39.4207	-91.6641
MO	Perryville	37.7174	-89.8737
MO	Pevely	38.2799	-90.4111
MO	Philadelphia	39.8359	-91.7538
MO	Phillipsburg	37.5832	-92.7416
MO	Pickering	40.4591	-94.8411
MO	Piedmont	37.1573	-90.6990
MO	Pierce City	36.9730	-94.0024
MO	Pilot Grove	38.8712	-92.9305
MO	Pilot Knob	37.6211	-90.6403
MO	Pineville	36.5802	-94.3515
MO	Pittsburg	37.8442	-93.3356
MO	Plato	37.5122	-92.1709
MO	Platte City	39.3602	-94.7890
MO	Plattsburg	39.5705	-94.4338
MO	Pleasant Hill	38.7859	-94.2440
MO	Pleasant Hope	37.4615	-93.2617
MO	Plevna	39.9926	-92.1117
MO	Pocahontas	37.5011	-89.6389
MO	Point Lookout	36.6172	-93.2392
MO	Polk	37.7529	-93.2941
MO	Pollock	40.3385	-93.1115
MO	Polo	39.5647	-94.0743
MO	Pomona	36.8441	-91.9137
MO	Ponce De Leon	36.8905	-93.3671
MO	Pontiac	36.5248	-92.5612
MO	Poplar Bluff	36.7662	-90.4166
MO	Portage Des Sioux	38.9276	-90.3531
MO	Portageville	36.4279	-89.7002
MO	Portland	38.7847	-91.7006
MO	Potosi	37.9549	-90.8415
MO	Pottersville	36.7068	-92.0440
MO	Powell	36.5563	-94.1675
MO	Powersite	36.6307	-93.0900
MO	Powersville	40.5272	-93.2844
MO	Prairie Home	38.8253	-92.5974
MO	Preston	37.9390	-93.1713
MO	Princeton	40.3855	-93.5774
MO	Protem	36.5463	-92.8297
MO	Purcell	37.2422	-94.4350
MO	Purdin	39.9529	-93.1700
MO	Purdy	36.8069	-93.9164
MO	Puxico	36.9422	-90.1623
MO	Queen City	40.4152	-92.5663
MO	Quincy	38.0029	-93.4713
MO	Qulin	36.5818	-90.2617
MO	Racine	36.8961	-94.5272
MO	Ravenwood	40.3579	-94.6805
MO	Raymondville	37.3569	-91.8131
MO	Raymore	38.8019	-94.4529
MO	Rayville	39.3853	-94.0284
MO	Rea	40.0593	-94.7002
MO	Redford	37.3235	-90.9220
MO	Reeds	37.1225	-94.1613
MO	Reeds Spring	36.6947	-93.3722
MO	Renick	39.3428	-92.4136
MO	Republic	37.1230	-93.4800
MO	Revere	40.4950	-91.6775
MO	Reynolds	37.4008	-91.0733
MO	Rhineland	38.7638	-91.5151
MO	Rich Hill	38.0944	-94.3635
MO	Richards	37.9061	-94.5592
MO	Richland	37.8528	-92.3962
MO	Richmond	39.2793	-93.9792
MO	Richwoods	38.1496	-90.8310
MO	Ridgedale	36.5247	-93.2778
MO	Ridgeway	40.3999	-93.9575
MO	Risco	36.5533	-89.8178
MO	Riverside	39.1779	-94.6167
MO	Rives	36.0936	-90.0133
MO	Roach	38.0088	-92.8075
MO	Robertsville	38.3816	-90.8016
MO	Roby	37.4970	-92.1222
MO	Rocheport	38.9756	-92.5079
MO	Rock Port	40.4306	-95.5274
MO	Rockaway Beach	36.7137	-93.1715
MO	Rockbridge	36.7894	-92.4089
MO	Rockville	38.0766	-94.1299
MO	Rocky Comfort	36.7175	-94.1091
MO	Rocky Mount	38.2911	-92.7059
MO	Rogersville	37.1310	-93.0964
MO	Rolla	37.9485	-91.7603
MO	Rombauer	36.8431	-90.2800
MO	Roscoe	37.9728	-93.8119
MO	Rosebud	38.3853	-91.3974
MO	Rosendale	40.0399	-94.8328
MO	Rothville	39.6627	-93.0467
MO	Rueter	36.6314	-92.9188
MO	Rush Hill	39.1932	-91.6888
MO	Rushville	39.5653	-95.0413
MO	Russellville	38.5005	-92.4291
MO	Rutledge	40.3290	-92.0976
MO	Saginaw	37.0239	-94.4681
MO	Saint Albans	38.5792	-90.7750
MO	Saint Ann	38.7259	-90.3864
MO	Saint Charles	38.8014	-90.5065
MO	Saint Clair	38.3299	-90.9713
MO	Saint Elizabeth	38.2712	-92.2635
MO	Saint James	38.0056	-91.6076
MO	Saint Joseph	39.7688	-94.8385
MO	Saint Louis	38.6426	-90.3242
MO	Saint Mary	37.9140	-89.9293
MO	Saint Patrick	40.3199	-91.6547
MO	Saint Peters	38.7802	-90.6228
MO	Saint Robert	37.8281	-92.1775
MO	Saint Thomas	38.3912	-92.1894
MO	Sainte Genevieve	37.9504	-90.0960
MO	Salem	37.6170	-91.5258
MO	Salisbury	39.4319	-92.8014
MO	Santa Fe	39.3989	-91.8294
MO	Sarcoxie	37.0724	-94.1151
MO	Savannah	39.9168	-94.8267
MO	Saverton	39.6464	-91.2681
MO	Schell City	38.0094	-94.1579
MO	Scott City	37.2077	-89.5181
MO	Sedalia	38.6961	-93.2323
MO	Sedgewickville	37.5370	-89.9272
MO	Seligman	36.5276	-93.9359
MO	Senath	36.1324	-90.1632
MO	Seneca	36.8442	-94.5594
MO	Seymour	37.1667	-92.7857
MO	Shelbina	39.6947	-92.0371
MO	Shelbyville	39.8108	-92.0498
MO	Sheldon	37.6840	-94.2548
MO	Shell Knob	36.6167	-93.6249
MO	Sheridan	40.4928	-94.5701
MO	Shook	37.0770	-90.3006
MO	Sibley	39.1627	-94.1990
MO	Sikeston	36.8911	-89.5820
MO	Silex	39.1166	-91.0370
MO	Silva	37.2119	-90.4375
MO	Skidmore	40.2896	-95.0792
MO	Slater	39.2163	-93.0547
MO	Smithton	38.6500	-93.1081
MO	Smithville	39.3917	-94.5592
MO	Solo	37.1671	-91.9599
MO	South Fork	36.6293	-91.9125
MO	South Greenfield	37.3743	-93.8445
MO	South West City	36.5319	-94.5961
MO	Sparta	36.9775	-93.1065
MO	Spickard	40.2400	-93.5503
MO	Spokane	36.8636	-93.2754
MO	Springfield	37.2152	-93.2950
MO	Squires	36.8504	-92.5844
MO	Stanberry	40.2293	-94.5387
MO	Stanton	38.2744	-91.1056
MO	Stark City	36.8785	-94.1548
MO	Steedman	38.7566	-91.7888
MO	Steele	36.0915	-89.8346
MO	Steelville	37.9630	-91.3293
MO	Stella	36.7516	-94.2086
MO	Stet	39.4231	-93.7586
MO	Stewartsville	39.7455	-94.5178
MO	Stockton	37.7241	-93.7960
MO	Stotts City	37.1031	-93.9543
MO	Stoutland	37.8693	-92.5114
MO	Stoutsville	39.5594	-91.8297
MO	Stover	38.4414	-92.9947
MO	Strafford	37.2797	-93.1066
MO	Strasburg	38.7600	-94.1661
MO	Sturdivant	37.0710	-90.0092
MO	Sturgeon	39.2057	-92.2953
MO	Success	37.4805	-92.0036
MO	Sullivan	38.2307	-91.1567
MO	Summersville	37.1484	-91.6828
MO	Sumner	39.6550	-93.2241
MO	Sunrise Beach	38.1558	-92.7854
MO	Sweet Springs	38.9660	-93.4247
MO	Syracuse	38.6374	-92.8823
MO	Tallapoosa	36.5081	-89.8192
MO	Taneyville	36.7405	-93.0280
MO	Tarkio	40.4418	-95.3786
MO	Taylor	39.9145	-91.5278
MO	Tebbetts	38.6402	-91.9673
MO	Tecumseh	36.5875	-92.2598
MO	Thayer	36.5327	-91.5418
MO	Theodosia	36.5690	-92.7019
MO	Thompson	39.2026	-92.0259
MO	Thornfield	36.7075	-92.6578
MO	Tiff	38.0192	-90.6528
MO	Tiff City	36.6644	-94.5934
MO	Tina	39.5518	-93.4647
MO	Tipton	38.6548	-92.7814
MO	Treloar	38.6444	-91.1878
MO	Trenton	40.0823	-93.6086
MO	Trimble	39.4871	-94.5512
MO	Triplett	39.5011	-93.1928
MO	Troy	39.0012	-90.9624
MO	Truxton	38.9670	-91.2126
MO	Tunas	37.8392	-92.9808
MO	Turners	37.1808	-93.1553
MO	Turney	39.6318	-94.2972
MO	Tuscumbia	38.2389	-92.4917
MO	Udall	36.5253	-92.2335
MO	Ulman	38.1341	-92.4640
MO	Union	38.4456	-91.0206
MO	Union Star	39.9846	-94.5787
MO	Uniontown	37.6107	-89.7237
MO	Unionville	40.4815	-92.9951
MO	Urbana	37.8523	-93.1510
MO	Urich	38.4449	-93.9785
MO	Utica	39.7417	-93.6289
MO	Valles Mines	38.0419	-90.4997
MO	Valley Park	38.5576	-90.4924
MO	Van Buren	37.0015	-91.0007
MO	Vandalia	39.2949	-91.4883
MO	Vanduser	36.9906	-89.6856
MO	Vanzant	36.9778	-92.2101
MO	Verona	36.9370	-93.8005
MO	Versailles	38.4365	-92.8258
MO	Viburnum	37.7151	-91.1289
MO	Vichy	38.0980	-91.7788
MO	Vienna	38.1919	-91.9422
MO	Villa Ridge	38.4601	-90.8822
MO	Vista	37.9883	-93.6639
MO	Vulcan	37.3060	-90.7106
MO	Waco	37.2469	-94.5992
MO	Waldron	39.2222	-94.7931
MO	Walker	37.8930	-94.2293
MO	Walnut Grove	37.3943	-93.5044
MO	Walnut Shade	36.7704	-93.2148
MO	Wappapello	36.9766	-90.2848
MO	Wardell	36.3472	-89.8164
MO	Warrensburg	38.7667	-93.7273
MO	Warrenton	38.8050	-91.1740
MO	Warsaw	38.2502	-93.3373
MO	Washburn	36.5807	-93.9920
MO	Washington	38.5459	-91.0193
MO	Wasola	36.7826	-92.5899
MO	Watson	40.4780	-95.6193
MO	Waverly	39.2055	-93.5257
MO	Wayland	40.4426	-91.6079
MO	Waynesville	37.8175	-92.1989
MO	Weatherby	39.8887	-94.2550
MO	Weaubleau	37.8804	-93.5344
MO	Webb City	37.1440	-94.4727
MO	Wellington	39.1258	-93.9855
MO	Wellsville	39.0765	-91.5645
MO	Wentworth	36.9807	-94.1322
MO	Wentzville	38.8020	-90.8534
MO	Wesco	37.8732	-91.3490
MO	West Alton	38.8758	-90.2384
MO	West Plains	36.7284	-91.8717
MO	Westboro	40.5357	-95.3134
MO	Weston	39.4453	-94.9145
MO	Westphalia	38.4270	-92.0392
MO	Wheatland	37.9103	-93.3981
MO	Wheaton	36.7651	-94.0492
MO	Wheeling	39.8011	-93.3868
MO	Whiteman Air Force Base	38.7317	-93.5725
MO	Whiteoak	36.3303	-90.0278
MO	Whiteside	39.1853	-91.0167
MO	Whitewater	37.2865	-89.7363
MO	Willard	37.2962	-93.4259
MO	Williamsburg	38.8981	-91.6792
MO	Williamstown	40.2156	-91.8548
MO	Williamsville	36.9638	-90.4879
MO	Willow Springs	36.9958	-91.9405
MO	Windsor	38.5272	-93.5269
MO	Windyville	37.7182	-92.9379
MO	Winfield	38.9897	-90.8213
MO	Winigan	40.0371	-92.9301
MO	Winona	37.0169	-91.3121
MO	Winston	39.8499	-94.1487
MO	Wolf Island	36.7392	-89.2103
MO	Wooldridge	38.9195	-92.5826
MO	Worth	40.4173	-94.4371
MO	Worthington	40.4240	-92.7401
MO	Wright City	38.8097	-91.0329
MO	Wyaconda	40.3721	-91.9071
MO	Wyatt	36.9092	-89.2225
MO	Yukon	37.2311	-91.8244
MO	Zalma	37.1365	-90.0757
MO	Zanoni	36.6925	-92.3047
MS	Abbeville	34.4556	-89.5688
MS	Aberdeen	33.8284	-88.5380
MS	Ackerman	33.3517	-89.2014
MS	Algoma	34.1761	-89.0311
MS	Alligator	34.1294	-90.7382
MS	Amory	33.9844	-88.4709
MS	Anguilla	33.0121	-90.8095
MS	Arcola	33.2697	-90.8797
MS	Arkabutla	34.6989	-90.1222
MS	Artesia	33.4153	-88.6439
MS	Ashland	34.7946	-89.2054
MS	Avon	33.2300	-91.0472
MS	Bailey	32.4754	-88.6991
MS	Baldwyn	34.5280	-88.6375
MS	Banner	34.0949	-89.4154
MS	Bassfield	31.5037	-89.7027
MS	Batesville	34.3317	-89.9142
MS	Bay Saint Louis	30.3243	-89.3974
MS	Bay Springs	31.9449	-89.2338
MS	Beaumont	31.1368	-88.9055
MS	Becker	33.9331	-88.4811
MS	Belden	34.2787	-88.8160
MS	Belen	34.2731	-90.3542
MS	Bellefontaine	33.6486	-89.3100
MS	Belmont	34.5102	-88.2309
MS	Belzoni	33.1842	-90.4924
MS	Benoit	33.6448	-91.0338
MS	Benton	32.8158	-90.2815
MS	Bentonia	32.7000	-90.3722
MS	Beulah	33.7880	-90.9795
MS	Big Creek	33.8514	-89.4378
MS	Biloxi	30.4035	-88.8971
MS	Blue Mountain	34.6710	-89.0088
MS	Blue Springs	34.4273	-88.8590
MS	Bogue Chitto	31.4563	-90.4732
MS	Bolton	32.3778	-90.4474
MS	Booneville	34.6694	-88.5443
MS	Boyle	33.6854	-90.7335
MS	Brandon	32.3038	-89.9640
MS	Braxton	32.0016	-89.9672
MS	Brookhaven	31.5858	-90.4520
MS	Brooklyn	30.9989	-89.2337
MS	Brooksville	33.2140	-88.5014
MS	Bruce	34.0066	-89.3484
MS	Buckatunna	31.5080	-88.5257
MS	Bude	31.4628	-90.8500
MS	Burnsville	34.8579	-88.3070
MS	Byhalia	34.8854	-89.6763
MS	Byram	32.1932	-90.2708
MS	Caledonia	33.6865	-88.3145
MS	Calhoun City	33.8408	-89.3178
MS	Camden	32.7948	-89.8928
MS	Canton	32.6205	-90.0061
MS	Carriere	30.6178	-89.5779
MS	Carrollton	33.5208	-89.9506
MS	Carson	31.5585	-89.7758
MS	Carthage	32.7886	-89.5353
MS	Cary	32.8058	-90.9267
MS	Cascilla	33.9079	-90.0362
MS	Cedarbluff	33.6162	-88.8267
MS	Centreville	31.0893	-91.0960
MS	Charleston	33.9726	-90.1116
MS	Chatawa	31.0603	-90.4722
MS	Chatham	33.1006	-91.0978
MS	Chunky	32.2472	-88.9470
MS	Clara	31.5803	-88.6964
MS	Clarksdale	34.2050	-90.5778
MS	Cleveland	33.7430	-90.7309
MS	Clinton	32.3411	-90.3229
MS	Coahoma	34.3625	-90.4727
MS	Coffeeville	33.9215	-89.6782
MS	Coila	33.3731	-89.9915
MS	Coldwater	34.6924	-89.9869
MS	Collins	31.6707	-89.5438
MS	Collinsville	32.5183	-88.8155
MS	Columbia	31.2559	-89.7998
MS	Columbus	33.5377	-88.4262
MS	Como	34.5137	-89.9155
MS	Conehatta	32.4670	-89.2690
MS	Corinth	34.9324	-88.5439
MS	Courtland	34.2596	-89.9396
MS	Crawford	33.3219	-88.5671
MS	Crenshaw	34.4540	-90.1855
MS	Crosby	31.2994	-91.0237
MS	Crowder	34.1731	-90.1364
MS	Cruger	33.3110	-90.2316
MS	Crystal Springs	31.9933	-90.3744
MS	D Lo	31.9856	-89.8992
MS	Daleville	32.5511	-88.6609
MS	Darling	34.3589	-90.2742
MS	De Kalb	32.7162	-88.7332
MS	Decatur	32.4358	-89.1168
MS	Delta City	33.0739	-90.7950
MS	Dennis	34.5497	-88.2117
MS	Derma	33.8556	-89.2844
MS	Diamondhead	30.3944	-89.3639
MS	Diberville	30.4413	-88.8986
MS	Doddsville	33.6300	-90.5264
MS	Drew	33.8670	-90.5406
MS	Dublin	34.0722	-90.4906
MS	Duck Hill	33.6865	-89.7334
MS	Dumas	34.6491	-88.8072
MS	Duncan	34.0470	-90.7652
MS	Dundee	34.5282	-90.3891
MS	Durant	33.0828	-89.8612
MS	Eastabuchie	31.4711	-89.2308
MS	Ecru	34.3371	-88.9560
MS	Edwards	32.3160	-90.5984
MS	Elliott	33.6833	-89.7492
MS	Ellisville	31.5797	-89.2231
MS	Enid	34.1263	-90.0044
MS	Enterprise	32.1563	-88.8474
MS	Escatawpa	30.4403	-88.5436
MS	Ethel	33.1526	-89.4947
MS	Etta	34.4352	-89.1767
MS	Eupora	33.5689	-89.3045
MS	Falcon	34.3931	-90.2564
MS	Falkner	34.8417	-88.9525
MS	Farrell	34.2642	-90.6722
MS	Fayette	31.7121	-91.0582
MS	Fernwood	31.1853	-90.4489
MS	Flora	32.5578	-90.3235
MS	Florence	32.1530	-90.1217
MS	Flowood	32.3165	-90.1105
MS	Forest	32.3470	-89.4672
MS	Foxworth	31.2473	-89.9311
MS	French Camp	33.3383	-89.3946
MS	Friars Point	34.3694	-90.6389
MS	Fulton	34.2745	-88.3793
MS	Gallman	31.9319	-90.3892
MS	Gattman	33.8742	-88.2588
MS	Gautier	30.3980	-88.6412
MS	Georgetown	31.8552	-90.2127
MS	Glen	34.8780	-88.4359
MS	Glen Allan	33.0254	-91.0092
MS	Glendora	33.8292	-90.2931
MS	Gloster	31.1903	-90.9240
MS	Golden	34.4812	-88.1842
MS	Goodman	32.9721	-89.9821
MS	Gore Springs	33.7245	-89.5754
MS	Grace	32.9994	-90.9564
MS	Greenville	33.3787	-91.0468
MS	Greenwood	33.5159	-90.1726
MS	Greenwood Springs	33.9934	-88.3123
MS	Grenada	33.7751	-89.8087
MS	Gulfport	30.3826	-89.0976
MS	Gunnison	33.9439	-90.9319
MS	Guntown	34.4299	-88.7011
MS	Hamilton	33.8011	-88.4478
MS	Harperville	32.4942	-89.4894
MS	Harriston	31.7250	-91.0322
MS	Harrisville	31.9676	-90.1054
MS	Hattiesburg	31.3146	-89.3065
MS	Hazlehurst	31.8562	-90.4051
MS	Heidelberg	31.8820	-88.9981
MS	Hermanville	31.9564	-90.8446
MS	Hernando	34.8096	-90.0095
MS	Hickory	32.3200	-89.0093
MS	Hickory Flat	34.6244	-89.1862
MS	Hillsboro	32.4592	-89.5114
MS	Holcomb	33.7604	-89.9020
MS	Hollandale	33.1779	-90.8486
MS	Holly Bluff	32.8242	-90.7045
MS	Holly Ridge	33.4456	-90.7533
MS	Holly Springs	34.7687	-89.4483
MS	Horn Lake	34.9519	-90.0507
MS	Houlka	34.0561	-89.0531
MS	Houston	33.9026	-88.9670
MS	Hurley	30.6608	-88.4942
MS	Independence	34.7050	-89.8089
MS	Indianola	33.4491	-90.6541
MS	Inverness	33.3490	-90.6051
MS	Isola	33.2471	-90.6040
MS	Itta Bena	33.4798	-90.3394
MS	Iuka	34.8089	-88.1983
MS	Jackson	32.2935	-90.1867
MS	Jayess	31.4036	-90.1864
MS	Jonestown	34.3194	-90.4556
MS	Kilmichael	33.4165	-89.5696
MS	Kiln	30.4089	-89.4350
MS	Kokomo	31.1777	-89.9824
MS	Kosciusko	33.0446	-89.5724
MS	Lake	32.3459	-89.3414
MS	Lake Cormorant	34.8937	-90.1608
MS	Lakeshore	30.2464	-89.4358
MS	Lamar	34.9271	-89.3163
MS	Lambert	34.1837	-90.2630
MS	Lauderdale	32.5022	-88.4956
MS	Laurel	31.7054	-89.1312
MS	Lawrence	32.2876	-89.2724
MS	Leakesville	31.1238	-88.5595
MS	Leland	33.4100	-90.8928
MS	Lena	32.6446	-89.5494
MS	Lexington	33.1250	-90.0557
MS	Liberty	31.1384	-90.7133
MS	Little Rock	32.5403	-89.1814
MS	Long Beach	30.3598	-89.1646
MS	Lorman	31.8383	-91.0957
MS	Louin	32.0997	-89.2199
MS	Louise	32.9919	-90.5893
MS	Louisville	33.1058	-89.0287
MS	Lucedale	30.8667	-88.5934
MS	Ludlow	32.5717	-89.7128
MS	Lula	34.4531	-90.4786
MS	Lumberton	31.0534	-89.4543
MS	Lyon	34.2474	-90.4981
MS	Maben	33.5262	-89.0659
MS	Macon	33.1027	-88.5781
MS	Madden	32.7087	-89.3817
MS	Madison	32.4671	-90.1087
MS	Magee	31.8495	-89.7503
MS	Magnolia	31.1217	-90.4831
MS	Mantachie	34.3587	-88.4960
MS	Mantee	33.6655	-89.1229
MS	Marietta	34.5011	-88.4498
MS	Marion	32.4172	-88.6478
MS	Marks	34.2607	-90.2816
MS	Mathiston	33.5415	-89.1275
MS	Mayersville	32.9013	-91.0286
MS	Mayhew	33.4847	-88.6344
MS	Mc Adams	33.0406	-89.6553
MS	Mc Call Creek	31.4908	-90.7836
MS	Mc Carley	33.5864	-89.8513
MS	Mc Cool	33.1632	-89.3268
MS	Mc Henry	30.6975	-89.1536
MS	Mc Lain	31.0784	-88.8195
MS	Mc Neill	30.7075	-89.6856
MS	Mccomb	31.2216	-90.4324
MS	Meadville	31.4285	-90.8578
MS	Mendenhall	31.9494	-89.8095
MS	Meridian	32.3574	-88.6560
MS	Merigold	33.8373	-90.7256
MS	Metcalfe	33.4539	-91.0072
MS	Michigan City	34.9318	-89.1362
MS	Midnight	33.0494	-90.5733
MS	Minter City	33.7515	-90.3133
MS	Mississippi State	33.4594	-88.7908
MS	Mize	31.8473	-89.5741
MS	Money	33.6511	-90.2092
MS	Monticello	31.5238	-90.1280
MS	Montpelier	33.7178	-88.9478
MS	Mooreville	34.2808	-88.5950
MS	Moorhead	33.4783	-90.5143
MS	Morgan City	33.3806	-90.3503
MS	Morton	32.4361	-89.5512
MS	Moselle	31.4836	-89.3206
MS	Moss	31.8150	-89.1778
MS	Moss Point	30.4114	-88.5344
MS	Mound Bayou	33.8860	-90.7302
MS	Mount Olive	31.7346	-89.6724
MS	Mount Pleasant	34.9364	-89.5321
MS	Myrtle	34.5402	-89.1157
MS	Natchez	31.5492	-91.3642
MS	Neely	31.1793	-88.7198
MS	Nesbit	34.8992	-90.0122
MS	Nettleton	34.0821	-88.6052
MS	New Albany	34.4851	-89.0031
MS	New Augusta	31.1309	-89.0286
MS	New Site	34.5617	-88.4350
MS	Newhebron	31.7300	-90.0153
MS	Newton	32.3244	-89.1840
MS	Nicholson	30.4769	-89.6936
MS	North Carrollton	33.5181	-89.9206
MS	Noxapater	32.9789	-89.1221
MS	Oak Vale	31.4420	-89.9827
MS	Oakland	34.0756	-89.8877
MS	Ocean Springs	30.4404	-88.7801
MS	Okolona	33.9890	-88.7598
MS	Olive Branch	34.9441	-89.8544
MS	Osyka	31.0217	-90.4790
MS	Ovett	31.4738	-89.0396
MS	Oxford	34.3544	-89.4969
MS	Pace	33.7914	-90.8569
MS	Pachuta	32.0081	-88.8653
MS	Panther Burn	33.0661	-90.8683
MS	Parchman	33.9178	-90.4964
MS	Paris	34.1768	-89.4214
MS	Pascagoula	30.5303	-88.5165
MS	Pass Christian	30.3989	-89.2843
MS	Pattison	31.8510	-90.8283
MS	Paulding	32.0167	-89.0584
MS	Pearl	32.2768	-90.1027
MS	Pearlington	30.2464	-89.6111
MS	Pelahatchie	32.3180	-89.7913
MS	Perkinston	30.7669	-89.1400
MS	Petal	31.3472	-89.2222
MS	Pheba	33.5961	-88.9518
MS	Philadelphia	32.7572	-89.1154
MS	Philipp	33.7574	-90.2091
MS	Picayune	30.5418	-89.6910
MS	Pickens	32.8905	-89.9737
MS	Piney Woods	32.0625	-89.9928
MS	Pinola	31.8277	-90.0088
MS	Pittsboro	33.9443	-89.3376
MS	Plantersville	34.2011	-88.6335
MS	Pocahontas	32.4742	-90.2861
MS	Pontotoc	34.2170	-88.9868
MS	Pope	34.1906	-90.0027
MS	Poplarville	30.8524	-89.5648
MS	Port Gibson	31.9266	-91.0230
MS	Porterville	32.6368	-88.4984
MS	Potts Camp	34.6047	-89.3151
MS	Prairie	33.7951	-88.6335
MS	Prentiss	31.6057	-89.8735
MS	Preston	32.8537	-88.8130
MS	Puckett	32.0808	-89.7758
MS	Pulaski	32.2708	-89.6505
MS	Purvis	31.1496	-89.4623
MS	Quitman	32.0668	-88.6788
MS	Raleigh	32.0508	-89.5088
MS	Randolph	34.1789	-89.1636
MS	Raymond	32.2392	-90.4241
MS	Red Banks	34.8750	-89.5198
MS	Redwood	32.4867	-90.7859
MS	Rena Lara	34.1497	-90.7803
MS	Richland	32.2152	-90.1562
MS	Richton	31.3434	-88.9101
MS	Ridgeland	32.4122	-90.1207
MS	Rienzi	34.7968	-88.5795
MS	Ripley	34.7509	-88.9240
MS	Robinsonville	34.8093	-90.3052
MS	Rolling Fork	32.8733	-90.8833
MS	Rome	33.9631	-90.4783
MS	Rose Hill	32.1489	-89.0011
MS	Rosedale	33.8432	-90.9923
MS	Roxie	31.5040	-91.0625
MS	Ruleville	33.7241	-90.5527
MS	Ruth	31.3795	-90.2867
MS	Sallis	33.0010	-89.7552
MS	Saltillo	34.3831	-88.6674
MS	Sandersville	31.7864	-89.0322
MS	Sandhill	32.4875	-89.8803
MS	Sandy Hook	31.0479	-89.8183
MS	Sarah	34.6120	-90.1382
MS	Sardis	34.4276	-89.9221
MS	Satartia	32.6125	-90.5965
MS	Saucier	30.5961	-89.1477
MS	Schlater	33.6244	-90.3620
MS	Scobey	33.9253	-89.8910
MS	Scooba	32.8402	-88.4883
MS	Scott	33.5917	-91.0742
MS	Sebastopol	32.5728	-89.3350
MS	Seminary	31.5285	-89.4816
MS	Senatobia	34.6323	-89.8855
MS	Shannon	34.1210	-88.7342
MS	Sharon	32.6583	-89.9361
MS	Shaw	33.5874	-90.8143
MS	Shelby	33.9491	-90.7625
MS	Sherard	34.2156	-90.7061
MS	Sherman	34.3592	-88.8411
MS	Shubuta	31.9031	-88.7259
MS	Shuqualak	32.9769	-88.5594
MS	Sibley	31.3792	-91.3986
MS	Sidon	33.4095	-90.1779
MS	Silver City	33.0507	-90.4928
MS	Silver Creek	31.5755	-90.0173
MS	Slate Spring	33.8553	-89.3114
MS	Sledge	34.3823	-90.2090
MS	Smithdale	31.3672	-90.6752
MS	Smithville	34.0648	-88.3900
MS	Sontag	31.6453	-90.1801
MS	Soso	31.7594	-89.3082
MS	Southaven	34.9771	-89.9992
MS	Star	32.0939	-90.0461
MS	Starkville	33.4501	-88.8176
MS	State Line	31.3916	-88.5171
MS	Steens	33.5671	-88.3278
MS	Stennis Space Center	30.3086	-89.3300
MS	Stewart	33.5101	-89.4790
MS	Stoneville	33.4239	-90.9150
MS	Stonewall	32.1564	-88.7748
MS	Stringer	31.8447	-89.2621
MS	Sturgis	33.3570	-89.0473
MS	Summit	31.2975	-90.4654
MS	Sumner	33.9708	-90.3686
MS	Sumrall	31.3600	-89.5777
MS	Sunflower	33.5847	-90.6387
MS	Swan Lake	34.0067	-90.0567
MS	Swiftown	33.3056	-90.4250
MS	Taylor	34.2849	-89.6273
MS	Taylorsville	31.8394	-89.4049
MS	Tchula	33.1624	-90.2500
MS	Terry	32.1147	-90.3241
MS	Thaxton	34.3136	-89.1515
MS	Thomastown	32.8639	-89.6694
MS	Tie Plant	33.7414	-89.7900
MS	Tillatoba	33.9852	-89.8945
MS	Tinsley	32.7319	-90.4603
MS	Tiplersville	34.9029	-88.9157
MS	Tippo	33.9119	-90.1806
MS	Tishomingo	34.6478	-88.2194
MS	Toccopola	34.2556	-89.2344
MS	Toomsuba	32.4296	-88.4892
MS	Tougaloo	32.3975	-90.1589
MS	Trebloc	33.8411	-88.8303
MS	Tremont	34.2335	-88.2392
MS	Tula	34.2328	-89.3622
MS	Tunica	34.6884	-90.3685
MS	Tupelo	34.2538	-88.7209
MS	Tutwiler	33.9819	-90.3753
MS	Tylertown	31.1466	-90.1169
MS	Union	32.5373	-89.0495
MS	Union Church	31.7105	-90.8259
MS	University	34.3645	-89.5827
MS	Utica	32.1229	-90.6047
MS	Vaiden	33.3343	-89.7570
MS	Valley Park	32.6323	-90.8542
MS	Van Vleet	33.9869	-88.9003
MS	Vance	34.0936	-90.3752
MS	Vancleave	30.5350	-88.7033
MS	Vardaman	33.9190	-89.1921
MS	Vaughan	32.8174	-90.0855
MS	Verona	34.1942	-88.7197
MS	Vicksburg	32.3258	-90.8507
MS	Victoria	34.8461	-89.6181
MS	Vossburg	31.9723	-88.9696
MS	Walls	34.9641	-90.1208
MS	Walnut	34.9527	-88.9053
MS	Walnut Grove	32.6134	-89.4105
MS	Walthall	33.6072	-89.2772
MS	Washington	31.5786	-91.2992
MS	Water Valley	34.1525	-89.6380
MS	Waterford	34.6402	-89.4683
MS	Waveland	30.2914	-89.3837
MS	Waynesboro	31.6754	-88.6782
MS	Wayside	33.2610	-91.0248
MS	Webb	33.9472	-90.3442
MS	Weir	33.2645	-89.2804
MS	Wesson	31.6901	-90.4131
MS	West	33.1883	-89.7695
MS	West Point	33.6265	-88.6823
MS	Wheeler	34.5803	-88.6075
MS	Whitfield	32.2353	-90.0719
MS	Wiggins	30.8609	-89.1324
MS	Winona	33.4858	-89.7277
MS	Winstonville	33.9100	-90.7514
MS	Winterville	33.5017	-91.0583
MS	Woodland	33.8066	-89.0256
MS	Woodville	31.1459	-91.3076
MS	Yazoo City	32.8594	-90.4031
MT	Absarokee	45.5154	-109.4692
MT	Acton	45.9370	-108.6810
MT	Alberton	46.9806	-114.4921
MT	Alder	45.3239	-112.1064
MT	Alzada	45.1562	-104.2617
MT	Anaconda	46.1299	-112.9739
MT	Angela	46.7719	-106.3157
MT	Antelope	48.6968	-104.4529
MT	Arlee	47.1860	-114.0760
MT	Ashland	45.5827	-106.2797
MT	Augusta	47.4537	-112.3883
MT	Avon	46.5972	-112.6011
MT	Babb	48.8788	-113.3681
MT	Bainville	48.1580	-104.1995
MT	Baker	46.3552	-104.2667
MT	Ballantine	45.9547	-108.1231
MT	Basin	46.2714	-112.2628
MT	Bearcreek	45.1523	-109.0447
MT	Belfry	45.0498	-109.0788
MT	Belgrade	45.7801	-111.1439
MT	Belt	47.3821	-110.9081
MT	Biddle	45.2570	-105.2901
MT	Big Arm	47.7585	-114.2070
MT	Big Sandy	48.1497	-110.0776
MT	Big Sky	45.2847	-111.3675
MT	Big Timber	45.8283	-109.9631
MT	Bigfork	48.0397	-114.0199
MT	Bighorn	46.2383	-107.2059
MT	Billings	45.7745	-108.5005
MT	Birney	45.2862	-106.5095
MT	Black Eagle	47.5262	-111.2764
MT	Bloomfield	47.3408	-104.8782
MT	Bonner	46.8601	-113.7463
MT	Boulder	46.2306	-112.1138
MT	Box Elder	48.2841	-109.8205
MT	Boyd	45.4578	-109.0658
MT	Boyes	45.4900	-104.8841
MT	Bozeman	45.6693	-111.0431
MT	Brady	48.0312	-111.7550
MT	Bridger	45.2857	-108.9082
MT	Broadus	45.4606	-105.4250
MT	Broadview	46.0821	-108.8091
MT	Brockton	48.2101	-104.8548
MT	Brockway	47.2485	-105.7776
MT	Browning	48.5493	-113.0197
MT	Brusett	47.3423	-107.5999
MT	Buffalo	46.8056	-109.7231
MT	Busby	45.5541	-106.8723
MT	Butte	45.9916	-112.5178
MT	Bynum	47.9900	-112.2762
MT	Cameron	45.1390	-111.6508
MT	Canyon Creek	46.7627	-112.2795
MT	Capitol	45.4732	-104.1462
MT	Cardwell	45.8941	-111.7809
MT	Carter	47.7810	-110.9786
MT	Cascade	47.2912	-111.7223
MT	Charlo	47.4334	-114.1593
MT	Chester	48.4541	-110.9798
MT	Chinook	48.5799	-109.2225
MT	Choteau	47.8380	-112.2021
MT	Circle	47.4264	-105.6148
MT	Clancy	46.4745	-111.9926
MT	Clinton	46.7673	-113.7038
MT	Clyde Park	45.8869	-110.6031
MT	Coffee Creek	47.3396	-110.0528
MT	Cohagen	47.1263	-106.4981
MT	Colstrip	45.8842	-106.6231
MT	Columbia Falls	48.3534	-114.1784
MT	Columbus	45.6262	-109.2571
MT	Condon	47.5097	-113.7075
MT	Conner	45.9128	-114.1800
MT	Conrad	48.1783	-111.9397
MT	Cooke City	45.0167	-109.9333
MT	Coram	48.4181	-114.0453
MT	Corvallis	46.3142	-114.0960
MT	Crane	47.5758	-104.2619
MT	Crow Agency	45.6296	-107.4973
MT	Culbertson	48.1495	-104.5132
MT	Custer	46.1302	-107.5958
MT	Cut Bank	48.6603	-112.3654
MT	Dagmar	48.6093	-104.2401
MT	Darby	46.0280	-114.1938
MT	Dayton	47.8607	-114.2809
MT	De Borgia	47.3758	-115.3450
MT	Decker	45.1797	-106.8721
MT	Deer Lodge	46.3881	-112.7476
MT	Dell	44.9588	-112.9504
MT	Denton	47.3191	-109.8789
MT	Dillon	45.2339	-112.6405
MT	Divide	45.7161	-112.7196
MT	Dixon	47.3131	-114.3056
MT	Dodson	48.2075	-108.6300
MT	Drummond	46.6647	-113.2426
MT	Dupuyer	48.1925	-112.4986
MT	Dutton	47.8601	-111.6900
MT	East Glacier Park	48.4600	-113.3173
MT	East Helena	46.5973	-111.9051
MT	Edgar	45.4647	-108.8517
MT	Ekalaka	45.8805	-104.5040
MT	Elliston	46.5622	-112.4300
MT	Elmo	47.8185	-114.3439
MT	Emigrant	45.1276	-110.7989
MT	Ennis	45.3545	-111.6870
MT	Essex	48.4940	-113.9467
MT	Ethridge	48.5578	-112.1197
MT	Eureka	48.8428	-115.0049
MT	Fairfield	47.6143	-112.0015
MT	Fairview	47.8916	-104.2302
MT	Fallon	46.7866	-105.1161
MT	Fishtail	45.4002	-109.5821
MT	Flaxville	48.7472	-105.1637
MT	Florence	46.6310	-114.0945
MT	Floweree	47.6584	-111.1214
MT	Forest Grove	46.9137	-109.0233
MT	Forsyth	46.2819	-106.6991
MT	Fort Benton	47.8094	-110.6715
MT	Fort Harrison	46.6344	-112.0983
MT	Fort Peck	48.0538	-106.5166
MT	Fort Shaw	47.5639	-111.8057
MT	Fortine	48.7644	-114.9022
MT	Frazer	48.1612	-105.9919
MT	Frenchtown	47.0471	-114.2683
MT	Froid	48.3201	-104.4518
MT	Fromberg	45.4027	-108.9057
MT	Galata	48.4587	-111.4198
MT	Gallatin Gateway	45.6100	-111.1734
MT	Gardiner	45.0493	-110.1963
MT	Garrison	46.5724	-112.6173
MT	Garryowen	45.5086	-107.3649
MT	Geraldine	47.6024	-110.2765
MT	Geyser	47.2598	-110.4839
MT	Gildford	48.5927	-110.2836
MT	Glasgow	48.2034	-106.6094
MT	Glen	45.4767	-112.6897
MT	Glendive	47.1008	-104.7287
MT	Glentana	48.8481	-106.2489
MT	Gold Creek	46.5900	-112.9706
MT	Grantsdale	46.2036	-114.1408
MT	Grass Range	47.0259	-108.8271
MT	Great Falls	47.5098	-111.2734
MT	Greycliff	45.7926	-109.6746
MT	Hall	46.5825	-113.2087
MT	Hamilton	46.2395	-114.1679
MT	Hammond	45.2919	-104.6154
MT	Hardin	45.7498	-107.6075
MT	Harlem	48.5398	-108.7693
MT	Harlowton	46.4356	-109.8336
MT	Harrison	45.7423	-111.8461
MT	Hathaway	46.2761	-106.1961
MT	Haugan	47.3833	-115.3986
MT	Havre	48.5561	-109.6880
MT	Hays	48.3804	-108.7684
MT	Heart Butte	48.2777	-112.8456
MT	Helena	46.6131	-112.0213
MT	Helmville	46.8300	-112.9413
MT	Heron	48.0537	-115.9407
MT	Highwood	47.5816	-110.7887
MT	Hilger	47.2695	-109.4562
MT	Hingham	48.5870	-110.4275
MT	Hinsdale	48.4007	-107.0098
MT	Hobson	46.9476	-109.9518
MT	Hogeland	48.8571	-108.6677
MT	Homestead	48.4296	-104.5918
MT	Hot Springs	47.5914	-114.6597
MT	Hungry Horse	48.3858	-114.0600
MT	Huntley	45.8905	-108.2850
MT	Huson	47.0660	-114.4219
MT	Hysham	46.2765	-107.3072
MT	Ingomar	46.6542	-107.5517
MT	Inverness	48.5930	-110.6880
MT	Ismay	46.4132	-105.2091
MT	Jackson	45.4307	-113.4659
MT	Jefferson City	46.3883	-112.0267
MT	Joliet	45.4988	-108.9480
MT	Joplin	48.6498	-110.7914
MT	Jordan	47.3694	-106.9221
MT	Judith Gap	46.6623	-109.6755
MT	Kalispell	48.2209	-114.2892
MT	Kevin	48.7508	-111.9708
MT	Kila	48.0744	-114.5104
MT	Kinsey	46.5770	-105.7446
MT	Kremlin	48.5600	-110.0513
MT	Lake Mc Donald	48.7442	-114.0497
MT	Lakeside	48.0215	-114.2266
MT	Lambert	47.7459	-104.5987
MT	Lame Deer	45.6032	-106.5654
MT	Larslan	48.5822	-106.2835
MT	Laurel	45.6745	-108.7690
MT	Lavina	46.3291	-108.9959
MT	Ledger	48.2776	-111.7564
MT	Lewistown	47.0563	-109.4203
MT	Libby	48.3773	-115.5391
MT	Lima	44.6441	-112.5625
MT	Lincoln	46.9575	-112.6651
MT	Lindsay	47.2024	-105.2089
MT	Livingston	45.6546	-110.5609
MT	Lloyd	48.1486	-109.2943
MT	Lodge Grass	45.3322	-107.7341
MT	Lolo	46.7585	-114.1097
MT	Loma	47.9546	-110.4995
MT	Lonepine	47.7112	-114.6372
MT	Loring	48.7983	-107.8686
MT	Lothair	48.4717	-111.2314
MT	Malmstrom A F B	47.5033	-111.1758
MT	Malta	48.3692	-107.8408
MT	Manhattan	45.7980	-111.3146
MT	Marion	48.0836	-114.7446
MT	Martin City	48.3917	-114.0372
MT	Martinsdale	46.4581	-110.4324
MT	Marysville	46.7506	-112.2994
MT	Mc Allister	45.2914	-111.7983
MT	Mc Leod	45.5963	-109.9357
MT	Medicine Lake	48.4852	-104.4375
MT	Melrose	45.6319	-112.6836
MT	Melstone	46.5986	-107.8714
MT	Melville	46.0364	-109.8809
MT	Mildred	46.7517	-104.7891
MT	Miles City	46.4075	-105.8332
MT	Milltown	46.8714	-113.8808
MT	Missoula	46.8563	-114.0252
MT	Moccasin	47.0916	-109.8901
MT	Molt	45.8615	-108.9731
MT	Monarch	47.0722	-110.8710
MT	Moore	46.9898	-109.6538
MT	Mosby	46.9005	-107.7891
MT	Musselshell	46.5171	-108.0031
MT	Nashua	48.1865	-106.2441
MT	Neihart	46.9391	-110.7328
MT	Norris	45.5323	-111.6943
MT	Noxon	48.0302	-115.7807
MT	Nye	45.4410	-109.8271
MT	Oilmont	48.7400	-111.8400
MT	Olive	45.5466	-105.6687
MT	Olney	48.5486	-114.5772
MT	Opheim	48.8702	-106.3658
MT	Otter	45.4458	-106.0087
MT	Outlook	48.8817	-104.7415
MT	Ovando	47.0067	-113.0905
MT	Pablo	47.6003	-114.1181
MT	Paradise	47.3894	-114.8011
MT	Park City	45.6329	-108.9293
MT	Peerless	48.7808	-105.8006
MT	Pendroy	48.0879	-112.3261
MT	Philipsburg	46.3189	-113.3126
MT	Pinesdale	46.3294	-114.2158
MT	Plains	47.4734	-114.8930
MT	Plentywood	48.7788	-104.5600
MT	Plevna	46.4112	-104.5713
MT	Polaris	45.3697	-113.1186
MT	Polebridge	48.8206	-114.3836
MT	Polson	47.6876	-114.1404
MT	Pompeys Pillar	45.9838	-107.9154
MT	Pony	45.5745	-111.9619
MT	Poplar	48.1307	-105.1870
MT	Powderville	45.7392	-105.2761
MT	Power	47.6798	-111.7169
MT	Pray	45.4193	-110.6864
MT	Proctor	47.9404	-114.3832
MT	Pryor	45.4297	-108.5325
MT	Radersburg	46.0793	-111.5722
MT	Ramsay	46.1196	-112.6196
MT	Rapelje	45.9795	-109.2761
MT	Ravalli	47.2772	-114.1797
MT	Raymond	48.9686	-104.6298
MT	Raynesford	47.2604	-110.7047
MT	Red Lodge	45.1965	-109.2688
MT	Redstone	48.8355	-104.9353
MT	Reed Point	45.6485	-109.4689
MT	Reserve	48.5905	-104.6279
MT	Rexford	48.9179	-115.2129
MT	Richey	47.6229	-105.0170
MT	Richland	48.7273	-106.2237
MT	Ringling	46.2855	-110.8242
MT	Roberts	45.3672	-109.1769
MT	Rollins	47.9182	-114.2250
MT	Ronan	47.5525	-114.1054
MT	Roscoe	45.3772	-109.4464
MT	Rosebud	45.9358	-106.5981
MT	Roundup	46.4225	-108.5438
MT	Roy	47.3678	-108.8634
MT	Rudyard	48.5860	-110.5552
MT	Ryegate	46.2724	-109.2761
MT	Saco	48.6389	-107.4293
MT	Saint Ignatius	47.3300	-114.0758
MT	Saint Marie	48.1969	-106.6361
MT	Saint Regis	47.3369	-115.1703
MT	Saint Xavier	45.4890	-107.7092
MT	Saltese	47.4103	-115.5086
MT	Sand Coulee	47.4021	-111.1661
MT	Sand Springs	47.0323	-107.2886
MT	Sanders	46.2928	-107.2336
MT	Savage	47.5194	-104.2845
MT	Scobey	48.7854	-105.4170
MT	Seeley Lake	47.1789	-113.4810
MT	Shawmut	46.3869	-109.5974
MT	Shelby	48.5037	-111.8391
MT	Shepherd	45.9461	-108.3426
MT	Sheridan	45.4230	-112.1735
MT	Sidney	47.7130	-104.1634
MT	Silver Gate	45.0069	-109.9889
MT	Silver Star	45.7571	-112.1776
MT	Simms	47.4917	-111.9272
MT	Somers	48.0793	-114.2355
MT	Springdale	45.7383	-110.2264
MT	Stanford	47.1489	-110.1961
MT	Stevensville	46.5267	-114.0478
MT	Stockett	47.3217	-111.1287
MT	Stryker	48.6742	-114.7692
MT	Sula	45.8277	-114.0430
MT	Sumatra	46.6183	-107.5506
MT	Sun River	47.4810	-111.7242
MT	Sunburst	48.8516	-111.7442
MT	Superior	47.1721	-114.8885
MT	Sweet Grass	48.9713	-112.0204
MT	Teigen	47.0367	-108.5961
MT	Terry	46.8290	-105.3706
MT	Thompson Falls	47.6016	-115.3602
MT	Three Forks	45.8811	-111.5436
MT	Toston	46.2044	-111.4260
MT	Townsend	46.3346	-111.4919
MT	Trego	48.7053	-114.8683
MT	Trout Creek	47.8111	-115.5592
MT	Troy	48.4791	-115.8817
MT	Turner	48.8328	-108.3961
MT	Twin Bridges	45.5311	-112.3495
MT	Two Dot	46.4465	-109.8995
MT	Ulm	47.4306	-111.5064
MT	Valier	48.2795	-112.3033
MT	Vandalia	48.3547	-106.9092
MT	Vaughn	47.5624	-111.5770
MT	Victor	46.4005	-114.1665
MT	Vida	47.8947	-105.5996
MT	Virginia City	45.2472	-112.0026
MT	Volborg	46.0736	-105.7214
MT	Warm Springs	46.1626	-112.8200
MT	West Glacier	48.5000	-113.9778
MT	West Yellowstone	44.9125	-111.1860
MT	Westby	48.8587	-104.1247
MT	White Sulphur Springs	46.5663	-110.9344
MT	Whitefish	48.4040	-114.3509
MT	Whitehall	45.8771	-112.1245
MT	Whitetail	48.9250	-105.2977
MT	Whitewater	48.8349	-107.4054
MT	Whitlash	48.9110	-111.1075
MT	Wibaux	46.9646	-104.1897
MT	Willard	46.1141	-104.4467
MT	Willow Creek	45.8253	-111.6439
MT	Wilsall	45.9484	-110.6061
MT	Winifred	47.5899	-109.3409
MT	Winnett	46.9438	-108.3184
MT	Winston	46.4315	-111.6447
MT	Wisdom	45.6519	-113.4729
MT	Wise River	45.7424	-112.9963
MT	Wolf Creek	46.8396	-111.8833
MT	Wolf Point	48.1119	-105.6293
MT	Worden	45.9779	-108.1533
MT	Wyola	45.1089	-107.4303
MT	Yellowtail	45.3128	-107.9364
MT	Zortman	47.8743	-108.3495
MT	Zurich	48.5844	-109.0297
NC	Aberdeen	35.1216	-79.4450
NC	Advance	36.0065	-80.4463
NC	Ahoskie	36.2957	-76.9966
NC	Alamance	36.0350	-79.4861
NC	Albemarle	35.3573	-80.2044
NC	Albertson	35.1176	-77.8515
NC	Alexander	35.7064	-82.6311
NC	Alexis	35.3836	-81.1022
NC	Alliance	35.1447	-76.8025
NC	Almond	35.3295	-83.5784
NC	Altamahaw	36.1842	-79.5075
NC	Andrews	35.1959	-83.8228
NC	Angier	35.4897	-78.7249
NC	Ansonville	35.1044	-80.1094
NC	Apex	35.7225	-78.8408
NC	Arapahoe	35.0055	-76.8149
NC	Ararat	36.3869	-80.6089
NC	Arden	35.4637	-82.5354
NC	Ash	34.0659	-78.5056
NC	Asheboro	35.6935	-79.8197
NC	Asheville	35.5971	-82.5565
NC	Atkinson	34.5304	-78.1671
NC	Atlantic	34.8888	-76.3521
NC	Atlantic Beach	34.6973	-76.8152
NC	Aulander	36.1475	-77.1141
NC	Aurora	35.3023	-76.7994
NC	Autryville	35.0997	-78.6021
NC	Avon	35.3519	-75.5108
NC	Ayden	35.4565	-77.4051
NC	Aydlett	36.3045	-75.9029
NC	Badin	35.4058	-80.1169
NC	Bahama	36.1566	-78.8903
NC	Bailey	35.8072	-78.0892
NC	Bakersville	36.0286	-82.1711
NC	Balsam	35.4267	-83.0853
NC	Balsam Grove	35.2298	-82.8779
NC	Banner Elk	36.1705	-81.8412
NC	Barco	36.3588	-75.9793
NC	Barium Springs	35.7189	-80.8983
NC	Barnardsville	35.7748	-82.4567
NC	Barnesville	34.4086	-79.0469
NC	Bat Cave	35.4514	-82.2872
NC	Bath	35.4702	-76.7715
NC	Battleboro	35.8439	-77.4311
NC	Bayboro	35.1526	-76.7518
NC	Bear Creek	35.6129	-79.3726
NC	Beaufort	34.7580	-76.6228
NC	Belews Creek	36.2269	-80.0930
NC	Belhaven	35.5205	-76.6236
NC	Bellarthur	35.5792	-77.4906
NC	Belmont	35.2440	-81.0440
NC	Belvidere	36.3096	-76.5436
NC	Bennett	35.5673	-79.5225
NC	Benson	35.4037	-78.5421
NC	Bessemer City	35.2849	-81.2863
NC	Bethania	36.1822	-80.3383
NC	Bethel	35.7909	-77.3748
NC	Beulaville	34.9340	-77.7697
NC	Biscoe	35.3257	-79.7596
NC	Black Creek	35.6350	-77.9333
NC	Black Mountain	35.6125	-82.3251
NC	Bladenboro	34.5658	-78.7793
NC	Blanch	36.5338	-79.3042
NC	Blounts Creek	35.3820	-76.9250
NC	Blowing Rock	36.0946	-81.7510
NC	Boiling Springs	35.2542	-81.6672
NC	Bolivia	34.0260	-78.1681
NC	Bolton	34.3091	-78.3372
NC	Bonlee	35.6458	-79.4147
NC	Boomer	36.0552	-81.3137
NC	Boone	36.2142	-81.6660
NC	Boonville	36.2340	-80.6357
NC	Bostic	35.4533	-81.8118
NC	Brasstown	35.0314	-83.9668
NC	Brevard	35.2208	-82.7404
NC	Bridgeton	35.1214	-77.0211
NC	Broadway	35.4181	-79.0435
NC	Browns Summit	36.2019	-79.7101
NC	Brunswick	34.2867	-78.7014
NC	Bryson City	35.4241	-83.4392
NC	Buies Creek	35.4131	-78.7358
NC	Bullock	36.5076	-78.5646
NC	Bunn	35.9608	-78.2539
NC	Bunnlevel	35.2811	-78.8552
NC	Burgaw	34.5487	-77.9403
NC	Burlington	36.0720	-79.4622
NC	Burnsville	35.9030	-82.2876
NC	Butner	36.1359	-78.7636
NC	Buxton	35.2675	-75.5428
NC	Bynum	35.7739	-79.1425
NC	Calabash	33.9047	-78.5744
NC	Calypso	35.1536	-78.1056
NC	Camden	36.3250	-76.1500
NC	Cameron	35.3136	-79.2688
NC	Camp Lejeune	34.6658	-77.3373
NC	Candler	35.5376	-82.7001
NC	Candor	35.2234	-79.7876
NC	Canton	35.5127	-82.8413
NC	Caroleen	35.2808	-81.7964
NC	Carolina Beach	34.0366	-77.8963
NC	Carrboro	35.9124	-79.0818
NC	Carthage	35.3061	-79.3969
NC	Cary	35.7641	-78.7786
NC	Casar	35.5145	-81.6357
NC	Cashiers	35.0971	-83.0871
NC	Castalia	36.0901	-78.0705
NC	Castle Hayne	34.3236	-77.9108
NC	Catawba	35.6757	-81.0503
NC	Cedar Falls	35.7519	-79.7317
NC	Cedar Grove	36.2020	-79.1666
NC	Cedar Island	35.0749	-76.0805
NC	Cedar Mountain	35.1433	-82.6431
NC	Cerro Gordo	34.3025	-78.9216
NC	Chadbourn	34.3223	-78.8267
NC	Chapel Hill	35.9203	-79.0372
NC	Charlotte	35.2269	-80.8433
NC	Cherokee	35.5094	-83.3144
NC	Cherry Point	34.9397	-76.8225
NC	Cherryville	35.3747	-81.3509
NC	Chimney Rock	35.4392	-82.2467
NC	China Grove	35.5669	-80.5900
NC	Chinquapin	34.8276	-77.7636
NC	Chocowinity	35.4814	-77.0868
NC	Claremont	35.7211	-81.1297
NC	Clarendon	34.1995	-78.7888
NC	Clarkton	34.5030	-78.6313
NC	Clayton	35.6348	-78.4510
NC	Clemmons	36.0341	-80.3962
NC	Cleveland	35.7374	-80.7113
NC	Cliffside	35.2381	-81.7700
NC	Climax	35.9345	-79.7019
NC	Clinton	35.0151	-78.3260
NC	Clyde	35.5597	-82.9216
NC	Coats	35.4082	-78.6627
NC	Cofield	36.3333	-76.8746
NC	Coinjock	36.3751	-75.9340
NC	Colerain	36.1901	-76.8548
NC	Colfax	36.1003	-80.0103
NC	Collettsville	35.9519	-81.6742
NC	Columbia	35.9057	-76.2345
NC	Columbus	35.2410	-82.1206
NC	Comfort	35.0056	-77.4883
NC	Como	36.4978	-77.0515
NC	Concord	35.3716	-80.5300
NC	Conetoe	35.8156	-77.4561
NC	Connellys Springs	35.7070	-81.4930
NC	Conover	35.7313	-81.2165
NC	Conway	36.4164	-77.2502
NC	Cooleemee	35.8103	-80.5561
NC	Corapeake	36.5179	-76.5979
NC	Cordova	34.9128	-79.8222
NC	Cornelius	35.4867	-80.8603
NC	Corolla	36.3206	-75.8132
NC	Council	34.4290	-78.4115
NC	Cove City	35.2023	-77.2963
NC	Cramerton	35.2396	-81.0831
NC	Creedmoor	36.1124	-78.6476
NC	Creston	36.4500	-81.6506
NC	Creswell	35.8653	-76.4196
NC	Crossnore	36.0217	-81.9297
NC	Crouse	35.4837	-81.3419
NC	Crumpler	36.4641	-81.4039
NC	Culberson	34.9917	-84.1678
NC	Cullowhee	35.2409	-83.1475
NC	Cumberland	35.0047	-78.9675
NC	Cumnock	35.4709	-79.1722
NC	Currie	34.4497	-78.0925
NC	Currituck	36.4297	-75.9884
NC	Dallas	35.3349	-81.1862
NC	Dana	35.3292	-82.3756
NC	Danbury	36.4559	-80.2194
NC	Davidson	35.4992	-80.8489
NC	Davis	34.7972	-76.4606
NC	Deep Gap	36.2136	-81.5163
NC	Deep Run	35.1630	-77.6928
NC	Delco	34.3274	-78.1917
NC	Denton	35.6196	-80.0959
NC	Denver	35.4837	-80.9898
NC	Dillsboro	35.3692	-83.2525
NC	Dobson	36.3698	-80.7101
NC	Dover	35.2627	-77.3727
NC	Drexel	35.7578	-81.6044
NC	Dublin	34.6567	-78.7267
NC	Dudley	35.2926	-78.0273
NC	Dunn	35.3165	-78.6151
NC	Durants Neck	36.1900	-76.4664
NC	Durham	35.9967	-78.8966
NC	Eagle Springs	35.3360	-79.6310
NC	Earl	35.1933	-81.5333
NC	East Bend	36.2032	-80.5284
NC	East Flat Rock	35.2799	-82.4204
NC	East Spencer	35.6817	-80.4325
NC	Eden	36.5000	-79.7590
NC	Edenton	36.0908	-76.6224
NC	Edneyville	35.3939	-82.3408
NC	Edward	35.3236	-76.8794
NC	Efland	36.0912	-79.1884
NC	Elizabeth City	36.3019	-76.2236
NC	Elizabethtown	34.6471	-78.5747
NC	Elk Park	36.1646	-81.9639
NC	Elkin	36.2872	-80.8554
NC	Ellenboro	35.3344	-81.7707
NC	Ellerbe	35.0914	-79.7524
NC	Elm City	35.8110	-77.8560
NC	Elon	36.1466	-79.5023
NC	Emerald Isle	34.6662	-77.0260
NC	Enfield	36.1973	-77.7129
NC	Engelhard	35.4981	-76.0374
NC	Enka	35.5497	-82.6503
NC	Ennice	36.5253	-80.9771
NC	Ernul	35.2547	-77.0502
NC	Erwin	35.3287	-78.6859
NC	Ether	35.4397	-79.7842
NC	Etowah	35.3172	-82.5977
NC	Eure	36.4341	-76.8463
NC	Everetts	35.8347	-77.1739
NC	Evergreen	34.3752	-78.8846
NC	Fair Bluff	34.3023	-79.0175
NC	Fairfield	35.5659	-76.2318
NC	Fairmont	34.4814	-79.1286
NC	Fairview	35.5258	-82.3985
NC	Faison	35.1199	-78.1180
NC	Faith	35.5869	-80.4631
NC	Falcon	35.1897	-78.6486
NC	Falkland	35.6992	-77.5133
NC	Fallston	35.4289	-81.5017
NC	Farmville	35.5806	-77.5793
NC	Fayetteville	35.0510	-78.8423
NC	Ferguson	36.1283	-81.3864
NC	Flat Rock	35.2890	-82.3916
NC	Fleetwood	36.2814	-81.5140
NC	Fletcher	35.4499	-82.4966
NC	Fontana Dam	35.4282	-83.8176
NC	Forest City	35.3018	-81.8642
NC	Fort Bragg	35.1416	-79.0025
NC	Fountain	35.6694	-77.6214
NC	Four Oaks	35.4040	-78.4153
NC	Franklin	35.1810	-83.3885
NC	Franklinton	36.0955	-78.4486
NC	Franklinville	35.7917	-79.7132
NC	Fremont	35.5186	-77.9963
NC	Frisco	35.2350	-75.6289
NC	Fuquay Varina	35.5800	-78.7908
NC	Garland	34.8229	-78.3414
NC	Garner	35.6813	-78.5975
NC	Garysburg	36.4761	-77.5719
NC	Gaston	36.5115	-77.6824
NC	Gastonia	35.2449	-81.2194
NC	Gates	36.5036	-76.7646
NC	Gatesville	36.4072	-76.7325
NC	Germanton	36.2725	-80.2254
NC	Gerton	35.4687	-82.3062
NC	Gibson	34.7549	-79.5839
NC	Gibsonville	36.1183	-79.5685
NC	Glade Valley	36.4429	-81.0168
NC	Glen Alpine	35.7289	-81.7794
NC	Glendale Springs	36.3450	-81.3806
NC	Glenville	35.1882	-83.0900
NC	Glenwood	35.6839	-82.0094
NC	Gloucester	34.6856	-76.5276
NC	Godwin	35.1969	-78.6625
NC	Gold Hill	35.5498	-80.3346
NC	Goldsboro	35.3826	-78.0158
NC	Goldston	35.5643	-79.3385
NC	Graham	36.0310	-79.3814
NC	Grandy	36.2339	-75.8768
NC	Granite Falls	35.8197	-81.4571
NC	Granite Quarry	35.6122	-80.4469
NC	Grantsboro	35.1222	-76.8844
NC	Grassy Creek	36.5415	-81.4468
NC	Green Mountain	35.9956	-82.2879
NC	Greensboro	36.0726	-79.7920
NC	Greenville	35.6594	-77.3974
NC	Grifton	35.3757	-77.4193
NC	Grimesland	35.5580	-77.2566
NC	Grover	35.1836	-81.4552
NC	Gulf	35.5603	-79.2819
NC	Halifax	36.3049	-77.5607
NC	Hallsboro	34.3181	-78.6043
NC	Hamilton	35.9441	-77.2176
NC	Hamlet	34.8894	-79.7022
NC	Hampstead	34.3879	-77.6628
NC	Hamptonville	36.1242	-80.8137
NC	Harbinger	36.0864	-75.8121
NC	Harkers Island	34.6966	-76.5583
NC	Harmony	35.9580	-80.7585
NC	Harrells	34.6769	-78.2430
NC	Harrellsville	36.2866	-76.7767
NC	Harris	35.2428	-81.8747
NC	Harrisburg	35.3247	-80.6594
NC	Hassell	35.9114	-77.2786
NC	Hatteras	35.2192	-75.6906
NC	Havelock	34.8968	-76.8900
NC	Haw River	36.0551	-79.3346
NC	Hayesville	35.0417	-83.7867
NC	Hays	36.3100	-81.1161
NC	Hazelwood	35.4769	-83.0043
NC	Henderson	36.3301	-78.3981
NC	Hendersonville	35.3192	-82.5000
NC	Henrico	36.5274	-77.8546
NC	Henrietta	35.2578	-81.7964
NC	Hertford	36.1771	-76.4243
NC	Hickory	35.7576	-81.3289
NC	Hiddenite	35.9504	-81.0487
NC	High Point	35.9593	-80.0117
NC	High Shoals	35.4025	-81.2025
NC	Highfalls	35.4836	-79.5219
NC	Highlands	35.0705	-83.2160
NC	Hildebran	35.7139	-81.4222
NC	Hillsborough	36.0756	-79.0914
NC	Hobbsville	36.3543	-76.6178
NC	Hobgood	36.0043	-77.4370
NC	Hobucken	35.2518	-76.5696
NC	Hoffman	35.0326	-79.5600
NC	Hollister	36.2590	-77.9319
NC	Holly Ridge	34.4644	-77.5101
NC	Holly Springs	35.6263	-78.8458
NC	Hookerton	35.4380	-77.5656
NC	Hope Mills	34.9536	-78.9354
NC	Horse Shoe	35.3703	-82.5981
NC	Hot Springs	35.8162	-82.8120
NC	Hubert	34.6993	-77.2079
NC	Hudson	35.8403	-81.4897
NC	Huntersville	35.4106	-80.8431
NC	Hurdle Mills	36.2518	-79.0827
NC	Icard	35.7272	-81.4708
NC	Indian Trail	35.0831	-80.6597
NC	Iron Station	35.4657	-81.1070
NC	Ivanhoe	34.6972	-78.1623
NC	Jackson	36.3870	-77.4681
NC	Jackson Springs	35.2259	-79.6685
NC	Jacksonville	34.7375	-77.4628
NC	Jamestown	35.9990	-79.9293
NC	Jamesville	35.7839	-76.8983
NC	Jarvisburg	36.1740	-75.8595
NC	Jefferson	36.4090	-81.4396
NC	Jonas Ridge	35.9725	-81.8950
NC	Jonesville	36.2286	-80.7870
NC	Julian	35.9543	-79.6386
NC	Kannapolis	35.5020	-80.6359
NC	Kelford	36.1992	-77.2592
NC	Kelly	34.4591	-78.2942
NC	Kenansville	35.0396	-77.9677
NC	Kenly	35.6077	-78.1382
NC	Kernersville	36.1165	-80.0831
NC	Kill Devil Hills	36.0088	-75.6757
NC	King	36.2950	-80.3560
NC	Kings Mountain	35.2516	-81.3806
NC	Kinston	35.2783	-77.5860
NC	Kipling	35.4797	-78.8214
NC	Kittrell	36.2042	-78.4241
NC	Kitty Hawk	36.1007	-75.7254
NC	Knightdale	35.7789	-78.4898
NC	Knotts Island	36.5232	-75.9702
NC	Kure Beach	33.9927	-77.9099
NC	La Grange	35.3054	-77.7686
NC	Lake Junaluska	35.5259	-82.9702
NC	Lake Lure	35.4464	-82.1752
NC	Lake Toxaway	35.1451	-82.9191
NC	Lake Waccamaw	34.3394	-78.5102
NC	Lakeview	35.2436	-79.3089
NC	Landis	35.5435	-80.6129
NC	Lansing	36.5176	-81.5269
NC	Lattimore	35.3181	-81.6608
NC	Laurel Hill	34.8238	-79.5491
NC	Laurel Springs	36.4449	-81.2606
NC	Laurinburg	34.7599	-79.4673
NC	Lawndale	35.4449	-81.5336
NC	Lawsonville	36.5132	-80.2103
NC	Leasburg	36.4151	-79.1942
NC	Leicester	35.6498	-82.7106
NC	Leland	34.2680	-78.0578
NC	Lemon Springs	35.3894	-79.1947
NC	Lenoir	35.9139	-81.5392
NC	Lewiston Woodville	36.1344	-77.2066
NC	Lewisville	36.0967	-80.4206
NC	Lexington	35.8231	-80.2620
NC	Liberty	35.8729	-79.5821
NC	Lilesville	34.9689	-79.9721
NC	Lillington	35.3320	-78.9212
NC	Lincolnton	35.4821	-81.2280
NC	Linden	35.2276	-78.8004
NC	Linville	36.0664	-81.8706
NC	Linville Falls	35.9592	-81.9431
NC	Linwood	35.7562	-80.3749
NC	Little Switzerland	35.8347	-82.0225
NC	Littleton	36.4169	-77.8528
NC	Locust	35.2704	-80.4211
NC	Longwood	33.9501	-78.5315
NC	Louisburg	36.0578	-78.2586
NC	Lowell	35.2655	-81.0960
NC	Lowgap	36.5030	-80.7889
NC	Lowland	35.3060	-76.5777
NC	Lucama	35.6415	-78.0197
NC	Lumber Bridge	34.8762	-79.0664
NC	Lumberton	34.6293	-79.0083
NC	Lynn	35.2283	-82.2347
NC	Macclesfield	35.7737	-77.5964
NC	Macon	36.4447	-77.9987
NC	Madison	36.3695	-79.9654
NC	Maggie Valley	35.5201	-83.0929
NC	Magnolia	34.8957	-78.0432
NC	Maiden	35.5759	-81.1745
NC	Mamers	35.4167	-78.9336
NC	Manns Harbor	35.8872	-75.9444
NC	Manson	36.4603	-78.2952
NC	Manteo	35.8948	-75.6714
NC	Maple	36.3987	-76.0039
NC	Maple Hill	34.6178	-77.7366
NC	Marble	35.1475	-83.9381
NC	Margarettsville	36.5245	-77.3260
NC	Marietta	34.3686	-79.1225
NC	Marion	35.6819	-82.0180
NC	Mars Hill	35.8528	-82.5254
NC	Marshall	35.8561	-82.6566
NC	Marshallberg	34.7265	-76.5173
NC	Marshville	35.0167	-80.3781
NC	Marston	34.9896	-79.6596
NC	Matthews	35.1219	-80.7136
NC	Maury	35.4819	-77.5864
NC	Maxton	34.7334	-79.3097
NC	Mayodan	36.4277	-79.9567
NC	Maysville	34.8691	-77.2315
NC	Mc Adenville	35.2586	-81.0772
NC	Mc Farlan	34.8119	-79.9728
NC	Mc Grady	36.3103	-81.1912
NC	Mc Leansville	36.1163	-79.6684
NC	Mccutcheon Field	34.7157	-77.4501
NC	Mebane	36.0979	-79.2719
NC	Merritt	35.1228	-76.6994
NC	Merry Hill	36.0871	-76.7776
NC	Micaville	35.9094	-82.2133
NC	Micro	35.5636	-78.2047
NC	Middleburg	36.3994	-78.3228
NC	Middlesex	35.7665	-78.2062
NC	Midland	35.2477	-80.5319
NC	Midway Park	34.7270	-77.3200
NC	Mill Spring	35.3338	-82.1557
NC	Millers Creek	36.2119	-81.2485
NC	Mills River	35.3711	-82.5884
NC	Milton	36.5158	-79.2087
NC	Milwaukee	36.4053	-77.2325
NC	Mineral Springs	34.9378	-80.6689
NC	Minneapolis	36.0992	-81.9872
NC	Misenheimer	35.4847	-80.2886
NC	Mocksville	35.9220	-80.5370
NC	Moncure	35.6306	-79.0839
NC	Monroe	35.0178	-80.5372
NC	Montezuma	36.0650	-81.9028
NC	Montreat	35.6442	-82.3031
NC	Mooresboro	35.2484	-81.6722
NC	Mooresville	35.5774	-80.8226
NC	Moravian Falls	36.0788	-81.1781
NC	Morehead City	34.7253	-76.7531
NC	Morganton	35.7346	-81.7042
NC	Morrisville	35.8344	-78.8466
NC	Morven	34.8511	-80.0025
NC	Mount Airy	36.5007	-80.6119
NC	Mount Gilead	35.2274	-79.9871
NC	Mount Holly	35.3119	-81.0306
NC	Mount Mourne	35.5431	-80.8475
NC	Mount Olive	35.2109	-78.0983
NC	Mount Pleasant	35.4146	-80.4171
NC	Mount Ulla	35.6389	-80.7239
NC	Mountain Home	35.3694	-82.4931
NC	Moyock	36.4871	-76.1146
NC	Murfreesboro	36.4319	-77.1027
NC	Murphy	35.0792	-84.1015
NC	Nags Head	35.3472	-75.5676
NC	Nakina	34.1153	-78.6570
NC	Naples	35.3925	-82.5008
NC	Nashville	35.9843	-77.9595
NC	Nebo	35.6732	-81.9056
NC	New Bern	35.1019	-77.0319
NC	New Hill	35.6809	-78.9365
NC	New London	35.4285	-80.2057
NC	Newell	35.2794	-80.7358
NC	Newland	36.0402	-81.9523
NC	Newport	34.7551	-76.9069
NC	Newton	35.6498	-81.2425
NC	Newton Grove	35.2213	-78.4260
NC	Norlina	36.4754	-78.1895
NC	Norman	35.1703	-79.7231
NC	North Wilkesboro	36.1583	-81.1477
NC	Norwood	35.2275	-80.1433
NC	Oak City	35.9597	-77.3004
NC	Oak Island	33.9161	-78.1255
NC	Oak Ridge	36.1673	-79.9804
NC	Oakboro	35.2460	-80.3413
NC	Ocean Isle Beach	33.8913	-78.4298
NC	Ocracoke	35.1144	-75.9814
NC	Old Fort	35.6169	-82.1686
NC	Olin	35.9593	-80.8511
NC	Olivia	35.3594	-79.1100
NC	Oriental	35.0364	-76.7015
NC	Orrum	34.4473	-79.0310
NC	Otto	35.0627	-83.3848
NC	Oxford	36.3313	-78.6134
NC	Pantego	35.6201	-76.6988
NC	Parkton	34.9006	-78.9969
NC	Parmele	35.8164	-77.3144
NC	Patterson	35.9992	-81.5642
NC	Paw Creek	35.2747	-80.9386
NC	Peachland	35.0054	-80.2829
NC	Pelham	36.4899	-79.4736
NC	Pembroke	34.6902	-79.1834
NC	Pendleton	36.4937	-77.1911
NC	Penland	35.9300	-82.1122
NC	Penrose	35.2524	-82.6222
NC	Pfafftown	36.1669	-80.3798
NC	Pikeville	35.4929	-77.9578
NC	Pilot Mountain	36.4109	-80.4921
NC	Pine Hall	36.3482	-80.0495
NC	Pine Level	35.5131	-78.2447
NC	Pinebluff	35.1097	-79.4725
NC	Pinehurst	35.1953	-79.4697
NC	Pineola	36.0283	-81.8917
NC	Pinetops	35.8196	-77.6920
NC	Pinetown	35.5758	-76.8076
NC	Pineville	35.0709	-80.8859
NC	Piney Creek	36.5503	-81.2889
NC	Pink Hill	35.0664	-77.7121
NC	Pinnacle	36.3339	-80.4391
NC	Pisgah Forest	35.2599	-82.6695
NC	Pittsboro	35.7694	-79.1755
NC	Pleasant Garden	35.9522	-79.7549
NC	Pleasant Hill	36.5212	-77.5192
NC	Plumtree	36.0269	-82.0081
NC	Plymouth	35.8508	-76.7431
NC	Point Harbor	36.0781	-75.7983
NC	Polkton	34.9823	-80.1538
NC	Polkville	35.4175	-81.6431
NC	Pollocksville	35.0151	-77.2287
NC	Pope A F B	35.1767	-79.0114
NC	Poplar Branch	36.2570	-75.8830
NC	Potecasi	36.3631	-77.2394
NC	Powells Point	36.1207	-75.8273
NC	Powellsville	36.2256	-76.9333
NC	Princeton	35.4558	-78.1674
NC	Proctorville	34.4764	-79.0367
NC	Prospect Hill	36.2932	-79.2156
NC	Providence	36.4831	-79.3631
NC	Purlear	36.1964	-81.3528
NC	Raeford	34.9890	-79.2228
NC	Raleigh	35.7727	-78.6324
NC	Ramseur	35.7083	-79.6351
NC	Randleman	35.8488	-79.8018
NC	Red Oak	36.0383	-77.9067
NC	Red Springs	34.8083	-79.1636
NC	Reidsville	36.3432	-79.6642
NC	Research Triangle Park	35.9148	-78.8657
NC	Rex	34.8569	-79.0494
NC	Rhodhiss	35.7739	-81.4314
NC	Rich Square	36.2773	-77.2969
NC	Richfield	35.5110	-80.2671
NC	Richlands	34.8624	-77.5863
NC	Ridgecrest	35.6206	-82.2828
NC	Ridgeway	36.4356	-78.2369
NC	Riegelwood	34.3471	-78.2575
NC	Roanoke Rapids	36.4461	-77.6731
NC	Roaring Gap	36.3836	-81.0188
NC	Roaring River	36.1916	-81.0004
NC	Robbins	35.4528	-79.5820
NC	Robbinsville	35.3259	-83.7888
NC	Robersonville	35.8218	-77.2600
NC	Rockingham	34.9336	-79.7666
NC	Rockwell	35.5494	-80.4226
NC	Rocky Mount	35.9427	-77.7608
NC	Rocky Point	34.4344	-77.9234
NC	Rodanthe	35.5933	-75.4683
NC	Roduco	36.4617	-76.8128
NC	Rolesville	35.9156	-78.4658
NC	Ronda	36.2059	-80.9270
NC	Roper	35.8994	-76.5809
NC	Rose Hill	34.8235	-78.0166
NC	Roseboro	34.9941	-78.5041
NC	Rosman	35.1197	-82.8189
NC	Rougemont	36.2393	-78.9019
NC	Rowland	34.5887	-79.2618
NC	Roxboro	36.4059	-78.9737
NC	Roxobel	36.1945	-77.2271
NC	Ruffin	36.4428	-79.5606
NC	Rural Hall	36.2293	-80.2936
NC	Rutherford College	35.7483	-81.5228
NC	Rutherfordton	35.3706	-81.9781
NC	Saint Pauls	34.8010	-78.9731
NC	Salemburg	35.0515	-78.4714
NC	Salisbury	35.6515	-80.4889
NC	Salter Path	34.6883	-76.8864
NC	Saluda	35.2383	-82.3306
NC	Salvo	35.5400	-75.4733
NC	Sandy Ridge	36.4900	-80.0859
NC	Sanford	35.4641	-79.1764
NC	Sapphire	35.0666	-83.0019
NC	Saratoga	35.6628	-77.7676
NC	Saxapahaw	35.9472	-79.3222
NC	Scaly Mountain	35.0240	-83.3113
NC	Scotland Neck	36.1301	-77.4273
NC	Scotts	35.8428	-81.0094
NC	Scottville	36.4833	-81.3119
NC	Scranton	35.5250	-76.4917
NC	Seaboard	36.4886	-77.4113
NC	Seagrove	35.5283	-79.6979
NC	Sealevel	34.8769	-76.3898
NC	Sedalia	36.0672	-79.6208
NC	Selma	35.5565	-78.2640
NC	Semora	36.5114	-79.0942
NC	Seven Springs	35.2105	-77.9146
NC	Severn	36.5150	-77.1900
NC	Shallotte	33.9430	-78.4107
NC	Shannon	34.8988	-79.1806
NC	Sharpsburg	35.8669	-77.8294
NC	Shawboro	36.3779	-76.0945
NC	Shelby	35.3471	-81.5816
NC	Sherrills Ford	35.5962	-81.0339
NC	Shiloh	36.2584	-76.0432
NC	Siler City	35.7354	-79.4566
NC	Siloam	36.3002	-80.5772
NC	Simpson	35.5750	-77.2789
NC	Sims	35.7435	-78.0859
NC	Skyland	35.4892	-82.5244
NC	Smithfield	35.5068	-78.3479
NC	Smyrna	34.7734	-76.5153
NC	Sneads Ferry	34.5426	-77.4038
NC	Snow Camp	35.9066	-79.4279
NC	Snow Hill	35.4438	-77.6956
NC	Sophia	35.8298	-79.8986
NC	South Mills	36.4536	-76.3033
NC	Southern Pines	35.1697	-79.3957
NC	Southmont	35.6678	-80.2672
NC	Southport	34.0121	-78.0456
NC	Sparta	36.5089	-81.1384
NC	Speed	35.9678	-77.4456
NC	Spencer	35.6953	-80.4310
NC	Spindale	35.3601	-81.9251
NC	Spring Hope	35.9302	-78.1085
NC	Spring Lake	35.1830	-78.9786
NC	Spruce Pine	35.9060	-82.0705
NC	Stacy	34.8412	-76.4289
NC	Staley	35.8015	-79.5844
NC	Stanfield	35.2106	-80.4407
NC	Stanley	35.3516	-81.0959
NC	Stantonsburg	35.5940	-77.8378
NC	Star	35.4211	-79.7826
NC	State Road	36.3422	-80.8653
NC	Statesville	35.8381	-80.8842
NC	Stedman	35.0347	-78.6949
NC	Stella	34.7777	-77.1308
NC	Stem	36.2100	-78.7001
NC	Stokes	35.7104	-77.2722
NC	Stokesdale	36.2552	-79.9705
NC	Stoneville	36.4705	-79.9013
NC	Stonewall	35.1372	-76.7481
NC	Stony Point	35.8661	-81.0641
NC	Stovall	36.4481	-78.5706
NC	Stumpy Point	35.8630	-75.7791
NC	Sugar Grove	36.2627	-81.8441
NC	Summerfield	36.2245	-79.8901
NC	Sunbury	36.4316	-76.6096
NC	Sunset Beach	33.8836	-78.5200
NC	Supply	33.9625	-78.2961
NC	Swannanoa	35.6048	-82.4065
NC	Swanquarter	35.4222	-76.2875
NC	Swansboro	34.6991	-77.1350
NC	Swepsonville	36.0211	-79.3617
NC	Sylva	35.3481	-83.2031
NC	Tabor City	34.1233	-78.8232
NC	Tar Heel	34.7465	-78.8134
NC	Tarawa Terrace	34.7354	-77.3831
NC	Tarboro	35.8983	-77.5421
NC	Taylorsville	35.9010	-81.2124
NC	Teachey	34.7700	-78.0221
NC	Terrell	35.5836	-80.9631
NC	Thomasville	35.8713	-80.0913
NC	Thurmond	36.3562	-80.9317
NC	Tillery	36.2517	-77.4858
NC	Timberlake	36.2918	-78.9353
NC	Toast	36.5003	-80.6267
NC	Tobaccoville	36.2336	-80.3915
NC	Todd	36.3245	-81.5874
NC	Topton	35.2306	-83.7451
NC	Townsville	36.4944	-78.4239
NC	Traphill	36.3301	-81.0151
NC	Trenton	35.0745	-77.4595
NC	Trinity	35.8429	-79.9902
NC	Troutman	35.6863	-80.8822
NC	Troy	35.3777	-79.9093
NC	Tryon	35.2157	-82.2394
NC	Tuckasegee	35.2599	-83.0749
NC	Turkey	34.9857	-78.2121
NC	Turnersburg	35.9083	-80.8075
NC	Tuxedo	35.2253	-82.4297
NC	Tyner	36.2502	-76.6428
NC	Union Grove	36.0369	-80.8967
NC	Union Mills	35.4732	-81.9685
NC	Valdese	35.7447	-81.5670
NC	Vale	35.5188	-81.4589
NC	Valle Crucis	36.2070	-81.8806
NC	Vanceboro	35.3063	-77.1716
NC	Vandemere	35.1953	-76.6571
NC	Vass	35.2171	-79.2562
NC	Vaughan	36.4264	-78.0039
NC	Vilas	36.2574	-81.7652
NC	Waco	35.3614	-81.4289
NC	Wade	35.1606	-78.7249
NC	Wadesboro	34.9809	-80.0696
NC	Wagram	34.9044	-79.3959
NC	Wake Forest	35.9815	-78.5392
NC	Walkertown	36.1800	-80.1629
NC	Wallace	34.7542	-77.9429
NC	Wallburg	36.0100	-80.1394
NC	Walnut Cove	36.3189	-80.1484
NC	Walstonburg	35.5882	-77.6983
NC	Wanchese	35.8425	-75.6389
NC	Warne	35.0024	-83.9045
NC	Warrensville	36.4572	-81.5465
NC	Warrenton	36.3539	-78.1594
NC	Warsaw	34.9982	-78.0867
NC	Washington	35.5884	-77.1404
NC	Waves	35.5667	-75.4689
NC	Waxhaw	34.9553	-80.7279
NC	Waynesville	35.4886	-82.9889
NC	Weaverville	35.7126	-82.5491
NC	Webster	35.3461	-83.2194
NC	Welcome	35.9028	-80.2572
NC	Weldon	36.4206	-77.6035
NC	Wendell	35.7980	-78.3926
NC	Wentworth	36.4000	-79.7747
NC	West End	35.2512	-79.5360
NC	West Jefferson	36.3776	-81.4872
NC	Westfield	36.4674	-80.3677
NC	Whitakers	36.0758	-77.7167
NC	White Oak	34.7662	-78.7301
NC	White Plains	36.4992	-80.6075
NC	Whiteville	34.3241	-78.7160
NC	Whitsett	36.0330	-79.5972
NC	Whittier	35.4469	-83.2872
NC	Wilkesboro	36.1359	-81.1573
NC	Willard	34.6845	-78.0234
NC	Williamston	35.6602	-77.0483
NC	Williston	34.7892	-76.5056
NC	Willow Spring	35.5470	-78.6717
NC	Wilmington	34.2253	-77.9379
NC	Wilson	35.7270	-77.9227
NC	Wilsons Mills	35.5839	-78.3561
NC	Windsor	36.0159	-76.9336
NC	Winfall	36.2189	-76.4642
NC	Wingate	34.9847	-80.4476
NC	Winnabow	34.2145	-78.0562
NC	Winston Salem	36.1024	-80.2228
NC	Winterville	35.5336	-77.3910
NC	Winton	36.3826	-76.9360
NC	Wise	36.4864	-78.1711
NC	Woodland	36.3205	-77.1978
NC	Woodleaf	35.7876	-80.6039
NC	Wrightsville Beach	34.2122	-77.7982
NC	Yadkinville	36.1277	-80.6530
NC	Yanceyville	36.3907	-79.3465
NC	Youngsville	36.0078	-78.4412
NC	Zebulon	35.8321	-78.3174
NC	Zionville	36.3194	-81.7476
NC	Zirconia	35.2153	-82.4574
ND	Abercrombie	46.4478	-96.7300
ND	Absaraka	47.0144	-97.3888
ND	Adams	48.4223	-98.0867
ND	Agate	48.6228	-99.4928
ND	Alamo	48.5858	-103.4222
ND	Alexander	47.8435	-103.6396
ND	Almont	46.7046	-101.5221
ND	Alsen	48.6368	-98.6225
ND	Ambrose	48.8172	-103.7007
ND	Amenia	47.0194	-97.2048
ND	Amidon	46.4560	-103.2647
ND	Anamoose	47.8703	-100.2529
ND	Aneta	47.6993	-97.9814
ND	Antler	48.9585	-101.3338
ND	Argusville	47.1066	-96.9058
ND	Arnegard	47.8088	-103.4538
ND	Arthur	47.1048	-97.2097
ND	Arvilla	47.9093	-97.4871
ND	Ashley	46.0537	-99.3164
ND	Ayr	47.0196	-97.5728
ND	Baldwin	46.9543	-100.7615
ND	Balfour	47.9685	-100.5209
ND	Balta	48.1667	-100.0367
ND	Bantry	48.5119	-100.7894
ND	Barney	46.2496	-96.9708
ND	Bathgate	48.8686	-97.4832
ND	Beach	46.9324	-103.9843
ND	Belcourt	48.8379	-99.7688
ND	Belfield	46.8877	-103.1795
ND	Benedict	47.7865	-101.0579
ND	Berlin	46.4008	-98.5233
ND	Berthold	48.3234	-101.8006
ND	Beulah	47.2707	-101.8075
ND	Binford	47.5739	-98.3546
ND	Bisbee	48.5552	-99.3636
ND	Bismarck	46.8234	-100.7748
ND	Blanchard	47.3537	-97.2621
ND	Bottineau	48.8451	-100.4329
ND	Bowbells	48.7968	-102.2473
ND	Bowdon	47.4343	-99.7015
ND	Bowman	46.1733	-103.4020
ND	Braddock	46.5499	-100.2416
ND	Bremen	47.7272	-99.3716
ND	Brocket	48.2255	-98.3559
ND	Buchanan	47.0409	-98.8112
ND	Buffalo	46.9264	-97.5352
ND	Burlington	48.2735	-101.4282
ND	Butte	47.8119	-100.6604
ND	Buxton	47.6163	-97.0893
ND	Caledonia	47.4576	-96.9085
ND	Calvin	48.8084	-98.9242
ND	Cando	48.4855	-99.1946
ND	Cannon Ball	46.3874	-100.5975
ND	Carpio	48.4323	-101.7119
ND	Carrington	47.4539	-99.1082
ND	Carson	46.4624	-101.5387
ND	Cartwright	47.7992	-103.9487
ND	Casselton	46.8992	-97.2138
ND	Cathay	47.5499	-99.4297
ND	Cavalier	48.7943	-97.6572
ND	Cayuga	46.1326	-97.4059
ND	Center	47.1219	-101.3286
ND	Chaseley	47.4490	-99.8241
ND	Christine	46.5522	-96.7909
ND	Churchs Ferry	48.2862	-99.1412
ND	Cleveland	46.8832	-99.0866
ND	Clifford	47.3569	-97.4100
ND	Cogswell	46.0891	-97.8095
ND	Coleharbor	47.5196	-101.2332
ND	Colfax	46.4972	-96.9790
ND	Columbus	48.8789	-102.7948
ND	Cooperstown	47.4527	-98.1533
ND	Courtenay	47.2272	-98.5489
ND	Crary	48.0530	-98.6212
ND	Crosby	48.8836	-103.2740
ND	Crystal	48.5924	-97.6738
ND	Cummings	47.5370	-96.9913
ND	Dahlen	48.1599	-97.9573
ND	Davenport	46.6968	-97.0871
ND	Dawson	46.8296	-99.7635
ND	Dazey	47.1955	-98.1439
ND	Deering	48.4057	-101.0337
ND	Denhoff	47.5709	-100.2630
ND	Des Lacs	48.2557	-101.5672
ND	Devils Lake	48.1132	-98.8616
ND	Dickey	46.5426	-98.4682
ND	Dickinson	46.8873	-102.7876
ND	Dodge	47.3049	-102.1985
ND	Donnybrook	48.4900	-101.8960
ND	Douglas	47.8659	-101.5112
ND	Drake	47.9024	-100.3790
ND	Drayton	48.5786	-97.1992
ND	Driscoll	46.8511	-100.1441
ND	Dunn Center	47.3453	-102.5892
ND	Dunseith	48.8480	-100.0311
ND	Edgeley	46.3250	-98.7083
ND	Edinburg	48.4902	-97.8902
ND	Edmore	48.4308	-98.4458
ND	Egeland	48.6355	-99.1115
ND	Elgin	46.4113	-101.8351
ND	Ellendale	46.0073	-98.5138
ND	Emerado	47.9214	-97.2630
ND	Enderlin	46.6079	-97.6106
ND	Epping	48.2601	-103.3725
ND	Erie	47.1128	-97.3849
ND	Esmond	48.0720	-99.7034
ND	Fairdale	48.4819	-98.2066
ND	Fairfield	47.1180	-103.2223
ND	Fairmount	46.0427	-96.6308
ND	Fargo	46.9009	-96.7936
ND	Fessenden	47.6286	-99.6434
ND	Fingal	46.7728	-97.7812
ND	Finley	47.5306	-97.7442
ND	Flasher	46.4651	-101.1517
ND	Flaxton	48.9177	-102.3415
ND	Forbes	46.0109	-98.8124
ND	Fordville	48.2212	-97.8022
ND	Forest River	48.2251	-97.4605
ND	Forman	46.0721	-97.6986
ND	Fort Ransom	46.4782	-97.9055
ND	Fort Totten	47.9800	-98.9925
ND	Fort Yates	46.0905	-100.6516
ND	Fortuna	48.9246	-103.8290
ND	Fredonia	46.3535	-99.2628
ND	Fullerton	46.1951	-98.3882
ND	Gackle	46.5913	-99.2191
ND	Galesburg	47.2778	-97.3746
ND	Gardner	47.1252	-96.9901
ND	Garrison	47.6552	-101.3983
ND	Gilby	48.0771	-97.4633
ND	Gladstone	46.8152	-102.5274
ND	Glasston	48.7058	-97.4472
ND	Glen Ullin	46.8233	-101.8223
ND	Glenburn	48.5080	-101.3196
ND	Glenfield	47.4432	-98.6640
ND	Golden Valley	47.2938	-102.0612
ND	Golva	46.7075	-103.9575
ND	Goodrich	47.4710	-100.1190
ND	Grace City	47.5536	-98.8095
ND	Grafton	48.4108	-97.4159
ND	Grand Forks	47.9010	-97.0446
ND	Grand Forks Afb	47.9582	-97.3688
ND	Grandin	47.2158	-97.0207
ND	Granville	48.2566	-100.8082
ND	Grassy Butte	47.4431	-103.2944
ND	Grenora	48.6139	-103.9291
ND	Gwinner	46.2305	-97.8669
ND	Hague	46.0589	-99.9745
ND	Halliday	47.3678	-102.3193
ND	Hamilton	48.7942	-97.4693
ND	Hampden	48.5229	-98.6543
ND	Hankinson	46.0558	-96.8991
ND	Hannaford	47.2997	-98.1572
ND	Hannah	48.9594	-98.7237
ND	Hansboro	48.8665	-99.3833
ND	Harvey	47.7681	-99.9329
ND	Harwood	46.9965	-96.9010
ND	Hatton	47.6380	-97.4325
ND	Havana	45.9644	-97.6094
ND	Hazelton	46.4875	-100.2733
ND	Hazen	47.3271	-101.6107
ND	Hebron	46.8936	-102.0367
ND	Hensel	48.6738	-97.5962
ND	Hettinger	46.0279	-102.5845
ND	Hillsboro	47.3942	-97.0560
ND	Hoople	48.5198	-97.6183
ND	Hope	47.2000	-97.7849
ND	Horace	46.7393	-96.8609
ND	Hunter	47.1913	-97.2516
ND	Hurdsfield	47.4387	-99.9416
ND	Inkster	48.1187	-97.6813
ND	Jamestown	46.9059	-98.7061
ND	Jessie	47.5422	-98.2378
ND	Jud	46.5010	-98.8077
ND	Karlsruhe	48.1009	-100.5742
ND	Kathryn	46.7055	-97.9998
ND	Keene	47.9405	-102.8906
ND	Kenmare	48.6731	-102.0717
ND	Kensal	47.2726	-98.7206
ND	Killdeer	47.4109	-102.7762
ND	Kindred	46.6543	-97.0049
ND	Kintyre	46.5736	-99.9705
ND	Knox	48.3388	-99.6713
ND	Kramer	48.6867	-100.6716
ND	Kulm	46.3073	-98.9427
ND	Lakota	48.0357	-98.3415
ND	Lamoure	46.3620	-98.3002
ND	Langdon	48.7866	-98.3566
ND	Lankin	48.2952	-98.0070
ND	Lansford	48.6254	-101.3858
ND	Larimore	47.9040	-97.6518
ND	Lawton	48.3033	-98.4142
ND	Leeds	48.2668	-99.4401
ND	Lefor	46.7253	-102.7643
ND	Lehr	46.2586	-99.3491
ND	Leonard	46.6593	-97.2725
ND	Lidgerwood	46.0739	-97.1444
ND	Lignite	48.8481	-102.5542
ND	Linton	46.2869	-100.2158
ND	Lisbon	46.4201	-97.6589
ND	Litchville	46.6888	-98.2033
ND	Luverne	47.3151	-97.7296
ND	Maddock	47.9507	-99.5431
ND	Maida	48.9490	-98.3948
ND	Makoti	47.9853	-101.8149
ND	Mandan	46.8306	-100.9092
ND	Mandaree	47.8567	-102.6535
ND	Manning	47.1258	-102.6806
ND	Mantador	46.1599	-96.9570
ND	Manvel	48.0853	-97.1943
ND	Mapleton	46.8675	-97.0514
ND	Marion	46.5716	-98.2533
ND	Marmarth	46.3254	-103.8800
ND	Marshall	47.1381	-102.3325
ND	Martin	47.7781	-100.1225
ND	Max	47.8156	-101.2932
ND	Maxbass	48.7722	-101.2563
ND	Mayville	47.5014	-97.3176
ND	Mcclusky	47.4896	-100.4520
ND	Mcgregor	48.5950	-102.9288
ND	Mchenry	47.5604	-98.5726
ND	Mcleod	46.4103	-97.3139
ND	Mcville	47.7790	-98.1630
ND	Medina	46.8920	-99.3106
ND	Medora	46.8458	-103.4210
ND	Mekinock	47.9809	-97.4896
ND	Menoken	46.8610	-100.5275
ND	Mercer	47.4858	-100.7171
ND	Michigan	48.0414	-98.1242
ND	Milnor	46.2551	-97.4337
ND	Milton	48.6170	-98.0183
ND	Minnewaukan	48.0698	-99.2743
ND	Minot	48.2291	-101.2985
ND	Minot Afb	48.4232	-101.3168
ND	Minto	48.2989	-97.3337
ND	Moffit	46.6757	-100.2975
ND	Mohall	48.7658	-101.5545
ND	Montpelier	46.6542	-98.5976
ND	Mooreton	46.2615	-96.8507
ND	Mott	46.4011	-102.3129
ND	Mountain	48.6773	-97.8076
ND	Munich	48.6546	-98.8426
ND	Mylo	48.6360	-99.6329
ND	Napoleon	46.4867	-99.7725
ND	Neche	48.9796	-97.5427
ND	Nekoma	48.5783	-98.3717
ND	New England	46.5128	-102.8358
ND	New Leipzig	46.3744	-101.8937
ND	New Rockford	47.6794	-99.0780
ND	New Salem	46.8512	-101.4245
ND	New Town	47.9772	-102.4858
ND	Newburg	48.6982	-100.9681
ND	Niagara	47.9848	-97.8334
ND	Nome	46.6748	-97.7911
ND	Noonan	48.8856	-103.0098
ND	Northwood	47.7418	-97.5631
ND	Norwich	48.2491	-100.9712
ND	Oakes	46.1288	-98.0993
ND	Oberon	47.9487	-99.1401
ND	Oriska	46.9433	-97.7853
ND	Osnabrock	48.6419	-98.2327
ND	Page	47.1515	-97.5967
ND	Palermo	48.3396	-102.2400
ND	Park River	48.4039	-97.7439
ND	Parshall	47.9560	-102.1427
ND	Pekin	47.7696	-98.3260
ND	Pembina	48.9361	-97.2756
ND	Penn	48.2271	-99.0655
ND	Perth	48.6816	-99.3831
ND	Petersburg	47.9980	-97.9840
ND	Pettibone	47.1200	-99.5279
ND	Pillsbury	47.2069	-97.7903
ND	Pingree	47.1657	-99.0020
ND	Pisek	48.2971	-97.7029
ND	Plaza	48.0242	-101.9643
ND	Portal	48.9758	-102.5480
ND	Portland	47.5015	-97.3843
ND	Powers Lake	48.5898	-102.6446
ND	Raleigh	46.3352	-101.2827
ND	Ray	48.3323	-103.1837
ND	Reeder	46.1116	-102.9405
ND	Regan	47.1527	-100.5224
ND	Regent	46.4235	-102.5684
ND	Reynolds	47.7068	-97.2092
ND	Rhame	46.1664	-103.7079
ND	Richardton	46.8426	-102.2920
ND	Riverdale	47.6403	-101.1151
ND	Robinson	47.1508	-99.7003
ND	Rocklake	48.8216	-99.1796
ND	Rogers	47.0711	-98.2209
ND	Rolette	48.6552	-99.8744
ND	Rolla	48.8594	-99.6134
ND	Roseglen	47.6960	-101.8220
ND	Ross	48.3162	-102.5307
ND	Rugby	48.3173	-99.9990
ND	Ruso	47.7622	-100.8754
ND	Rutland	46.0738	-97.5483
ND	Ryder	47.8680	-101.7651
ND	Saint Anthony	46.5888	-100.8972
ND	Saint John	48.9366	-99.7648
ND	Saint Michael	47.9774	-98.9181
ND	Saint Thomas	48.6252	-97.4545
ND	Sanborn	46.9271	-98.2336
ND	Sarles	48.9459	-98.9606
ND	Sawyer	48.0858	-101.0674
ND	Scranton	46.1399	-103.1447
ND	Selfridge	46.0351	-101.1502
ND	Sentinel Butte	46.8305	-103.8001
ND	Sharon	47.6062	-97.9051
ND	Sheldon	46.5548	-97.4543
ND	Sherwood	48.9576	-101.6970
ND	Sheyenne	47.8184	-99.0583
ND	Shields	46.1838	-101.2589
ND	Solen	46.2941	-100.8136
ND	Souris	48.9374	-100.7413
ND	South Heart	46.8127	-103.0162
ND	Spiritwood	47.1016	-98.6485
ND	Stanley	48.3192	-102.3928
ND	Stanton	47.3128	-101.3899
ND	Starkweather	48.4488	-98.8539
ND	Steele	46.8524	-99.9336
ND	Sterling	46.8436	-100.2744
ND	Stirum	46.2299	-97.6542
ND	Strasburg	46.0979	-100.2119
ND	Streeter	46.6950	-99.2971
ND	Surrey	48.2365	-101.1216
ND	Sutton	47.3854	-98.4320
ND	Sykeston	47.4369	-99.3975
ND	Tappen	46.8336	-99.6019
ND	Taylor	46.9284	-102.3756
ND	Thompson	47.7766	-97.0962
ND	Tioga	48.3920	-102.9613
ND	Tokio	47.9233	-98.8167
ND	Tolley	48.7969	-101.8559
ND	Tolna	47.8020	-98.4752
ND	Tower City	46.9119	-97.6594
ND	Towner	48.3777	-100.4123
ND	Trenton	48.0563	-103.8613
ND	Turtle Lake	47.5414	-100.8814
ND	Tuttle	47.1626	-99.9873
ND	Underwood	47.4602	-101.1898
ND	Upham	48.5816	-100.7323
ND	Valley City	46.9268	-98.0033
ND	Velva	48.0675	-100.9346
ND	Verona	46.3712	-98.0895
ND	Voltaire	47.9518	-100.8038
ND	Wahpeton	46.2651	-96.6133
ND	Walcott	46.5835	-97.0014
ND	Wales	48.9216	-98.5596
ND	Walhalla	48.9110	-97.8819
ND	Warwick	47.8913	-98.6810
ND	Washburn	47.3114	-101.0116
ND	Watford City	47.8043	-103.2582
ND	Webster	48.3229	-98.8739
ND	West Fargo	46.8695	-96.8950
ND	Westhope	48.9051	-101.0338
ND	Wheatland	46.8750	-97.3917
ND	White Earth	48.4307	-102.8067
ND	Wildrose	48.6219	-103.1849
ND	Williston	48.1679	-103.6317
ND	Willow City	48.6062	-100.2968
ND	Wilton	47.1709	-100.7944
ND	Wimbledon	47.1438	-98.4329
ND	Wing	47.1519	-100.3072
ND	Wishek	46.2516	-99.5860
ND	Wolford	48.4809	-99.6628
ND	Woodworth	47.1636	-99.3406
ND	Wyndmere	46.2891	-97.1289
ND	York	48.3217	-99.5505
ND	Ypsilanti	46.7719	-98.4876
ND	Zahl	48.5787	-103.6599
ND	Zap	47.2897	-101.9256
ND	Zeeland	46.0055	-99.7725
NE	Abie	41.3479	-96.9563
NE	Adams	40.4576	-96.5396
NE	Ainsworth	42.5403	-99.8615
NE	Albion	41.7049	-97.9991
NE	Alda	40.8569	-98.4551
NE	Alexandria	40.2614	-97.4039
NE	Allen	42.4437	-96.8574
NE	Alliance	42.1149	-102.8880
NE	Alma	40.1189	-99.3601
NE	Alvo	40.8992	-96.4036
NE	Amelia	42.1809	-99.0080
NE	Ames	41.4613	-96.6463
NE	Amherst	40.8495	-99.2609
NE	Angora	41.8934	-103.0850
NE	Anselmo	41.6362	-99.7991
NE	Ansley	41.3019	-99.3645
NE	Arapahoe	40.3027	-99.8997
NE	Arcadia	41.4293	-99.1205
NE	Archer	41.1782	-98.1182
NE	Arlington	41.4417	-96.3070
NE	Arnold	41.4456	-100.1567
NE	Arthur	41.5740	-101.6931
NE	Ashby	41.9776	-101.9636
NE	Ashland	41.0541	-96.3904
NE	Ashton	41.2672	-98.8034
NE	Atkinson	42.5483	-98.9761
NE	Atlanta	40.3849	-99.4844
NE	Auburn	40.3789	-95.8526
NE	Aurora	40.8528	-98.0201
NE	Avoca	40.8159	-96.0957
NE	Axtell	40.5269	-99.1169
NE	Ayr	40.4411	-98.4390
NE	Bancroft	42.0267	-96.6171
NE	Barneston	40.0483	-96.5767
NE	Bartlett	41.8697	-98.5567
NE	Bartley	40.2581	-100.2908
NE	Bassett	42.5763	-99.5387
NE	Battle Creek	41.9943	-97.5982
NE	Bayard	41.7579	-103.3019
NE	Beatrice	40.2705	-96.7435
NE	Beaver City	40.1290	-99.8065
NE	Beaver Crossing	40.7887	-97.2914
NE	Bee	41.0007	-97.0745
NE	Beemer	41.9374	-96.8150
NE	Belden	42.4022	-97.1956
NE	Belgrade	41.4611	-98.0866
NE	Bellevue	41.1497	-95.9099
NE	Bellwood	41.3474	-97.2747
NE	Belvidere	40.2510	-97.5554
NE	Benedict	41.0033	-97.6029
NE	Benkelman	40.0980	-101.5344
NE	Bennet	40.6382	-96.5134
NE	Bennington	41.3623	-96.1575
NE	Bertrand	40.5608	-99.5759
NE	Big Springs	41.0696	-102.0933
NE	Bingham	42.2607	-102.1331
NE	Bladen	40.2990	-98.6046
NE	Blair	41.5454	-96.1617
NE	Bloomfield	42.5978	-97.6545
NE	Bloomington	40.1383	-99.0094
NE	Blue Hill	40.3110	-98.4270
NE	Blue Springs	40.1407	-96.6590
NE	Boelus	41.1003	-98.6976
NE	Boys Town	41.2611	-96.1317
NE	Bradshaw	40.9207	-97.7607
NE	Brady	41.0515	-100.3736
NE	Brainard	41.1832	-96.9882
NE	Brewster	41.9467	-99.8292
NE	Bridgeport	41.6766	-103.0701
NE	Bristow	42.8806	-98.6027
NE	Broadwater	41.5825	-102.8225
NE	Brock	40.4772	-95.9801
NE	Broken Bow	41.4126	-99.6355
NE	Brownville	40.3994	-95.6935
NE	Brule	41.1002	-101.9099
NE	Bruning	40.3302	-97.5573
NE	Bruno	41.2718	-96.9646
NE	Brunswick	42.3510	-97.9440
NE	Burchard	40.1057	-96.3488
NE	Burr	40.5601	-96.2384
NE	Burwell	41.8080	-99.0995
NE	Bushnell	41.2139	-103.9075
NE	Butte	42.9124	-98.8459
NE	Byron	40.0269	-97.7612
NE	Cairo	41.0002	-98.6165
NE	Callaway	41.2485	-99.9932
NE	Cambridge	40.2808	-100.1676
NE	Campbell	40.2967	-98.7370
NE	Carleton	40.3005	-97.6719
NE	Carroll	42.2770	-97.1926
NE	Cedar Bluffs	41.3835	-96.5691
NE	Cedar Creek	41.0367	-96.0992
NE	Cedar Rapids	41.5564	-98.1554
NE	Center	42.6025	-97.8836
NE	Central City	41.1213	-98.0017
NE	Ceresco	41.0681	-96.6398
NE	Chadron	42.8193	-102.9953
NE	Chambers	42.1916	-98.7378
NE	Champion	40.4600	-101.7485
NE	Chapman	40.9856	-98.2217
NE	Chappell	41.0966	-102.4523
NE	Chester	40.0290	-97.6197
NE	Clarks	41.2328	-97.8461
NE	Clarkson	41.6961	-97.1051
NE	Clatonia	40.4724	-96.8555
NE	Clay Center	40.5113	-98.0386
NE	Clearwater	42.1266	-98.1868
NE	Cody	42.6146	-101.3798
NE	Coleridge	42.5230	-97.1786
NE	Colon	41.2883	-96.6141
NE	Columbus	41.4372	-97.3565
NE	Comstock	41.5553	-99.2753
NE	Concord	42.3820	-96.9810
NE	Cook	40.4986	-96.1526
NE	Cordova	40.7185	-97.3407
NE	Cortland	40.4976	-96.7166
NE	Cozad	40.8619	-99.9921
NE	Crab Orchard	40.3166	-96.4116
NE	Craig	41.7715	-96.3924
NE	Crawford	42.6758	-103.4053
NE	Creighton	42.4681	-97.8932
NE	Creston	41.6607	-97.3687
NE	Crete	40.6193	-96.9567
NE	Crofton	42.7370	-97.5406
NE	Crookston	42.9255	-100.7735
NE	Culbertson	40.2237	-100.8500
NE	Curtis	40.6131	-100.5104
NE	Dakota City	42.3807	-96.4536
NE	Dalton	41.4068	-102.9726
NE	Danbury	40.0377	-100.4242
NE	Dannebrog	41.1192	-98.5546
NE	Davenport	40.3108	-97.8050
NE	Davey	41.0025	-96.6414
NE	David City	41.2373	-97.1262
NE	Dawson	40.1377	-95.8341
NE	Daykin	40.3192	-97.3043
NE	De Witt	40.3944	-96.9338
NE	Decatur	41.9966	-96.2595
NE	Denton	40.7009	-96.8532
NE	Deshler	40.1387	-97.7300
NE	Deweese	40.3792	-98.1772
NE	Dickens	40.8041	-101.0149
NE	Diller	40.1192	-96.9495
NE	Dix	41.2270	-103.4796
NE	Dixon	42.4185	-96.9774
NE	Dodge	41.6816	-96.8181
NE	Doniphan	40.7700	-98.3790
NE	Dorchester	40.6499	-97.1056
NE	Douglas	40.5838	-96.3970
NE	Du Bois	40.0375	-96.0575
NE	Dunbar	40.6592	-96.0136
NE	Duncan	41.3894	-97.4944
NE	Dunning	41.8131	-100.0873
NE	Dwight	41.0894	-96.9931
NE	Eagle	40.8169	-96.4290
NE	Eddyville	41.0079	-99.6810
NE	Edgar	40.3652	-97.9727
NE	Edison	40.2802	-99.7860
NE	Elba	41.2864	-98.5756
NE	Elgin	41.9732	-98.0751
NE	Elk Creek	40.2977	-96.1421
NE	Elkhorn	41.2756	-96.2431
NE	Ellsworth	42.1697	-102.4724
NE	Elm Creek	40.7301	-99.3728
NE	Elmwood	40.8378	-96.2944
NE	Elsie	40.8596	-101.3700
NE	Elsmere	42.2650	-100.2824
NE	Elwood	40.5747	-99.8258
NE	Elyria	41.6957	-99.0467
NE	Emerson	42.2852	-96.7159
NE	Emmet	42.4747	-98.8238
NE	Enders	40.4655	-101.5222
NE	Endicott	40.0734	-97.0938
NE	Ericson	41.7828	-98.6453
NE	Eustis	40.6267	-100.0547
NE	Ewing	42.1851	-98.3981
NE	Exeter	40.6341	-97.4424
NE	Fairbury	40.1488	-97.1839
NE	Fairfield	40.4285	-98.1063
NE	Fairmont	40.6404	-97.5873
NE	Falls City	40.0742	-95.5931
NE	Farnam	40.7129	-100.2069
NE	Farwell	41.2204	-98.6481
NE	Filley	40.2946	-96.5301
NE	Firth	40.5586	-96.6140
NE	Fordyce	42.7309	-97.3567
NE	Fort Calhoun	41.4373	-96.0324
NE	Franklin	40.1052	-98.9469
NE	Fremont	41.4416	-96.4945
NE	Friend	40.6368	-97.2739
NE	Fullerton	41.3660	-98.0054
NE	Funk	40.5020	-99.2450
NE	Garland	40.9412	-96.9702
NE	Geneva	40.5277	-97.6096
NE	Genoa	41.4468	-97.7640
NE	Gering	41.8220	-103.6629
NE	Gibbon	40.7444	-98.8543
NE	Gilead	40.1470	-97.4271
NE	Giltner	40.7654	-98.1434
NE	Glenvil	40.4931	-98.2465
NE	Goehner	40.8302	-97.2055
NE	Gordon	42.8068	-102.2049
NE	Gothenburg	40.9400	-100.1547
NE	Grafton	40.6402	-97.7403
NE	Grand Island	40.9219	-98.3411
NE	Grant	40.8511	-101.7196
NE	Greeley	41.5526	-98.5300
NE	Greenwood	40.9706	-96.4258
NE	Gresham	41.0210	-97.4079
NE	Gretna	41.1345	-96.2458
NE	Guide Rock	40.0812	-98.3391
NE	Gurley	41.2877	-102.9823
NE	Hadar	42.1050	-97.4489
NE	Haigler	40.0642	-101.9371
NE	Hallam	40.5547	-96.7545
NE	Halsey	41.9291	-100.2955
NE	Hampton	40.9236	-97.8841
NE	Hardy	40.0285	-97.9271
NE	Harrisburg	41.5531	-103.7111
NE	Harrison	42.3946	-103.8318
NE	Hartington	42.6235	-97.2837
NE	Harvard	40.6265	-98.0846
NE	Hastings	40.5877	-98.3911
NE	Hay Springs	42.6401	-102.6756
NE	Hayes Center	40.5173	-101.0252
NE	Hazard	41.0934	-99.0719
NE	Heartwell	40.5716	-98.7851
NE	Hebron	40.1728	-97.6052
NE	Hemingford	42.3312	-103.0644
NE	Henderson	40.7814	-97.7979
NE	Hendley	40.1063	-99.9715
NE	Herman	41.6524	-96.2869
NE	Hershey	41.1553	-101.0012
NE	Hickman	40.6246	-96.6249
NE	Hildreth	40.3217	-99.0571
NE	Holbrook	40.3019	-100.0136
NE	Holdrege	40.4475	-99.3672
NE	Holstein	40.4542	-98.6538
NE	Homer	42.3217	-96.4892
NE	Hooper	41.6414	-96.5232
NE	Hordville	41.0813	-97.8881
NE	Hoskins	42.1408	-97.3084
NE	Howells	41.6964	-96.9858
NE	Hubbard	42.4131	-96.6224
NE	Hubbell	40.0456	-97.4735
NE	Humboldt	40.1566	-95.9311
NE	Humphrey	41.6702	-97.4986
NE	Hyannis	42.0070	-101.7483
NE	Imperial	40.5251	-101.6468
NE	Inavale	40.0959	-98.6612
NE	Indianola	40.2357	-100.4298
NE	Inland	40.5899	-98.2234
NE	Inman	42.3761	-98.5384
NE	Ithaca	41.1748	-96.5298
NE	Jackson	42.4529	-96.5743
NE	Jansen	40.2074	-97.0244
NE	Johnson	40.4016	-95.9883
NE	Johnstown	42.5309	-100.0453
NE	Julian	40.4861	-95.8505
NE	Juniata	40.5867	-98.5150
NE	Kearney	40.7086	-99.1203
NE	Kenesaw	40.6165	-98.6572
NE	Kennard	41.4711	-96.1619
NE	Keystone	41.2621	-101.6282
NE	Kilgore	42.9146	-100.9884
NE	Kimball	41.2321	-103.6602
NE	La Vista	41.1720	-96.0403
NE	Lakeside	42.0496	-102.4437
NE	Laurel	42.4270	-97.0874
NE	Lawrence	40.2767	-98.2402
NE	Lebanon	40.0752	-100.2612
NE	Leigh	41.6739	-97.2320
NE	Lemoyne	41.3040	-101.8947
NE	Lewellen	41.3435	-102.1396
NE	Lewiston	40.2309	-96.4049
NE	Lexington	40.7850	-99.7515
NE	Liberty	40.0753	-96.5237
NE	Lincoln	40.8169	-96.7103
NE	Lindsay	41.6926	-97.6711
NE	Linwood	41.4129	-96.9399
NE	Lisco	41.5114	-102.5498
NE	Litchfield	41.1686	-99.1415
NE	Lodgepole	41.1697	-102.6570
NE	Long Pine	42.5334	-99.7230
NE	Loomis	40.4792	-99.4979
NE	Lorton	40.5964	-96.0245
NE	Louisville	40.9967	-96.1948
NE	Loup City	41.2845	-98.9751
NE	Lyman	41.8918	-104.0066
NE	Lynch	42.8373	-98.4504
NE	Lyons	41.9442	-96.4661
NE	Macy	42.1177	-96.3589
NE	Madison	41.8308	-97.4720
NE	Madrid	40.8544	-101.5371
NE	Magnet	42.4753	-97.4407
NE	Malcolm	40.9091	-96.8600
NE	Malmo	41.2984	-96.7327
NE	Manley	40.9197	-96.1656
NE	Marquette	41.0100	-98.0000
NE	Marsland	42.5988	-103.0519
NE	Martell	40.6514	-96.7442
NE	Maskell	42.6702	-96.9670
NE	Mason City	41.1853	-99.3049
NE	Max	40.1069	-101.3916
NE	Maxwell	41.0588	-100.5270
NE	Maywood	40.5893	-100.6421
NE	Mc Cook	40.2049	-100.6279
NE	Mc Cool Junction	40.7442	-97.5937
NE	Mcgrew	41.7292	-103.4278
NE	Mclean	42.3921	-97.4751
NE	Mead	41.2393	-96.4961
NE	Meadow Grove	42.0102	-97.7334
NE	Melbeta	41.7817	-103.5172
NE	Memphis	41.0950	-96.4311
NE	Merna	41.4435	-99.8036
NE	Merriman	42.6419	-101.7583
NE	Milford	40.7632	-97.0576
NE	Miller	40.9422	-99.3740
NE	Milligan	40.4952	-97.3997
NE	Mills	42.9225	-99.4466
NE	Minatare	41.8493	-103.4890
NE	Minden	40.5091	-98.9383
NE	Mitchell	41.9459	-103.7960
NE	Monroe	41.4783	-97.6061
NE	Moorefield	40.5786	-100.3108
NE	Morrill	41.9681	-103.9182
NE	Morse Bluff	41.4178	-96.7862
NE	Mullen	42.0163	-101.0542
NE	Murdock	40.9190	-96.2848
NE	Murray	40.9200	-95.9227
NE	Naper	42.9521	-99.0710
NE	Naponee	40.1258	-99.1277
NE	Nebraska City	40.6747	-95.8619
NE	Nehawka	40.8330	-95.9930
NE	Neligh	42.1389	-98.0151
NE	Nelson	40.2097	-98.0584
NE	Nemaha	40.3198	-95.6913
NE	Nenzel	42.9278	-101.1025
NE	Newcastle	42.6207	-96.8709
NE	Newman Grove	41.7498	-97.7740
NE	Newport	42.6001	-99.3359
NE	Nickerson	41.5233	-96.4904
NE	Niobrara	42.7769	-97.9127
NE	Norfolk	42.0329	-97.4229
NE	North Bend	41.4689	-96.7813
NE	North Loup	41.4972	-98.7858
NE	North Platte	41.1326	-100.7746
NE	Oak	40.2605	-97.8841
NE	Oakdale	42.0536	-97.9186
NE	Oakland	41.8384	-96.4671
NE	Oconto	41.1381	-99.6951
NE	Odell	40.0451	-96.8019
NE	Odessa	40.7097	-99.2541
NE	Offutt A F B	41.1148	-95.9076
NE	Ogallala	41.1275	-101.7107
NE	Ohiowa	40.4065	-97.4427
NE	Omaha	41.2610	-95.9376
NE	Oneill	42.4857	-98.6456
NE	Ong	40.3968	-97.8610
NE	Orchard	42.3399	-98.2409
NE	Ord	41.5962	-98.9418
NE	Orleans	40.1484	-99.4572
NE	Osceola	41.1966	-97.5571
NE	Oshkosh	41.4451	-102.3457
NE	Osmond	42.3539	-97.5820
NE	Otoe	40.7355	-96.1329
NE	Overton	40.7519	-99.5278
NE	Oxford	40.2560	-99.6302
NE	Page	42.4119	-98.3964
NE	Palisade	40.3387	-101.1295
NE	Palmer	41.1788	-98.2411
NE	Palmyra	40.7050	-96.3999
NE	Panama	40.5978	-96.5106
NE	Papillion	41.1523	-96.0371
NE	Parks	40.1398	-101.7399
NE	Pawnee City	40.1093	-96.1509
NE	Paxton	41.1268	-101.3585
NE	Pender	42.1177	-96.7189
NE	Peru	40.4766	-95.7312
NE	Petersburg	41.8590	-98.0848
NE	Phillips	40.8982	-98.2129
NE	Pickrell	40.3821	-96.7344
NE	Pierce	42.1943	-97.5256
NE	Pilger	42.0404	-97.2685
NE	Plainview	42.3467	-97.7786
NE	Platte Center	41.5241	-97.4576
NE	Plattsmouth	40.9992	-95.9139
NE	Pleasant Dale	40.8133	-96.9513
NE	Pleasanton	40.9818	-99.1283
NE	Plymouth	40.3039	-97.0012
NE	Polk	41.1177	-97.7524
NE	Ponca	42.5693	-96.7128
NE	Potter	41.2347	-103.3061
NE	Prague	41.3036	-96.8301
NE	Primrose	41.6405	-98.2355
NE	Purdum	41.9665	-100.1569
NE	Ragan	40.3096	-99.2489
NE	Randolph	42.3798	-97.3464
NE	Ravenna	41.0233	-98.9041
NE	Raymond	40.9853	-96.7829
NE	Red Cloud	40.0952	-98.5187
NE	Republican City	40.1034	-99.2322
NE	Reynolds	40.0594	-97.3182
NE	Rising City	41.2082	-97.3032
NE	Riverdale	40.7627	-99.1381
NE	Riverton	40.1016	-98.7858
NE	Roca	40.6702	-96.6391
NE	Rockville	41.1108	-98.8578
NE	Rogers	41.4695	-96.9497
NE	Rosalie	42.0574	-96.4929
NE	Roseland	40.4591	-98.5551
NE	Royal	42.2946	-98.1246
NE	Rulo	40.0536	-95.4292
NE	Rushville	42.7379	-102.4657
NE	Ruskin	40.1383	-97.8720
NE	Saint Edward	41.5708	-97.8801
NE	Saint Helena	42.8181	-97.3586
NE	Saint Libory	41.0867	-98.3589
NE	Saint Paul	41.2242	-98.4440
NE	Salem	40.0620	-95.7273
NE	Sargent	41.6508	-99.3816
NE	Saronville	40.6006	-97.8739
NE	Schuyler	41.4591	-97.0628
NE	Scotia	41.4837	-98.6893
NE	Scottsbluff	41.8720	-103.6619
NE	Scribner	41.6630	-96.6441
NE	Seneca	41.9901	-100.8073
NE	Seward	40.9066	-97.0966
NE	Shelby	41.2435	-97.4295
NE	Shelton	40.7717	-98.7435
NE	Shickley	40.4077	-97.7143
NE	Shubert	40.2325	-95.6895
NE	Sidney	41.1428	-102.9775
NE	Silver Creek	41.3190	-97.6671
NE	Smithfield	40.5836	-99.8239
NE	Snyder	41.7039	-96.7883
NE	South Bend	41.0017	-96.2450
NE	South Sioux City	42.4656	-96.4182
NE	Spalding	41.6874	-98.3715
NE	Sparks	42.9411	-100.2556
NE	Spencer	42.8849	-98.7059
NE	Sprague	40.6258	-96.7444
NE	Springfield	41.0765	-96.1438
NE	Springview	42.8488	-99.8061
NE	St Columbans	41.0942	-96.0536
NE	Stamford	40.1163	-99.5814
NE	Stanton	41.9076	-97.2140
NE	Staplehurst	40.9845	-97.1859
NE	Stapleton	41.4888	-100.4831
NE	Steele City	40.0425	-96.9907
NE	Steinauer	40.2169	-96.2302
NE	Stella	40.2303	-95.7680
NE	Sterling	40.4637	-96.3867
NE	Stockville	40.4948	-100.3849
NE	Strang	40.3981	-97.5521
NE	Stratton	40.1445	-101.2183
NE	Stromsburg	41.1118	-97.5742
NE	Stuart	42.5713	-99.1396
NE	Sumner	40.9504	-99.5200
NE	Superior	40.0315	-98.0779
NE	Surprise	41.0899	-97.3090
NE	Sutherland	41.1557	-101.1360
NE	Sutton	40.6540	-97.8735
NE	Swanton	40.3844	-97.0806
NE	Syracuse	40.6614	-96.1824
NE	Table Rock	40.1874	-96.0818
NE	Talmage	40.5586	-96.0138
NE	Taylor	41.8229	-99.4154
NE	Tecumseh	40.3697	-96.2050
NE	Tekamah	41.7819	-96.2281
NE	Thedford	41.9736	-100.5738
NE	Thurston	42.1882	-96.6904
NE	Tilden	42.0496	-97.8223
NE	Tobias	40.4262	-97.3184
NE	Trenton	40.1681	-101.0201
NE	Trumbull	40.6692	-98.2574
NE	Tryon	41.5732	-101.0175
NE	Uehling	41.7342	-96.5047
NE	Ulysses	41.0791	-97.1984
NE	Unadilla	40.6917	-96.2825
NE	Union	40.8245	-95.9037
NE	Upland	40.3171	-98.8966
NE	Utica	40.9168	-97.3344
NE	Valentine	42.8062	-100.6215
NE	Valley	41.3186	-96.3463
NE	Valparaiso	41.0843	-96.8091
NE	Venango	40.8073	-101.9839
NE	Verdigre	42.6101	-98.0793
NE	Verdon	40.1425	-95.7162
NE	Virginia	40.2309	-96.5121
NE	Waco	40.9198	-97.4534
NE	Wahoo	41.2117	-96.6219
NE	Wakefield	42.2733	-96.8776
NE	Wallace	40.8304	-101.1738
NE	Walthill	42.1485	-96.4803
NE	Walton	40.7975	-96.5359
NE	Washington	41.3975	-96.2078
NE	Waterbury	42.4604	-96.7448
NE	Waterloo	41.2702	-96.3063
NE	Wauneta	40.4409	-101.3812
NE	Wausa	42.4973	-97.5576
NE	Waverly	40.9222	-96.5260
NE	Wayne	42.2304	-97.0186
NE	Weeping Water	40.8731	-96.1528
NE	Wellfleet	40.7988	-100.7119
NE	West Point	41.8450	-96.7318
NE	Western	40.4152	-97.1976
NE	Westerville	41.4193	-99.3844
NE	Weston	41.1811	-96.7691
NE	Whiteclay	42.9969	-102.5542
NE	Whitman	41.9584	-101.5216
NE	Whitney	42.7559	-103.2396
NE	Wilber	40.4821	-96.9757
NE	Wilcox	40.3735	-99.1539
NE	Willow Island	40.8778	-100.0944
NE	Wilsonville	40.1089	-100.1211
NE	Winnebago	42.2339	-96.4685
NE	Winnetoon	42.4946	-98.0254
NE	Winside	42.1678	-97.1825
NE	Winslow	41.6092	-96.5042
NE	Wisner	41.9980	-96.9170
NE	Wolbach	41.4244	-98.3995
NE	Wood Lake	42.6264	-100.2872
NE	Wood River	40.8106	-98.6065
NE	Wymore	40.1130	-96.6613
NE	Wynot	42.7393	-97.1678
NE	York	40.8667	-97.5825
NE	Yutan	41.2340	-96.3932
NH	Acworth	43.2178	-72.2925
NH	Alstead	43.1265	-72.3281
NH	Alton	43.4630	-71.2297
NH	Alton Bay	43.4845	-71.2489
NH	Amherst	42.8569	-71.6075
NH	Andover	43.4287	-71.7830
NH	Antrim	43.0595	-71.9387
NH	Ashland	43.7034	-71.6121
NH	Ashuelot	42.7851	-72.4349
NH	Atkinson	42.8370	-71.1603
NH	Auburn	42.9925	-71.3449
NH	Barnstead	43.3651	-71.2869
NH	Barrington	43.2027	-71.0377
NH	Bartlett	44.0866	-71.2491
NH	Bath	44.1734	-71.9567
NH	Bedford	42.9403	-71.5213
NH	Belmont	43.4512	-71.4890
NH	Bennington	43.0103	-71.9153
NH	Berlin	44.4811	-71.1892
NH	Bethlehem	44.2808	-71.6829
NH	Bow	43.1388	-71.5448
NH	Bradford	43.2943	-71.9850
NH	Bretton Woods	44.2581	-71.4417
NH	Bristol	43.6120	-71.7507
NH	Brookline	42.7384	-71.6663
NH	Campton	43.8885	-71.6361
NH	Canaan	43.6601	-72.0297
NH	Candia	43.0585	-71.3049
NH	Canterbury	43.3570	-71.5570
NH	Center Barnstead	43.3566	-71.2424
NH	Center Harbor	43.7107	-71.4797
NH	Center Ossipee	43.7682	-71.1349
NH	Center Sandwich	43.8162	-71.4506
NH	Center Strafford	43.2629	-71.1071
NH	Center Tuftonboro	43.6902	-71.2651
NH	Charlestown	43.2573	-72.4064
NH	Chatham	43.9878	-71.0607
NH	Chester	42.9678	-71.2450
NH	Chesterfield	42.9008	-72.4872
NH	Chichester	43.2492	-71.4003
NH	Chocorua	43.8909	-71.2407
NH	Claremont	43.3679	-72.3422
NH	Colebrook	44.9078	-71.4793
NH	Concord	43.2185	-71.5277
NH	Contoocook	43.2189	-71.6963
NH	Conway	43.9742	-71.1503
NH	Cornish	43.4963	-72.3394
NH	Cornish Flat	43.4972	-72.2800
NH	Danbury	43.5115	-71.8691
NH	Danville	42.9234	-71.1210
NH	Deerfield	43.1378	-71.2513
NH	Derry	42.8874	-71.3020
NH	Dover	43.1900	-70.8849
NH	Drewsville	43.1281	-72.3925
NH	Dublin	42.8972	-72.0505
NH	Dunbarton	43.1094	-71.5992
NH	Durham	43.1338	-70.9523
NH	East Andover	43.4777	-71.7596
NH	East Candia	43.0481	-71.2492
NH	East Derry	42.8944	-71.2917
NH	East Hampstead	42.8877	-71.1280
NH	East Wakefield	43.6410	-71.0077
NH	Eaton Center	43.9092	-71.0842
NH	Effingham	43.7212	-71.0021
NH	Elkins	43.4208	-71.9378
NH	Enfield	43.6256	-72.1270
NH	Enfield Center	43.5900	-72.1114
NH	Epping	43.0411	-71.0764
NH	Epsom	43.2174	-71.3546
NH	Errol	44.8003	-71.1436
NH	Etna	43.7113	-72.2125
NH	Exeter	42.9772	-70.9643
NH	Farmington	43.3884	-71.0647
NH	Fitzwilliam	42.7611	-72.1450
NH	Francestown	42.9920	-71.8113
NH	Franconia	44.2053	-71.7518
NH	Franklin	43.4426	-71.6491
NH	Freedom	43.8172	-71.0628
NH	Fremont	42.9840	-71.1218
NH	Georges Mills	43.4317	-72.0678
NH	Gilford	43.5475	-71.4072
NH	Gilmanton	43.4175	-71.4121
NH	Gilmanton Iron Works	43.4253	-71.3303
NH	Gilsum	43.0431	-72.2633
NH	Glen	44.1018	-71.1925
NH	Glencliff	43.9828	-71.8939
NH	Goffstown	43.0182	-71.5626
NH	Gorham	44.3996	-71.1800
NH	Goshen	43.3026	-72.1241
NH	Grafton	43.5727	-71.9634
NH	Grantham	43.5103	-72.1334
NH	Greenfield	42.9493	-71.8728
NH	Greenland	43.0353	-70.8475
NH	Greenville	42.7489	-71.7845
NH	Guild	43.3767	-72.1386
NH	Hampstead	42.8820	-71.1758
NH	Hampton	42.9359	-70.8243
NH	Hampton Falls	42.9263	-70.8876
NH	Hancock	42.9768	-71.9819
NH	Hanover	43.7045	-72.2850
NH	Harrisville	42.9399	-72.0972
NH	Haverhill	44.0394	-72.0573
NH	Hebron	43.7186	-71.8270
NH	Henniker	43.1791	-71.8159
NH	Hill	43.5274	-71.7292
NH	Hillsborough	43.1207	-71.9028
NH	Hinsdale	42.8027	-72.5015
NH	Holderness	43.7319	-71.5889
NH	Hollis	42.7485	-71.5772
NH	Hooksett	43.0617	-71.4444
NH	Hudson	42.7690	-71.4121
NH	Intervale	44.0955	-71.1194
NH	Jackson	44.1670	-71.1878
NH	Jaffrey	42.8178	-72.0275
NH	Jefferson	44.3999	-71.4518
NH	Kearsarge	44.0753	-71.1181
NH	Keene	42.9431	-72.2895
NH	Kingston	42.9133	-71.0639
NH	Laconia	43.5387	-71.4529
NH	Lancaster	44.4921	-71.5591
NH	Lebanon	43.6422	-72.2522
NH	Lee	43.1231	-71.0114
NH	Lempster	43.2186	-72.1662
NH	Lincoln	44.0582	-71.6727
NH	Lisbon	44.2148	-71.8966
NH	Litchfield	42.8442	-71.4803
NH	Littleton	44.3112	-71.7768
NH	Lochmere	43.4711	-71.5306
NH	Londonderry	42.8656	-71.3772
NH	Loudon	43.2856	-71.4678
NH	Lyme	43.7913	-72.1620
NH	Lyme Center	43.7992	-72.1233
NH	Lyndeborough	42.8954	-71.7744
NH	Madbury	43.1692	-70.9244
NH	Madison	43.9152	-71.1254
NH	Manchester	42.9929	-71.4633
NH	Marlborough	42.8988	-72.2013
NH	Marlow	43.1326	-72.2109
NH	Melvin Village	43.6889	-71.3047
NH	Meredith	43.6502	-71.5113
NH	Meriden	43.5299	-72.2756
NH	Merrimack	42.8667	-71.5128
NH	Milan	44.5870	-71.1810
NH	Milford	42.8285	-71.6606
NH	Milton	43.4097	-70.9889
NH	Milton Mills	43.5025	-70.9697
NH	Mirror Lake	43.6366	-71.2729
NH	Monroe	44.2734	-72.0250
NH	Mont Vernon	42.8976	-71.6762
NH	Moultonborough	43.7281	-71.3922
NH	Mount Washington	44.3458	-71.5547
NH	Nashua	42.7564	-71.4667
NH	Nelson	42.9986	-72.1337
NH	New Boston	42.9722	-71.6864
NH	New Castle	43.0681	-70.7199
NH	New Durham	43.4430	-71.1408
NH	New Hampton	43.6184	-71.6435
NH	New Ipswich	42.7511	-71.8703
NH	New London	43.4145	-71.9857
NH	Newbury	43.3406	-72.0714
NH	Newfields	43.0369	-70.9389
NH	Newington	43.2361	-70.8208
NH	Newmarket	43.0726	-70.9553
NH	Newport	43.3532	-72.1838
NH	Newton	42.8678	-71.0420
NH	Newton Junction	42.8672	-71.0664
NH	North Conway	44.0336	-71.1238
NH	North Hampton	42.9776	-70.8267
NH	North Haverhill	44.0978	-72.0191
NH	North Salem	42.8369	-71.2211
NH	North Sandwich	43.8452	-71.3850
NH	North Stratford	44.7149	-71.5644
NH	North Sutton	43.3639	-71.9400
NH	North Walpole	43.1428	-72.4483
NH	North Woodstock	44.0198	-71.6977
NH	Northumberland	44.5984	-71.5064
NH	Northwood	43.2070	-71.2004
NH	Nottingham	43.1196	-71.1110
NH	Orford	43.8941	-72.0978
NH	Ossipee	43.6945	-71.1129
NH	Pelham	42.7288	-71.3046
NH	Peterborough	42.8856	-71.9470
NH	Piermont	43.9906	-72.0813
NH	Pike	44.0255	-72.0096
NH	Pittsburg	45.0866	-71.3636
NH	Pittsfield	43.2874	-71.3330
NH	Plainfield	43.5519	-72.2704
NH	Plaistow	42.8356	-71.0934
NH	Plymouth	43.7635	-71.6847
NH	Portsmouth	43.0665	-70.7804
NH	Randolph	44.3753	-71.2803
NH	Raymond	43.0325	-71.1912
NH	Rindge	42.7544	-72.0190
NH	Rochester	43.2684	-70.9766
NH	Rollinsford	43.2269	-70.8332
NH	Rumney	43.8044	-71.8480
NH	Rye	43.0095	-70.7652
NH	Rye Beach	42.9767	-70.7661
NH	Salem	42.7846	-71.2176
NH	Salisbury	43.4067	-71.7045
NH	Sanbornton	43.5496	-71.6003
NH	Sanbornville	43.5513	-71.0200
NH	Sandown	42.9308	-71.1861
NH	Seabrook	42.8854	-70.8646
NH	Silver Lake	43.8790	-71.1905
NH	Somersworth	43.2525	-70.8756
NH	South Acworth	43.1769	-72.3411
NH	South Hampton	42.9113	-70.9769
NH	South Newbury	43.2956	-71.9972
NH	South Sutton	43.3200	-71.9347
NH	South Tamworth	43.8336	-71.3117
NH	Spofford	42.9120	-72.4103
NH	Springfield	43.4916	-72.0579
NH	Stinson Lake	43.8611	-71.8089
NH	Stoddard	43.0739	-72.1088
NH	Strafford	43.2506	-71.1625
NH	Stratham	43.0194	-70.8997
NH	Sugar Hill	43.6067	-71.7369
NH	Sullivan	42.9940	-72.1918
NH	Sunapee	43.3868	-72.0950
NH	Suncook	43.1476	-71.4397
NH	Swanzey	42.8841	-72.2493
NH	Tamworth	43.8620	-71.2645
NH	Temple	42.8200	-71.8523
NH	Thornton	43.8928	-71.6759
NH	Tilton	43.4603	-71.5774
NH	Troy	42.8270	-72.1848
NH	Twin Mountain	44.2722	-71.5394
NH	Union	43.4382	-71.0209
NH	Walpole	43.0765	-72.4155
NH	Warner	43.3035	-71.8353
NH	Warren	43.9447	-71.8901
NH	Washington	43.1747	-72.0824
NH	Waterville Valley	43.9500	-71.5000
NH	Weare	43.0714	-71.7038
NH	Wentworth	43.8685	-71.9097
NH	West Chesterfield	42.8732	-72.5112
NH	West Lebanon	43.6440	-72.3007
NH	West Nottingham	43.1340	-71.1110
NH	West Ossipee	43.8360	-71.2051
NH	West Peterborough	42.8872	-71.9858
NH	West Stewartstown	44.9953	-71.5317
NH	West Swanzey	42.8703	-72.2977
NH	Westmoreland	42.9690	-72.4358
NH	Whitefield	44.3681	-71.6035
NH	Wilmot	43.4322	-71.9010
NH	Wilton	42.8368	-71.7541
NH	Winchester	42.7739	-72.3637
NH	Windham	42.8051	-71.3067
NH	Winnisquam	43.5014	-71.5125
NH	Wolfeboro	43.5950	-71.1908
NH	Wolfeboro Falls	43.5919	-71.2061
NH	Wonalancet	43.9072	-71.3511
NH	Woodstock	43.9775	-71.6856
NH	Woodsville	44.1385	-71.9892
NJ	Absecon	39.4624	-74.5031
NJ	Adelphia	40.2181	-74.2567
NJ	Allamuchy	40.9217	-74.8106
NJ	Allendale	41.0327	-74.1342
NJ	Allenhurst	40.2367	-74.0067
NJ	Allentown	40.1589	-74.5909
NJ	Allenwood	40.1414	-74.1003
NJ	Alloway	39.5608	-75.3628
NJ	Alpine	40.9511	-73.9308
NJ	Andover	40.9614	-74.7524
NJ	Annandale	40.6287	-74.8855
NJ	Asbury	40.6502	-75.0159
NJ	Asbury Park	40.2356	-74.0295
NJ	Atco	39.7709	-74.8794
NJ	Atlantic City	39.3664	-74.4317
NJ	Atlantic Highlands	40.4077	-74.0324
NJ	Audubon	39.8910	-75.0724
NJ	Augusta	41.1451	-74.6848
NJ	Avalon	39.0951	-74.7262
NJ	Avenel	40.5826	-74.2785
NJ	Avon By The Sea	40.1918	-74.0167
NJ	Baptistown	40.5217	-75.0064
NJ	Barnegat	39.7552	-74.2470
NJ	Barnegat Light	39.7575	-74.1067
NJ	Barrington	39.8651	-75.0564
NJ	Basking Ridge	40.6789	-74.5605
NJ	Bayonne	40.6664	-74.1192
NJ	Bayville	39.9147	-74.1905
NJ	Beach Haven	39.6363	-74.1890
NJ	Beachwood	39.9302	-74.1961
NJ	Bedminster	40.6571	-74.6432
NJ	Belford	40.4173	-74.0889
NJ	Belle Mead	40.4677	-74.6290
NJ	Belleville	40.7946	-74.1631
NJ	Bellmawr	39.8689	-75.0944
NJ	Belmar	40.1783	-74.0222
NJ	Belvidere	40.8308	-75.0503
NJ	Bergenfield	40.9238	-73.9989
NJ	Berkeley Heights	40.6752	-74.4346
NJ	Berlin	39.7788	-74.9308
NJ	Bernardsville	40.7225	-74.5778
NJ	Beverly	40.0565	-74.9114
NJ	Birmingham	39.9758	-74.7106
NJ	Blackwood	39.7741	-75.0587
NJ	Blairstown	40.9674	-74.9651
NJ	Blawenburg	40.4075	-74.7031
NJ	Bloomfield	40.8035	-74.1891
NJ	Bloomingdale	41.0128	-74.3338
NJ	Bloomsbury	40.6437	-75.0966
NJ	Bogota	40.8744	-74.0281
NJ	Boonton	40.9115	-74.4140
NJ	Bordentown	40.1431	-74.7032
NJ	Bound Brook	40.5681	-74.5397
NJ	Bradley Beach	40.2023	-74.0132
NJ	Branchville	41.1705	-74.7500
NJ	Brick	40.0408	-74.1269
NJ	Bridgeport	39.8016	-75.3478
NJ	Bridgeton	39.4453	-75.2267
NJ	Bridgewater	40.5904	-74.6267
NJ	Brielle	40.1077	-74.0635
NJ	Brigantine	39.4037	-74.3776
NJ	Broadway	40.7319	-75.0519
NJ	Brookside	40.7942	-74.5683
NJ	Browns Mills	39.9597	-74.5655
NJ	Budd Lake	40.8731	-74.7426
NJ	Buena	39.5370	-74.8895
NJ	Burlington	40.0680	-74.8454
NJ	Butler	40.9921	-74.3641
NJ	Buttzville	40.8322	-75.0067
NJ	Caldwell	40.8491	-74.2768
NJ	Califon	40.7162	-74.8152
NJ	Camden	39.9258	-75.1200
NJ	Cape May	38.9692	-74.9262
NJ	Cape May Court House	39.1014	-74.8268
NJ	Cape May Point	38.9372	-74.9697
NJ	Carlstadt	40.8403	-74.0925
NJ	Carteret	40.5823	-74.2313
NJ	Cedar Brook	39.7153	-74.9011
NJ	Cedar Grove	40.8534	-74.2297
NJ	Cedar Knolls	40.8223	-74.4569
NJ	Cedarville	39.3370	-75.1994
NJ	Changewater	40.7381	-74.9444
NJ	Chatham	40.7305	-74.4017
NJ	Chatsworth	39.8019	-74.5256
NJ	Cherry Hill	39.9308	-75.0175
NJ	Chester	40.7892	-74.6776
NJ	Chesterfield	40.1584	-74.6668
NJ	Clark	40.6203	-74.3106
NJ	Clarksboro	39.7992	-75.2237
NJ	Clayton	39.6590	-75.0942
NJ	Clementon	39.8070	-75.0040
NJ	Cliffside Park	40.8222	-73.9880
NJ	Cliffwood	40.4353	-74.2358
NJ	Clifton	40.8789	-74.1425
NJ	Clinton	40.6412	-74.9088
NJ	Closter	40.9721	-73.9590
NJ	Cologne	39.5047	-74.6136
NJ	Colonia	40.5937	-74.3164
NJ	Colts Neck	40.3012	-74.1780
NJ	Columbia	40.9388	-75.0550
NJ	Columbus	40.0642	-74.6899
NJ	Cookstown	40.0481	-74.5595
NJ	Cranbury	40.3039	-74.5065
NJ	Cranford	40.6554	-74.3057
NJ	Cream Ridge	40.1279	-74.4994
NJ	Cresskill	40.9418	-73.9652
NJ	Dayton	40.3825	-74.5111
NJ	Deal	40.2506	-74.0020
NJ	Deepwater	39.6833	-75.4908
NJ	Deerfield Street	39.4931	-75.2172
NJ	Delaware	40.8928	-75.0650
NJ	Delmont	39.2023	-74.9705
NJ	Delran	40.0247	-74.9561
NJ	Demarest	40.9548	-73.9602
NJ	Dennisville	39.1931	-74.8256
NJ	Denville	40.8897	-74.4844
NJ	Dividing Creek	39.2703	-75.1014
NJ	Dorchester	39.2728	-74.9772
NJ	Dorothy	39.4031	-74.8316
NJ	Dover	40.8872	-74.5597
NJ	Dumont	40.9447	-73.9921
NJ	Dunellen	40.5942	-74.4719
NJ	East Brunswick	40.4284	-74.4064
NJ	East Hanover	40.8192	-74.3636
NJ	East Orange	40.7696	-74.2077
NJ	East Rutherford	40.8385	-74.1041
NJ	Eatontown	40.3028	-74.0698
NJ	Edgewater	40.8317	-73.9738
NJ	Edison	40.5171	-74.3973
NJ	Egg Harbor City	39.5331	-74.6177
NJ	Egg Harbor Township	39.4136	-74.5889
NJ	Elizabeth	40.6717	-74.2043
NJ	Elmer	39.5691	-75.1630
NJ	Elmwood Park	40.9069	-74.1209
NJ	Elwood	39.5764	-74.7172
NJ	Emerson	40.9755	-74.0285
NJ	Englewood	40.8943	-73.9772
NJ	Englewood Cliffs	40.8820	-73.9544
NJ	Englishtown	40.3063	-74.3306
NJ	Essex Fells	40.8279	-74.2797
NJ	Estell Manor	39.3783	-74.8165
NJ	Ewan	39.6986	-75.1864
NJ	Ewing	40.2377	-74.7821
NJ	Fair Haven	40.3599	-74.0389
NJ	Fair Lawn	40.9343	-74.1166
NJ	Fairfield	40.8822	-74.2960
NJ	Fairton	39.3817	-75.2203
NJ	Fairview	40.8170	-74.0000
NJ	Fanwood	40.6419	-74.3868
NJ	Far Hills	40.7040	-74.6540
NJ	Farmingdale	40.2043	-74.1779
NJ	Flagtown	40.5169	-74.6847
NJ	Flanders	40.8453	-74.7019
NJ	Flemington	40.5180	-74.8453
NJ	Florence	40.1180	-74.8055
NJ	Florham Park	40.7757	-74.3928
NJ	Fords	40.5393	-74.3117
NJ	Forked River	39.8444	-74.1973
NJ	Fort Dix	40.0099	-74.6183
NJ	Fort Lee	40.8503	-73.9745
NJ	Fort Monmouth	40.3177	-74.0390
NJ	Fortescue	39.2375	-75.1719
NJ	Franklin	41.1164	-74.5865
NJ	Franklin Lakes	41.0081	-74.2113
NJ	Franklin Park	40.4421	-74.5369
NJ	Franklinville	39.6156	-75.0409
NJ	Freehold	40.2458	-74.2768
NJ	Frenchtown	40.5208	-75.0325
NJ	Garfield	40.8789	-74.1081
NJ	Garwood	40.6512	-74.3239
NJ	Gibbsboro	39.8365	-74.9710
NJ	Gibbstown	39.8231	-75.2751
NJ	Gillette	40.6877	-74.4681
NJ	Gladstone	40.7219	-74.6707
NJ	Glassboro	39.7068	-75.1172
NJ	Glasser	40.9864	-74.6339
NJ	Glen Gardner	40.7134	-74.9162
NJ	Glen Ridge	40.8040	-74.2055
NJ	Glen Rock	40.9602	-74.1254
NJ	Glendora	39.8404	-75.0697
NJ	Glenwood	41.2356	-74.4885
NJ	Gloucester City	39.8911	-75.1170
NJ	Goshen	39.1414	-74.8533
NJ	Great Meadows	40.8520	-74.9418
NJ	Green Creek	39.0461	-74.9017
NJ	Green Village	40.7416	-74.4517
NJ	Greendell	40.9739	-74.8214
NJ	Greenwich	39.3897	-75.3389
NJ	Grenloch	39.4258	-75.2253
NJ	Greystone Park	40.8440	-74.4796
NJ	Hackensack	40.8882	-74.0503
NJ	Hackettstown	40.8529	-74.8343
NJ	Haddon Heights	39.8788	-75.0664
NJ	Haddon Township	39.9186	-75.1078
NJ	Haddonfield	39.8954	-75.0417
NJ	Hainesport	39.9839	-74.8275
NJ	Haledon	40.9457	-74.1826
NJ	Hamburg	41.1467	-74.5874
NJ	Hammonton	39.6389	-74.7907
NJ	Hampton	40.6774	-74.9622
NJ	Hancocks Bridge	39.5053	-75.4622
NJ	Harrington Park	40.9918	-73.9800
NJ	Harrison	40.7475	-74.1559
NJ	Harrisonville	39.6850	-75.2664
NJ	Hasbrouck Heights	40.8622	-74.0760
NJ	Haskell	41.0301	-74.2965
NJ	Haworth	40.9608	-73.9874
NJ	Hawthorne	40.9564	-74.1569
NJ	Hazlet	40.4226	-74.1799
NJ	Heislerville	39.2450	-74.9939
NJ	Helmetta	40.3777	-74.4204
NJ	Hewitt	41.1709	-74.3686
NJ	Hibernia	40.9439	-74.4931
NJ	High Bridge	40.6684	-74.8937
NJ	Highland Lakes	41.1826	-74.4564
NJ	Highland Park	40.4991	-74.4266
NJ	Highlands	40.4024	-73.9909
NJ	Hightstown	40.2669	-74.5250
NJ	Hillsborough	40.4775	-74.6272
NJ	Hillsdale	41.0069	-74.0426
NJ	Hillside	40.6968	-74.2281
NJ	Ho Ho Kus	41.0004	-74.1025
NJ	Hoboken	40.7445	-74.0329
NJ	Holmdel	40.3450	-74.1844
NJ	Hopatcong	40.9390	-74.6616
NJ	Hope	40.9111	-74.9678
NJ	Hopewell	40.3902	-74.7710
NJ	Howell	40.1481	-74.2137
NJ	Imlaystown	40.1662	-74.5109
NJ	Ironia	40.8228	-74.6261
NJ	Irvington	40.7261	-74.2313
NJ	Iselin	40.5716	-74.3167
NJ	Island Heights	39.9432	-74.1468
NJ	Jackson	40.1210	-74.3017
NJ	Jersey City	40.7164	-74.0380
NJ	Jobstown	40.0387	-74.6873
NJ	Johnsonburg	40.9644	-74.8789
NJ	Juliustown	40.0133	-74.6692
NJ	Keansburg	40.4414	-74.1306
NJ	Kearny	40.7647	-74.1471
NJ	Keasbey	40.5192	-74.3021
NJ	Kendall Park	40.4208	-74.5529
NJ	Kenilworth	40.6759	-74.2944
NJ	Kenvil	40.8819	-74.6210
NJ	Keyport	40.4399	-74.1996
NJ	Kingston	40.3805	-74.6161
NJ	Lafayette	41.0761	-74.6912
NJ	Lake Hiawatha	40.8825	-74.3830
NJ	Lake Hopatcong	40.9659	-74.6144
NJ	Lakehurst	40.0201	-74.2909
NJ	Lakewood	40.0850	-74.2042
NJ	Lambertville	40.3731	-74.9266
NJ	Landing	40.9087	-74.6554
NJ	Landisville	39.5239	-74.9377
NJ	Lanoka Harbor	39.8620	-74.1668
NJ	Lavallette	39.9775	-74.0704
NJ	Lawnside	39.8676	-75.0317
NJ	Layton	41.2059	-74.8172
NJ	Lebanon	40.6466	-74.8290
NJ	Ledgewood	40.8780	-74.6554
NJ	Leeds Point	39.4919	-74.4294
NJ	Leesburg	39.2387	-75.0012
NJ	Leonardo	40.4177	-74.0623
NJ	Leonia	40.8629	-73.9879
NJ	Liberty Corner	40.6647	-74.5778
NJ	Lincoln Park	40.9208	-74.2995
NJ	Lincroft	40.3369	-74.1205
NJ	Linden	40.6354	-74.2556
NJ	Linwood	39.3469	-74.5807
NJ	Little Egg Harbor Twp	39.5881	-74.3646
NJ	Little Falls	40.8854	-74.2114
NJ	Little Ferry	40.8493	-74.0405
NJ	Little Silver	40.3354	-74.0413
NJ	Little York	40.6111	-75.0764
NJ	Livingston	40.7896	-74.3202
NJ	Lodi	40.8764	-74.0838
NJ	Long Branch	40.2992	-73.9912
NJ	Long Valley	40.7878	-74.7870
NJ	Longport	39.3097	-74.5421
NJ	Lumberton	39.9651	-74.8067
NJ	Lyndhurst	40.8094	-74.1245
NJ	Lyons	40.6853	-74.5475
NJ	Madison	40.7599	-74.4179
NJ	Magnolia	39.8538	-75.0393
NJ	Mahwah	41.0745	-74.1560
NJ	Malaga	39.5755	-75.0582
NJ	Manahawkin	39.7050	-74.2604
NJ	Manasquan	40.1217	-74.0611
NJ	Manchester Township	39.9510	-74.3607
NJ	Mantoloking	40.0261	-74.0562
NJ	Mantua	39.7870	-75.1785
NJ	Manville	40.5399	-74.5934
NJ	Maple Shade	39.9511	-74.9946
NJ	Maplewood	40.7279	-74.2656
NJ	Margate City	39.3286	-74.5090
NJ	Marlboro	40.3182	-74.2639
NJ	Marlton	39.8845	-74.9067
NJ	Marmora	39.2586	-74.6593
NJ	Martinsville	40.6000	-74.5572
NJ	Matawan	40.4109	-74.2380
NJ	Mauricetown	39.2858	-74.9936
NJ	Mays Landing	39.4320	-74.6962
NJ	Maywood	40.9024	-74.0629
NJ	Mc Afee	41.2017	-74.5508
NJ	Medford	39.8681	-74.8234
NJ	Mendham	40.7789	-74.6000
NJ	Merchantville	39.9519	-75.0482
NJ	Metuchen	40.5449	-74.3517
NJ	Mickleton	39.7857	-75.2498
NJ	Middlesex	40.5759	-74.5008
NJ	Middletown	40.3960	-74.1139
NJ	Middleville	41.0558	-74.8633
NJ	Midland Park	40.9957	-74.1409
NJ	Milford	40.5929	-75.1025
NJ	Millburn	40.7228	-74.3015
NJ	Millington	40.6727	-74.5183
NJ	Millstone Township	40.1998	-74.4344
NJ	Milltown	40.4493	-74.4390
NJ	Millville	39.3673	-75.0293
NJ	Milmay	39.4451	-74.8667
NJ	Mine Hill	40.8782	-74.5978
NJ	Minotola	39.5155	-74.9467
NJ	Mizpah	39.4867	-74.8361
NJ	Monmouth Beach	40.3330	-73.9809
NJ	Monmouth Junction	40.3944	-74.5470
NJ	Monroe Township	40.3425	-74.4336
NJ	Monroeville	39.6442	-75.1568
NJ	Montague	41.3023	-74.7540
NJ	Montclair	40.8131	-74.2165
NJ	Montvale	41.0495	-74.0384
NJ	Montville	40.9049	-74.3646
NJ	Moonachie	40.8394	-74.0566
NJ	Moorestown	39.9683	-74.9533
NJ	Morganville	40.3529	-74.2779
NJ	Morristown	40.7952	-74.4873
NJ	Mount Arlington	40.9283	-74.6363
NJ	Mount Ephraim	39.8827	-75.0929
NJ	Mount Freedom	40.8261	-74.5706
NJ	Mount Holly	39.9930	-74.7955
NJ	Mount Laurel	39.9478	-74.9036
NJ	Mount Royal	39.8097	-75.2082
NJ	Mount Tabor	40.8736	-74.4792
NJ	Mountain Lakes	40.8904	-74.4415
NJ	Mountainside	40.6785	-74.3588
NJ	Mullica Hill	39.7252	-75.2065
NJ	National Park	39.8664	-75.1794
NJ	Navesink	40.3994	-74.0358
NJ	Neptune	40.2112	-74.0540
NJ	Neshanic Station	40.5096	-74.7143
NJ	Netcong	40.8985	-74.6985
NJ	New Brunswick	40.4891	-74.4482
NJ	New Egypt	40.0713	-74.5067
NJ	New Gretna	39.5922	-74.4514
NJ	New Lisbon	39.9581	-74.6283
NJ	New Milford	40.9331	-74.0195
NJ	New Providence	40.7004	-74.4023
NJ	New Vernon	40.7347	-74.4845
NJ	Newark	40.7308	-74.1744
NJ	Newfield	39.5553	-75.0276
NJ	Newfoundland	41.0647	-74.4359
NJ	Newport	39.2832	-75.1716
NJ	Newton	41.0583	-74.7802
NJ	Newtonville	39.5645	-74.8590
NJ	Norma	39.4961	-75.0883
NJ	Normandy Beach	40.0025	-74.0608
NJ	North Arlington	40.7898	-74.1343
NJ	North Bergen	40.7930	-74.0177
NJ	North Brunswick	40.4538	-74.4823
NJ	Northfield	39.3703	-74.5552
NJ	Northvale	41.0112	-73.9524
NJ	Norwood	40.9952	-73.9582
NJ	Nutley	40.8185	-74.1589
NJ	Oak Ridge	41.0284	-74.5088
NJ	Oakhurst	40.2648	-74.0184
NJ	Oakland	41.0294	-74.2338
NJ	Ocean City	39.2709	-74.5875
NJ	Ocean Gate	39.9260	-74.1351
NJ	Ocean Grove	40.2116	-74.0093
NJ	Ocean View	39.2154	-74.7075
NJ	Oceanport	40.3157	-74.0164
NJ	Oceanville	39.4711	-74.4608
NJ	Ogdensburg	41.0767	-74.5982
NJ	Old Bridge	40.3980	-74.3236
NJ	Oldwick	40.6725	-74.7478
NJ	Oradell	40.9535	-74.0335
NJ	Orange	40.7692	-74.2355
NJ	Oxford	40.8105	-75.0019
NJ	Palisades Park	40.8462	-73.9954
NJ	Palmyra	40.0037	-75.0257
NJ	Paramus	40.9477	-74.0672
NJ	Park Ridge	41.0343	-74.0396
NJ	Parlin	40.4587	-74.3050
NJ	Parsippany	40.8621	-74.4117
NJ	Passaic	40.8601	-74.1283
NJ	Paterson	40.9143	-74.1671
NJ	Paulsboro	39.8312	-75.2242
NJ	Peapack	40.7167	-74.6569
NJ	Pedricktown	39.7435	-75.4120
NJ	Pemberton	39.9712	-74.6676
NJ	Pennington	40.3339	-74.7944
NJ	Penns Grove	39.7179	-75.4656
NJ	Pennsauken	39.9627	-75.0634
NJ	Pennsville	39.6491	-75.5155
NJ	Pequannock	40.9473	-74.2960
NJ	Perth Amboy	40.5176	-74.2754
NJ	Phillipsburg	40.6928	-75.1741
NJ	Picatinny Arsenal	40.8866	-74.5809
NJ	Pine Beach	39.9347	-74.1680
NJ	Pine Brook	40.8742	-74.3500
NJ	Piscataway	40.5515	-74.4590
NJ	Pitman	39.7312	-75.1297
NJ	Pittstown	40.5992	-74.9576
NJ	Plainfield	40.6198	-74.4253
NJ	Plainsboro	40.3324	-74.5688
NJ	Pleasantville	39.4015	-74.5524
NJ	Pluckemin	40.6456	-74.6394
NJ	Point Pleasant Beach	40.0802	-74.0657
NJ	Pomona	39.4783	-74.5756
NJ	Pompton Lakes	40.9993	-74.2876
NJ	Pompton Plains	40.9655	-74.3016
NJ	Port Elizabeth	39.3133	-74.9814
NJ	Port Monmouth	40.4289	-74.1083
NJ	Port Murray	40.7906	-74.9167
NJ	Port Norris	39.2563	-75.0506
NJ	Port Reading	40.5709	-74.2466
NJ	Port Republic	39.5272	-74.4903
NJ	Pottersville	40.6611	-74.8214
NJ	Princeton	40.3666	-74.6408
NJ	Quakertown	40.5656	-74.9419
NJ	Quinton	39.5458	-75.4128
NJ	Rahway	40.6087	-74.2819
NJ	Ramsey	41.0577	-74.1445
NJ	Rancocas	40.0106	-74.8672
NJ	Randolph	40.8456	-74.5725
NJ	Raritan	40.5711	-74.6377
NJ	Readington	40.5686	-74.7381
NJ	Red Bank	40.3541	-74.0800
NJ	Richland	39.4850	-74.8776
NJ	Richwood	39.7225	-75.1658
NJ	Ridgefield	40.8326	-74.0015
NJ	Ridgefield Park	40.8562	-74.0230
NJ	Ridgewood	40.9820	-74.1131
NJ	Ringoes	40.4459	-74.8288
NJ	Ringwood	41.0928	-74.2659
NJ	Rio Grande	39.0196	-74.8756
NJ	River Edge	40.9265	-74.0392
NJ	Riverdale	40.9931	-74.3088
NJ	Riverton	40.0114	-75.0153
NJ	Rochelle Park	40.9049	-74.0913
NJ	Rockaway	40.9229	-74.5094
NJ	Rocky Hill	40.4010	-74.6400
NJ	Roebling	40.1154	-74.7772
NJ	Roosevelt	40.2200	-74.4736
NJ	Roseland	40.8203	-74.3047
NJ	Roselle	40.6530	-74.2610
NJ	Roselle Park	40.6651	-74.2670
NJ	Rosemont	40.4220	-74.9919
NJ	Rosenhayn	39.4781	-75.1317
NJ	Rumson	40.3718	-74.0006
NJ	Runnemede	39.8508	-75.0742
NJ	Rutherford	40.8292	-74.1121
NJ	Saddle Brook	40.8989	-74.0931
NJ	Saddle River	41.0531	-74.0968
NJ	Salem	39.5591	-75.4521
NJ	Sayreville	40.4592	-74.3614
NJ	Schooleys Mountain	40.7992	-74.8142
NJ	Scotch Plains	40.6422	-74.3817
NJ	Sea Girt	40.1345	-74.0436
NJ	Sea Isle City	39.1449	-74.7014
NJ	Seaside Heights	39.9466	-74.0765
NJ	Seaside Park	39.9222	-74.0795
NJ	Secaucus	40.7910	-74.0634
NJ	Sergeantsville	40.4458	-74.9439
NJ	Sewaren	40.5542	-74.2607
NJ	Sewell	39.7473	-75.0899
NJ	Shiloh	39.4589	-75.2994
NJ	Short Hills	40.7368	-74.3271
NJ	Shrewsbury	40.3282	-74.0589
NJ	Sicklerville	39.7354	-74.9864
NJ	Skillman	40.4173	-74.6938
NJ	Somerdale	39.8400	-75.0309
NJ	Somers Point	39.3223	-74.6008
NJ	Somerset	40.5007	-74.5013
NJ	Somerville	40.5494	-74.6459
NJ	South Amboy	40.4647	-74.2786
NJ	South Bound Brook	40.5528	-74.5291
NJ	South Dennis	39.1783	-74.8203
NJ	South Hackensack	40.8634	-74.0456
NJ	South Orange	40.7465	-74.2575
NJ	South Plainfield	40.5839	-74.4147
NJ	South River	40.4444	-74.3801
NJ	South Seaville	39.1789	-74.7603
NJ	Sparta	41.0277	-74.6407
NJ	Spotswood	40.3847	-74.3894
NJ	Spring Lake	40.1542	-74.0379
NJ	Springfield	40.7015	-74.3227
NJ	Stanhope	40.9217	-74.7004
NJ	Stanton	40.5750	-74.8381
NJ	Stewartsville	40.6957	-75.0825
NJ	Stillwater	41.0358	-74.8786
NJ	Stirling	40.6774	-74.4968
NJ	Stockholm	41.0992	-74.5283
NJ	Stockton	40.4397	-74.9554
NJ	Stone Harbor	39.0533	-74.7620
NJ	Stratford	39.8288	-75.0147
NJ	Strathmere	39.1992	-74.6554
NJ	Succasunna	40.8539	-74.6536
NJ	Summit	40.7149	-74.3642
NJ	Sussex	41.2292	-74.5992
NJ	Swartswood	41.0869	-74.8275
NJ	Swedesboro	39.7529	-75.3362
NJ	Tabernacle	39.8676	-74.7110
NJ	Teaneck	40.8915	-74.0119
NJ	Tenafly	40.9216	-73.9659
NJ	Tennent	40.2794	-74.3347
NJ	Teterboro	40.8618	-74.0542
NJ	Thorofare	39.8592	-75.1767
NJ	Three Bridges	40.5216	-74.7998
NJ	Titusville	40.3077	-74.8655
NJ	Toms River	39.9771	-74.1565
NJ	Totowa	40.9050	-74.2103
NJ	Towaco	40.9277	-74.3428
NJ	Township Of Washington	41.0028	-74.0189
NJ	Tranquility	40.9561	-74.8089
NJ	Trenton	40.2169	-74.7433
NJ	Tuckahoe	39.2900	-74.7542
NJ	Union	40.6952	-74.2677
NJ	Union City	40.7682	-74.0306
NJ	Vauxhall	40.7179	-74.2829
NJ	Ventnor City	39.3460	-74.4723
NJ	Vernon	41.1850	-74.5332
NJ	Verona	40.8319	-74.2428
NJ	Vienna	40.8686	-74.8894
NJ	Villas	39.0219	-74.9354
NJ	Vineland	39.4818	-75.0091
NJ	Voorhees	39.8504	-74.9646
NJ	Waldwick	41.0130	-74.1243
NJ	Wallington	40.8536	-74.1079
NJ	Wallpack Center	41.1343	-74.9176
NJ	Wanaque	41.0544	-74.2790
NJ	Waretown	39.7896	-74.1954
NJ	Warren	40.6318	-74.5105
NJ	Washington	40.7582	-74.9914
NJ	Watchung	40.6378	-74.4514
NJ	Waterford Works	39.7215	-74.8609
NJ	Wayne	40.9471	-74.2466
NJ	Weehawken	40.7694	-74.0208
NJ	Wenonah	39.7993	-75.1536
NJ	West Berlin	39.8196	-74.9417
NJ	West Creek	39.6627	-74.2885
NJ	West Long Branch	40.2878	-74.0162
NJ	West Milford	41.0915	-74.3750
NJ	West New York	40.7882	-74.0129
NJ	West Orange	40.7859	-74.2568
NJ	West Windsor	40.2977	-74.6146
NJ	Westfield	40.6479	-74.3451
NJ	Westville	39.8605	-75.1323
NJ	Westwood	41.0017	-74.0326
NJ	Wharton	40.9139	-74.5863
NJ	Whippany	40.8219	-74.4200
NJ	Whitehouse	40.6183	-74.7447
NJ	Whitehouse Station	40.5999	-74.7641
NJ	Whitesboro	39.0389	-74.8572
NJ	Wickatunk	40.3500	-74.2483
NJ	Wildwood	38.9899	-74.8191
NJ	Williamstown	39.6650	-74.9710
NJ	Willingboro	40.0290	-74.8835
NJ	Windsor	40.2422	-74.5817
NJ	Winslow	39.6572	-74.8628
NJ	Wood Ridge	40.8493	-74.0878
NJ	Woodbine	39.2489	-74.8026
NJ	Woodbridge	40.5560	-74.2845
NJ	Woodbury	39.8295	-75.1380
NJ	Woodbury Heights	39.8142	-75.1530
NJ	Woodcliff Lake	40.9911	-74.0331
NJ	Woodstown	39.6457	-75.3248
NJ	Wrightstown	40.0720	-74.5731
NJ	Wyckoff	40.9978	-74.1660
NJ	Zarephath	40.5364	-74.5750
NM	Abiquiu	36.1769	-106.2449
NM	Alamogordo	32.8932	-105.9485
NM	Albuquerque	35.0936	-106.6423
NM	Alcalde	36.0900	-106.0567
NM	Algodones	35.4285	-106.6166
NM	Alto	33.3883	-105.6900
NM	Amalia	36.9419	-105.4539
NM	Amistad	35.8983	-103.2130
NM	Angel Fire	36.5547	-105.2631
NM	Animas	31.7937	-108.5857
NM	Anthony	31.9345	-106.5735
NM	Anton Chico	35.1593	-105.1410
NM	Aragon	33.8859	-108.5466
NM	Arenas Valley	32.7822	-108.1890
NM	Arrey	32.8021	-107.3544
NM	Arroyo Hondo	36.5318	-105.6220
NM	Arroyo Seco	36.5046	-105.5946
NM	Artesia	32.8384	-104.4074
NM	Aztec	36.8205	-108.0110
NM	Bard	35.1154	-103.3178
NM	Bayard	32.7563	-108.1077
NM	Belen	34.6456	-106.7612
NM	Bent	33.1480	-105.8635
NM	Berino	32.0681	-106.6231
NM	Bernalillo	35.3285	-106.5309
NM	Blanco	36.7256	-107.7953
NM	Bloomfield	36.6955	-107.9784
NM	Bluewater	35.1647	-108.1917
NM	Bosque	34.4996	-106.8038
NM	Bosque Farms	34.8764	-106.6975
NM	Brimhall	35.8005	-108.5815
NM	Broadview	34.8040	-103.1292
NM	Buckhorn	32.8135	-108.4780
NM	Buena Vista	35.9136	-105.2486
NM	Caballo	33.0135	-107.3471
NM	Canjilon	36.4800	-106.4350
NM	Cannon Afb	34.3981	-103.3297
NM	Canones	36.1867	-106.4383
NM	Capitan	33.5602	-105.5269
NM	Caprock	33.3939	-103.6390
NM	Capulin	36.7475	-103.9936
NM	Carlsbad	32.4119	-104.2395
NM	Carrizozo	33.6496	-105.8696
NM	Carson	36.3644	-105.7647
NM	Casa Blanca	35.0352	-107.4339
NM	Causey	33.8929	-103.1502
NM	Cebolla	36.5383	-106.4858
NM	Cedar Crest	35.1285	-106.3617
NM	Cedarvale	34.3880	-105.7345
NM	Cerrillos	35.4230	-106.1317
NM	Cerro	36.7539	-105.6122
NM	Chacon	36.1388	-105.3854
NM	Chama	36.8962	-106.5829
NM	Chamberino	32.0400	-106.6850
NM	Chamisal	36.1604	-105.6846
NM	Chaparral	32.0033	-106.6033
NM	Chimayo	36.0119	-105.9114
NM	Church Rock	35.5339	-108.5992
NM	Cimarron	36.4574	-105.0697
NM	Claunch	34.1417	-105.9950
NM	Clayton	36.4414	-103.1888
NM	Cleveland	35.9898	-105.4326
NM	Cliff	32.9622	-108.6106
NM	Clines Corners	35.0094	-105.6686
NM	Cloudcroft	32.5741	-105.9390
NM	Clovis	34.4126	-103.2214
NM	Cochiti Lake	35.6231	-106.3219
NM	Cochiti Pueblo	35.6075	-106.3467
NM	Columbus	31.8275	-107.6394
NM	Conchas Dam	35.3786	-104.2052
NM	Continental Divide	35.5043	-108.4693
NM	Cordova	36.0083	-105.8617
NM	Corona	34.1693	-105.5339
NM	Corrales	35.2339	-106.6200
NM	Costilla	36.9526	-105.5016
NM	Counselor	36.1184	-106.9498
NM	Coyote	36.1675	-106.6158
NM	Crossroads	33.5272	-103.3564
NM	Crownpoint	35.7206	-108.0271
NM	Cuba	36.0482	-107.1885
NM	Cubero	35.1174	-107.8567
NM	Cuervo	35.0101	-104.3999
NM	Datil	34.0427	-108.0183
NM	Deming	32.2318	-107.7466
NM	Derry	32.8086	-107.2843
NM	Des Moines	36.7291	-103.8739
NM	Dexter	33.1910	-104.3833
NM	Dixon	36.1790	-105.8615
NM	Dona Ana	32.3867	-106.8167
NM	Dora	33.9386	-103.3361
NM	Dulce	36.8598	-107.0602
NM	Eagle Nest	36.5326	-105.2756
NM	Edgewood	35.0776	-106.1872
NM	El Prado	36.4317	-105.5750
NM	El Rito	36.3647	-106.2192
NM	Elephant Butte	33.1450	-107.1883
NM	Elida	33.9405	-103.6323
NM	Embudo	36.1370	-106.0242
NM	Encino	34.6150	-105.4839
NM	Espanola	35.9872	-106.0717
NM	Estancia	34.7700	-106.1350
NM	Eunice	32.4392	-103.1594
NM	Fairacres	32.3039	-106.8461
NM	Farmington	36.7065	-108.1995
NM	Faywood	32.6406	-107.8814
NM	Fence Lake	34.7344	-108.6934
NM	Flora Vista	36.8028	-108.0827
NM	Floyd	34.2520	-103.5827
NM	Folsom	36.8690	-103.8399
NM	Fort Bayard	32.8703	-108.1143
NM	Fort Stanton	33.4950	-105.5233
NM	Fort Sumner	34.4600	-104.2317
NM	Fort Wingate	35.4678	-108.5406
NM	Fruitland	36.7632	-108.4534
NM	Gallina	36.1714	-106.6614
NM	Gallup	35.5065	-108.7414
NM	Gamerco	35.5722	-108.7647
NM	Garfield	32.7557	-107.2704
NM	Garita	35.3502	-104.4419
NM	Gila	32.9658	-108.5761
NM	Gladstone	36.3077	-103.8931
NM	Glencoe	33.3867	-105.5030
NM	Glenwood	33.3048	-108.7743
NM	Glorieta	35.5666	-105.7903
NM	Grady	34.8107	-103.2980
NM	Grants	35.3598	-107.9357
NM	Grenville	36.7254	-103.4155
NM	Guadalupita	36.1130	-105.1278
NM	Hachita	31.9181	-108.3197
NM	Hagerman	33.1076	-104.3298
NM	Hanover	32.8533	-108.0822
NM	Hatch	32.6583	-107.1590
NM	Hernandez	36.0738	-106.1396
NM	High Rolls Mountain Park	32.9742	-105.7906
NM	Hillsboro	32.9239	-107.6276
NM	Hobbs	32.7222	-103.1372
NM	Holloman Air Force Base	32.8621	-106.0785
NM	Holman	36.0383	-105.3831
NM	Hondo	33.4625	-105.3889
NM	Hope	32.8156	-104.7299
NM	House	34.6952	-103.9203
NM	Hurley	32.6480	-108.1516
NM	Ilfeld	35.4211	-105.5583
NM	Isleta	34.9133	-106.6950
NM	Jal	32.1128	-103.1997
NM	Jamestown	35.4217	-108.3083
NM	Jarales	34.6482	-107.0299
NM	Jemez Pueblo	35.6243	-106.7219
NM	Jemez Springs	35.8927	-106.7714
NM	Kenna	33.8417	-103.7700
NM	Kirtland	36.7410	-108.3510
NM	Kirtland Afb	35.0362	-106.5594
NM	La Jara	36.1194	-106.9923
NM	La Joya	34.3434	-106.8428
NM	La Loma	35.1916	-105.0969
NM	La Luz	32.9774	-105.9534
NM	La Madera	36.2464	-106.1344
NM	La Mesa	32.0823	-106.7011
NM	La Plata	36.9576	-108.1792
NM	Laguna	35.0853	-107.1058
NM	Lake Arthur	33.0171	-104.4064
NM	Lakewood	32.6317	-104.3767
NM	Lamy	35.4311	-105.9409
NM	Las Cruces	32.3216	-106.7460
NM	Las Vegas	35.5949	-105.2272
NM	Lemitar	34.1560	-106.9044
NM	Lincoln	33.4929	-105.5284
NM	Lindrith	36.3361	-106.9254
NM	Lingo	33.6963	-103.2082
NM	Llano	36.1400	-105.6811
NM	Loco Hills	32.8189	-103.9772
NM	Logan	35.3681	-103.4383
NM	Lordsburg	32.3140	-108.7547
NM	Los Alamos	35.8663	-106.2676
NM	Los Lunas	34.7806	-106.7115
NM	Los Ojos	36.7186	-106.6111
NM	Loving	32.2740	-104.0914
NM	Lovington	32.9512	-103.3488
NM	Luna	33.8189	-108.9539
NM	Magdalena	34.2412	-107.3406
NM	Malaga	32.2267	-104.0717
NM	Maljamar	32.8423	-103.7234
NM	Maxwell	36.5434	-104.5640
NM	Mayhill	32.9070	-105.5181
NM	Mc Alister	34.7492	-103.6572
NM	Mc Donald	33.0767	-103.2131
NM	Mc Intosh	34.8522	-106.0431
NM	Medanales	36.1756	-106.1828
NM	Melrose	34.4479	-103.6325
NM	Mentmore	35.5142	-108.8450
NM	Mescalero	33.2164	-105.7743
NM	Mesilla	32.2717	-106.7967
NM	Mesilla Park	32.2977	-106.6370
NM	Mesquite	32.1460	-106.6676
NM	Mexican Springs	35.7837	-108.8190
NM	Miami	36.2895	-104.8118
NM	Milan	35.1697	-107.8903
NM	Mills	36.1281	-104.2277
NM	Milnesand	33.6050	-103.2782
NM	Mimbres	32.8609	-107.9423
NM	Montezuma	35.6830	-105.4097
NM	Monticello	33.3969	-107.4503
NM	Monument	32.5874	-103.2703
NM	Mora	36.0040	-105.3128
NM	Moriarty	34.9889	-106.0609
NM	Mosquero	35.7159	-103.7461
NM	Mountainair	34.5158	-106.2577
NM	Mule Creek	33.1219	-108.9556
NM	Nageezi	36.2667	-107.7414
NM	Nara Visa	35.6180	-103.1317
NM	Navajo	35.8942	-109.0226
NM	Navajo Dam	36.8338	-107.6710
NM	New Laguna	35.0408	-107.4214
NM	Newcomb	36.2847	-108.7053
NM	Newkirk	35.0847	-104.2433
NM	Nogal	33.4996	-105.7036
NM	Ocate	36.1037	-105.0660
NM	Ojo Caliente	36.4099	-105.9155
NM	Ojo Feliz	36.0089	-104.7061
NM	Organ	32.4256	-106.5961
NM	Orogrande	32.3933	-106.0900
NM	Paguate	35.1386	-107.3783
NM	Pecos	35.5710	-105.6701
NM	Pena Blanca	35.6031	-106.3435
NM	Penasco	36.1760	-105.7342
NM	Pep	33.8970	-103.3272
NM	Peralta	34.8332	-106.6872
NM	Petaca	36.5083	-106.0100
NM	Picacho	33.3456	-105.0834
NM	Pie Town	34.3243	-108.3682
NM	Pinehill	34.9992	-108.4106
NM	Pinon	32.6396	-105.4157
NM	Pinos Altos	32.8633	-108.2208
NM	Placitas	35.3092	-106.5293
NM	Playas	32.0277	-108.6805
NM	Polvadera	34.1347	-106.8975
NM	Ponderosa	35.7976	-106.6544
NM	Portales	34.1799	-103.3363
NM	Prewitt	35.3547	-108.1038
NM	Pueblo Of Acoma	34.9008	-107.5864
NM	Quay	34.9299	-103.7818
NM	Quemado	34.2652	-108.7578
NM	Questa	36.7257	-105.5610
NM	Radium Springs	32.5011	-106.9275
NM	Rainsville	35.9786	-105.2086
NM	Ramah	35.1324	-108.4920
NM	Ranchos De Taos	36.3357	-105.6086
NM	Raton	36.8952	-104.4349
NM	Red River	36.7081	-105.4056
NM	Redrock	32.6861	-108.7375
NM	Regina	36.2028	-107.0719
NM	Rehoboth	35.5289	-108.6542
NM	Reserve	33.6881	-108.8009
NM	Ribera	35.3344	-105.4652
NM	Rincon	32.6597	-107.0643
NM	Rio Rancho	35.2493	-106.6818
NM	Rociada	35.8226	-105.3147
NM	Rodeo	31.8333	-109.0300
NM	Rogers	34.0248	-103.1275
NM	Roswell	33.3885	-104.5259
NM	Rowe	35.4917	-105.6747
NM	Roy	35.9522	-104.1497
NM	Ruidoso	33.3474	-105.6510
NM	Ruidoso Downs	33.3577	-105.5383
NM	Sacramento	32.8052	-105.6211
NM	Saint Vrain	34.4652	-103.4532
NM	Salem	32.7093	-107.2157
NM	San Acacia	34.2283	-106.9049
NM	San Antonio	33.8886	-106.3792
NM	San Cristobal	36.6116	-105.6360
NM	San Fidel	35.0822	-107.5986
NM	San Jon	35.1198	-103.2846
NM	San Jose	35.4569	-105.4383
NM	San Juan Pueblo	36.0489	-106.0793
NM	San Miguel	32.1553	-106.7344
NM	San Patricio	33.3877	-105.3498
NM	San Rafael	35.1125	-107.8819
NM	San Ysidro	35.5242	-106.7375
NM	Sandia Park	35.1683	-106.3238
NM	Sanostee	36.4247	-108.8736
NM	Santa Clara	32.7798	-108.1627
NM	Santa Cruz	35.9860	-106.0318
NM	Santa Fe	35.7025	-105.9748
NM	Santa Rosa	34.9333	-104.6822
NM	Santa Teresa	31.8480	-106.6346
NM	Santo Domingo Pueblo	35.5139	-106.3613
NM	Sapello	35.7620	-105.1077
NM	Sedan	36.2260	-103.1449
NM	Serafina	35.3933	-105.3167
NM	Sheep Springs	36.1433	-108.7067
NM	Shiprock	36.6560	-108.7355
NM	Silver City	32.7900	-108.2749
NM	Smith Lake	35.5222	-108.1392
NM	Socorro	34.0479	-106.8907
NM	Solano	35.8378	-104.1221
NM	Springer	36.3767	-104.5927
NM	Stanley	35.1295	-106.0283
NM	Sunland Park	31.8024	-106.5782
NM	Sunspot	32.7894	-105.8203
NM	Taiban	34.4248	-104.0329
NM	Taos	36.3953	-105.5847
NM	Taos Ski Valley	36.5844	-105.4522
NM	Tatum	33.2600	-103.3140
NM	Tererro	35.7369	-105.6457
NM	Tesuque	35.7633	-105.9350
NM	Texico	34.3958	-103.0615
NM	Thoreau	35.5787	-107.8302
NM	Tierra Amarilla	36.6805	-106.5570
NM	Tijeras	35.0446	-106.3062
NM	Timberon	32.9583	-105.7450
NM	Tinnie	33.3373	-105.2027
NM	Tohatchi	35.7686	-108.6878
NM	Tome	34.7408	-106.7278
NM	Torreon	34.7222	-106.2981
NM	Trampas	36.1311	-105.7583
NM	Trementina	35.5849	-104.6163
NM	Tres Piedras	36.6469	-105.9667
NM	Truchas	36.0436	-105.8111
NM	Truth Or Consequences	33.1395	-107.2488
NM	Tucumcari	35.1680	-103.7179
NM	Tularosa	33.0650	-106.0108
NM	Tyrone	32.6583	-108.3600
NM	Ute Park	36.5581	-105.1144
NM	Vadito	36.1913	-105.6782
NM	Vado	32.1150	-106.6633
NM	Valdez	36.5697	-105.5070
NM	Vallecitos	36.5163	-106.0859
NM	Valmora	35.7940	-104.9116
NM	Vanderwagen	35.2703	-108.7513
NM	Vaughn	34.6241	-105.1926
NM	Veguita	34.4850	-106.7591
NM	Velarde	36.1589	-105.9742
NM	Villanueva	35.2650	-105.3633
NM	Wagon Mound	35.9814	-104.6910
NM	Waterflow	36.7801	-108.4311
NM	Watrous	35.7917	-104.9817
NM	Weed	32.8052	-105.5063
NM	White Sands Missile Range	32.3827	-106.4924
NM	Whites City	32.1756	-104.3761
NM	Willard	34.5754	-106.0307
NM	Williamsburg	33.2265	-107.3376
NM	Winston	33.3061	-107.6675
NM	Yatahey	35.6153	-108.7136
NM	Yeso	34.4750	-104.5276
NM	Youngsville	36.1875	-106.5558
NM	Zuni	35.0684	-108.8336
NV	Alamo	37.3259	-115.3080
NV	Amargosa Valley	36.9440	-116.5776
NV	Austin	39.5080	-117.0811
NV	Baker	39.0660	-114.2462
NV	Battle Mountain	40.6220	-116.9554
NV	Beatty	36.9086	-116.7583
NV	Blue Diamond	36.0464	-115.4031
NV	Boulder City	35.9727	-114.8344
NV	Bunkerville	36.7731	-114.1272
NV	Cal Nev Ari	35.4653	-114.9189
NV	Caliente	37.6128	-114.5097
NV	Carlin	40.7172	-116.1082
NV	Carson City	39.1507	-119.7459
NV	Crescent Valley	40.4624	-116.4774
NV	Crystal Bay	39.2261	-120.0031
NV	Dayton	39.2806	-119.5287
NV	Deeth	41.4310	-115.3717
NV	Denio	41.7043	-118.7320
NV	Duckwater	38.8142	-116.1375
NV	Dyer	37.6131	-118.0211
NV	Elko	40.8262	-115.7247
NV	Ely	39.3094	-114.8780
NV	Empire	40.3577	-119.6553
NV	Eureka	39.5897	-115.9943
NV	Fallon	39.4703	-118.7861
NV	Fernley	39.6019	-119.2350
NV	Gabbs	38.8802	-117.8686
NV	Gardnerville	38.8983	-119.7269
NV	Genoa	39.0044	-119.8461
NV	Gerlach	40.6746	-119.3774
NV	Glenbrook	38.9938	-119.9278
NV	Golconda	40.9683	-117.3349
NV	Goldfield	37.8344	-117.2694
NV	Halleck	40.9508	-115.4519
NV	Hawthorne	38.5347	-118.6411
NV	Henderson	35.9927	-114.9517
NV	Hiko	37.6517	-115.1772
NV	Imlay	40.6522	-118.0212
NV	Incline Village	39.2460	-119.9618
NV	Indian Springs	36.4072	-115.5811
NV	Jackpot	41.8396	-115.1129
NV	Jarbidge	41.8736	-115.4311
NV	Jean	35.8548	-115.4692
NV	Lamoille	40.7281	-115.4775
NV	Las Vegas	36.1721	-115.1224
NV	Laughlin	35.1678	-114.5722
NV	Logandale	36.5967	-114.4833
NV	Lovelock	40.1819	-118.4689
NV	Lund	38.9046	-115.0440
NV	Luning	38.4061	-118.1571
NV	Manhattan	38.5389	-117.0725
NV	Mc Dermitt	41.8669	-117.5311
NV	Mc Gill	39.4014	-114.7781
NV	Mercury	36.6606	-115.9936
NV	Mesquite	36.8055	-114.0663
NV	Mina	38.3906	-118.1078
NV	Minden	39.0218	-119.7314
NV	Moapa	36.6758	-114.6200
NV	Montello	41.2614	-114.1933
NV	Mountain City	41.8708	-116.1138
NV	Nellis Afb	36.2438	-115.0132
NV	Nixon	39.8854	-119.4643
NV	North Las Vegas	36.4475	-114.8514
NV	Orovada	41.8220	-117.7755
NV	Overton	36.6372	-114.3782
NV	Owyhee	41.9478	-116.0978
NV	Pahrump	36.2040	-116.0147
NV	Panaca	37.7906	-114.3886
NV	Paradise Valley	41.5057	-117.5728
NV	Pioche	37.8981	-114.3968
NV	Reno	39.5268	-119.8113
NV	Round Mountain	38.6829	-117.1280
NV	Ruby Valley	40.3995	-115.2312
NV	Ruth	39.2783	-114.9883
NV	Schurz	38.9575	-118.7756
NV	Searchlight	35.4476	-114.9242
NV	Silver City	39.2636	-119.6394
NV	Silver Springs	39.3800	-119.2705
NV	Silverpeak	37.7644	-117.9459
NV	Sloan	35.9436	-115.2172
NV	Smith	38.9172	-119.3890
NV	Sparks	39.5473	-119.7556
NV	Spring Creek	40.5078	-115.3442
NV	Stateline	38.9625	-119.9389
NV	Sun Valley	39.5955	-119.7754
NV	The Lakes	36.1750	-115.1363
NV	Tonopah	38.2043	-117.0899
NV	Tuscarora	41.1715	-116.9311
NV	Valmy	40.7928	-117.1258
NV	Verdi	39.5183	-119.9878
NV	Virginia City	39.3873	-119.5961
NV	Wadsworth	39.6481	-119.2918
NV	Washoe Valley	39.0898	-119.8286
NV	Wellington	38.7876	-119.3449
NV	Wells	41.1298	-114.5328
NV	West Wendover	40.7350	-114.0753
NV	Winnemucca	40.9664	-117.7467
NV	Yerington	38.9866	-119.1596
NV	Zephyr Cove	39.0022	-119.9550
NY	Accord	41.8083	-74.2353
NY	Acra	42.3304	-74.0857
NY	Adams	43.8161	-76.0543
NY	Adams Basin	43.1906	-77.8539
NY	Adams Center	43.8631	-76.0041
NY	Addison	42.0983	-77.2660
NY	Adirondack	43.7165	-73.7825
NY	Afton	42.2417	-75.5366
NY	Akron	43.0249	-78.5084
NY	Albany	42.6525	-73.7566
NY	Albertson	40.7703	-73.6514
NY	Albion	43.2398	-78.2068
NY	Alcove	42.4538	-74.0347
NY	Alden	42.8984	-78.5257
NY	Alder Creek	43.4157	-75.2137
NY	Alexander	42.9159	-78.2589
NY	Alexandria Bay	44.3270	-75.9306
NY	Alfred	42.2552	-77.7930
NY	Alfred Station	42.2558	-77.7781
NY	Allegany	42.0918	-78.4999
NY	Allentown	42.0836	-78.0647
NY	Alma	42.0169	-78.0400
NY	Almond	42.3160	-77.7780
NY	Alpine	42.3510	-76.7348
NY	Alplaus	42.8573	-73.9002
NY	Altamont	42.7063	-74.0193
NY	Altmar	43.4970	-75.9719
NY	Alton	43.2111	-76.9808
NY	Altona	44.8816	-73.6408
NY	Amagansett	40.9736	-72.1442
NY	Amawalk	41.2946	-73.7611
NY	Amenia	41.8447	-73.5542
NY	Amityville	40.6842	-73.4171
NY	Amsterdam	42.9488	-74.1839
NY	Ancram	42.0851	-73.6424
NY	Ancramdale	42.0381	-73.5819
NY	Andes	42.1569	-74.7887
NY	Andover	42.1575	-77.7920
NY	Angelica	42.3263	-77.9947
NY	Angola	42.6366	-79.0497
NY	Annandale On Hudson	41.9953	-73.8311
NY	Antwerp	44.2358	-75.6005
NY	Apalachin	42.0556	-76.1519
NY	Appleton	43.3105	-78.6372
NY	Apulia Station	42.8186	-76.0728
NY	Aquebogue	40.9444	-72.6275
NY	Arcade	42.5630	-78.4134
NY	Arden	41.2744	-74.1533
NY	Ardsley	41.0113	-73.8413
NY	Ardsley On Hudson	41.0261	-73.8708
NY	Argyle	43.2381	-73.4641
NY	Arkport	42.4225	-77.6918
NY	Arkville	42.0823	-74.5545
NY	Armonk	41.1360	-73.7009
NY	Arverne	40.5926	-73.7974
NY	Ashland	42.2372	-74.3079
NY	Ashville	42.1084	-79.4056
NY	Astoria	40.7706	-73.9265
NY	Athens	42.2736	-73.8152
NY	Athol	43.4839	-73.8817
NY	Athol Springs	42.7697	-78.8667
NY	Atlanta	42.5563	-77.4801
NY	Atlantic Beach	40.5887	-73.7255
NY	Attica	42.8499	-78.2798
NY	Au Sable Forks	44.4499	-73.6857
NY	Auburn	42.9300	-76.5626
NY	Auriesville	42.9294	-74.3169
NY	Aurora	42.7472	-76.6775
NY	Austerlitz	42.3223	-73.4550
NY	Ava	43.3445	-75.4509
NY	Averill Park	42.6365	-73.5504
NY	Avoca	42.4151	-77.4343
NY	Avon	42.9030	-77.7274
NY	Babylon	40.6342	-73.3246
NY	Bainbridge	42.3120	-75.4894
NY	Bakers Mills	43.6147	-74.0253
NY	Baldwin	40.6548	-73.6097
NY	Baldwin Place	41.3475	-73.7625
NY	Baldwinsville	43.1620	-76.3237
NY	Ballston Lake	42.9192	-73.8552
NY	Ballston Spa	43.0050	-73.8486
NY	Bangall	41.8756	-73.6917
NY	Barker	43.3368	-78.5420
NY	Barneveld	43.2237	-75.1612
NY	Barrytown	42.0006	-73.9215
NY	Barryville	41.4912	-74.9152
NY	Barton	42.0695	-76.3983
NY	Basom	43.0807	-78.3951
NY	Batavia	43.0003	-78.1929
NY	Bath	42.3455	-77.3233
NY	Bay Shore	40.7337	-73.2527
NY	Bayport	40.7444	-73.0542
NY	Bayside	40.7900	-73.7772
NY	Bayville	40.9074	-73.5601
NY	Beacon	41.5097	-73.9634
NY	Bear Mountain	41.3067	-73.9961
NY	Bearsville	42.0420	-74.1713
NY	Beaver Dams	42.2798	-76.9720
NY	Beaver Falls	43.8797	-75.4458
NY	Bedford	41.1909	-73.6355
NY	Bedford Hills	41.2344	-73.6915
NY	Belfast	42.3200	-78.0943
NY	Bellerose	40.7347	-73.7230
NY	Belleville	43.7854	-76.1151
NY	Bellmore	40.6770	-73.5345
NY	Bellona	42.7554	-77.0217
NY	Bellport	40.7733	-72.9469
NY	Bellvale	41.2503	-74.3111
NY	Belmont	42.2334	-78.0110
NY	Bemus Point	42.1513	-79.3581
NY	Bergen	43.0869	-77.9603
NY	Berkshire	42.3074	-76.1920
NY	Berlin	42.6919	-73.3702
NY	Berne	42.6108	-74.1466
NY	Bernhards Bay	43.2717	-75.9373
NY	Bethel	41.6693	-74.8940
NY	Bethpage	40.7400	-73.4857
NY	Bible School Park	42.1147	-76.0747
NY	Big Flats	42.1455	-76.9527
NY	Big Indian	42.1439	-74.4467
NY	Billings	41.6711	-73.7636
NY	Binghamton	42.1463	-75.8865
NY	Black Creek	42.2855	-78.2312
NY	Black River	44.0042	-75.7958
NY	Blauvelt	41.0626	-73.9629
NY	Bliss	42.5799	-78.2581
NY	Blodgett Mills	42.5683	-76.1261
NY	Bloomfield	42.8851	-77.4600
NY	Blooming Grove	41.4092	-74.1956
NY	Bloomingburg	41.5644	-74.4304
NY	Bloomingdale	44.3985	-74.0829
NY	Bloomington	41.8562	-74.0669
NY	Bloomville	42.3522	-74.8071
NY	Blossvale	43.2303	-75.6873
NY	Blue Mountain Lake	43.8375	-74.4298
NY	Blue Point	40.7501	-73.0352
NY	Bohemia	40.7678	-73.1163
NY	Boiceville	42.0048	-74.2658
NY	Bolivar	42.0704	-78.1448
NY	Bolton Landing	43.5766	-73.6714
NY	Bombay	44.9479	-74.5947
NY	Boonville	43.4786	-75.3440
NY	Boston	42.6314	-78.7391
NY	Bouckville	42.8940	-75.5678
NY	Bovina Center	42.2709	-74.7661
NY	Bowmansville	42.9478	-78.6830
NY	Bradford	42.3825	-77.0913
NY	Brainard	42.4051	-73.6159
NY	Brainardsville	44.8578	-74.0339
NY	Branchport	42.6065	-77.2052
NY	Brant	42.5883	-79.0181
NY	Brant Lake	43.6989	-73.7205
NY	Brantingham	43.7103	-75.4025
NY	Brasher Falls	44.8467	-74.7473
NY	Breesport	42.1939	-76.7361
NY	Breezy Point	40.5600	-73.9149
NY	Brentwood	40.7779	-73.2482
NY	Brewerton	43.2252	-76.1351
NY	Brewster	41.4097	-73.5992
NY	Briarcliff Manor	41.1444	-73.8350
NY	Bridgehampton	40.9367	-72.3028
NY	Bridgeport	43.1590	-75.9700
NY	Bridgewater	42.8792	-75.2514
NY	Brier Hill	44.5525	-75.6722
NY	Brightwaters	40.7280	-73.2646
NY	Broadalbin	43.0727	-74.1684
NY	Brockport	43.2128	-77.9368
NY	Brocton	42.3940	-79.4344
NY	Bronx	40.8222	-73.9217
NY	Bronxville	40.9391	-73.8353
NY	Brookfield	42.8075	-75.3439
NY	Brookhaven	40.7843	-72.8921
NY	Brooklyn	40.6940	-73.9903
NY	Brooktondale	42.3765	-76.3668
NY	Brownville	44.0069	-75.9844
NY	Brushton	44.8282	-74.5223
NY	Buchanan	41.2583	-73.9412
NY	Buffalo	42.8967	-78.8846
NY	Bullville	41.5442	-74.3619
NY	Burdett	42.4394	-76.8292
NY	Burke	44.9177	-74.1731
NY	Burlingham	41.5900	-74.3825
NY	Burlington Flats	42.7516	-75.1690
NY	Burnt Hills	42.9329	-73.8960
NY	Burt	43.3221	-78.7141
NY	Buskirk	42.9601	-73.4497
NY	Byron	43.0738	-78.0629
NY	Cadyville	44.6865	-73.6702
NY	Cairo	42.3096	-74.0115
NY	Calcium	44.0265	-75.8499
NY	Caledonia	42.9567	-77.8493
NY	Callicoon	41.7754	-75.0257
NY	Callicoon Center	41.8367	-74.9469
NY	Calverton	40.9297	-72.7423
NY	Cambria Heights	40.6947	-73.7374
NY	Cambridge	43.0466	-73.3814
NY	Camden	43.3392	-75.7543
NY	Cameron	42.2128	-77.4403
NY	Cameron Mills	42.1925	-77.3650
NY	Camillus	43.0417	-76.2807
NY	Campbell	42.2386	-77.2066
NY	Campbell Hall	41.4430	-74.2505
NY	Canaan	42.4132	-73.4159
NY	Canajoharie	42.8824	-74.5835
NY	Canandaigua	42.8689	-77.2846
NY	Canaseraga	42.4585	-77.7954
NY	Canastota	43.0878	-75.7602
NY	Candor	42.2063	-76.3322
NY	Caneadea	42.3703	-78.1973
NY	Canisteo	42.2635	-77.5897
NY	Canton	44.5924	-75.1628
NY	Cape Vincent	44.1244	-76.3164
NY	Carle Place	40.7512	-73.6119
NY	Carlisle	42.7498	-74.4563
NY	Carmel	41.4432	-73.6815
NY	Caroga Lake	43.1922	-74.5169
NY	Carthage	43.9810	-75.6160
NY	Cassadaga	42.3504	-79.2993
NY	Cassville	42.9069	-75.2607
NY	Castile	42.6359	-78.0547
NY	Castle Creek	42.2568	-75.9087
NY	Castle Point	41.5461	-73.9600
NY	Castleton On Hudson	42.5382	-73.7095
NY	Castorland	43.8843	-75.4604
NY	Cato	43.1794	-76.5648
NY	Catskill	42.2276	-73.8985
NY	Cattaraugus	42.3333	-78.8885
NY	Cayuga	42.9142	-76.7024
NY	Cayuta	42.2774	-76.6974
NY	Cazenovia	42.9380	-75.8392
NY	Cedarhurst	40.6236	-73.7264
NY	Celoron	42.1094	-79.2833
NY	Center Moriches	40.7997	-72.7970
NY	Centereach	40.8705	-73.0822
NY	Centerport	40.8929	-73.3754
NY	Centerville	42.4797	-78.2500
NY	Central Bridge	42.7370	-74.3451
NY	Central Islip	40.7866	-73.1961
NY	Central Square	43.3090	-76.1849
NY	Central Valley	41.3268	-74.1220
NY	Ceres	41.9994	-78.2727
NY	Chadwicks	43.0226	-75.2656
NY	Chaffee	42.5605	-78.5025
NY	Champlain	44.9773	-73.4466
NY	Chappaqua	41.1705	-73.7715
NY	Charlotteville	42.5330	-74.6819
NY	Chase Mills	44.8672	-75.0730
NY	Chateaugay	44.9088	-74.0741
NY	Chatham	42.3496	-73.5873
NY	Chaumont	44.0848	-76.1232
NY	Chautauqua	42.2097	-79.4669
NY	Chazy	44.8884	-73.4501
NY	Chelsea	41.5536	-73.9672
NY	Chemung	42.0392	-76.6202
NY	Chenango Bridge	42.1667	-75.8628
NY	Chenango Forks	42.2637	-75.8242
NY	Cherry Creek	42.3127	-79.1203
NY	Cherry Plain	42.6661	-73.3769
NY	Cherry Valley	42.7823	-74.7444
NY	Chester	41.3554	-74.2651
NY	Chestertown	43.6451	-73.8066
NY	Chichester	42.0880	-74.2816
NY	Childwold	44.2867	-74.6759
NY	Chippewa Bay	44.4419	-75.7572
NY	Chittenango	43.0552	-75.8768
NY	Churchville	43.0896	-77.8603
NY	Churubusco	44.9432	-73.9355
NY	Cicero	43.1707	-76.0962
NY	Cincinnatus	42.5385	-75.9030
NY	Circleville	41.5244	-74.3850
NY	Clarence	42.9810	-78.6162
NY	Clarence Center	43.0362	-78.6390
NY	Clarendon	43.1933	-78.0650
NY	Clark Mills	43.0922	-75.3800
NY	Clarkson	43.2331	-77.9278
NY	Clarksville	42.5670	-73.9688
NY	Claryville	41.9657	-74.5293
NY	Claverack	42.2183	-73.7228
NY	Clay	43.1737	-76.1707
NY	Clayton	44.2170	-76.1071
NY	Clayville	42.9712	-75.2061
NY	Clemons	43.6435	-73.4326
NY	Cleveland	43.2432	-75.8537
NY	Cleverdale	43.4772	-73.6431
NY	Clifton Park	42.8499	-73.7851
NY	Clifton Springs	42.9632	-77.1440
NY	Climax	42.3708	-73.8625
NY	Clinton	43.0586	-75.3808
NY	Clinton Corners	41.8693	-73.7659
NY	Clintondale	41.6749	-74.0557
NY	Clockville	43.0417	-75.7450
NY	Clyde	43.0855	-76.8725
NY	Clymer	42.0557	-79.6685
NY	Cobleskill	42.6840	-74.4939
NY	Cochecton	41.6982	-74.9807
NY	Cochecton Center	41.6458	-74.9771
NY	Coeymans	42.4739	-73.7928
NY	Coeymans Hollow	42.4865	-73.9206
NY	Cohocton	42.5003	-77.4998
NY	Cohoes	42.7754	-73.7124
NY	Cold Brook	43.3024	-74.9977
NY	Cold Spring	41.4414	-73.9335
NY	Cold Spring Harbor	40.8631	-73.4500
NY	Colden	42.6551	-78.6921
NY	College Point	40.7855	-73.8450
NY	Colliersville	42.4908	-74.9825
NY	Collins	42.5001	-78.8930
NY	Collins Center	42.4936	-78.8517
NY	Colton	44.5016	-74.9327
NY	Columbiaville	42.3183	-73.7536
NY	Commack	40.8430	-73.2799
NY	Comstock	43.4567	-73.3606
NY	Conesus	42.7216	-77.6747
NY	Conewango Valley	42.2625	-79.0220
NY	Congers	41.1487	-73.9413
NY	Conklin	42.0454	-75.8076
NY	Connelly	41.9100	-73.9917
NY	Constable	44.9417	-74.3297
NY	Constableville	43.5630	-75.4584
NY	Constantia	43.2728	-76.0042
NY	Coopers Plains	42.1822	-77.1419
NY	Cooperstown	42.7032	-74.9181
NY	Copake	42.1113	-73.5526
NY	Copake Falls	42.1367	-73.5108
NY	Copenhagen	43.8801	-75.6839
NY	Copiague	40.6778	-73.3963
NY	Coram	40.8850	-73.0069
NY	Corbettsville	42.0156	-75.7908
NY	Corfu	42.9777	-78.3929
NY	Corinth	43.2426	-73.8369
NY	Corning	42.1383	-77.0475
NY	Cornwall	41.4309	-74.0539
NY	Cornwall On Hudson	41.4430	-74.0164
NY	Cornwallville	42.3629	-74.1631
NY	Corona	40.7453	-73.8611
NY	Cortland	42.5952	-76.1857
NY	Cortlandt Manor	41.2897	-73.8506
NY	Cossayuna	43.1751	-73.4124
NY	Cottekill	41.8467	-74.1038
NY	Cowlesville	42.8112	-78.4481
NY	Coxsackie	42.3501	-73.8199
NY	Cragsmoor	41.6733	-74.3858
NY	Cranberry Lake	44.2225	-74.8367
NY	Craryville	42.1760	-73.6571
NY	Crittenden	42.9461	-78.4850
NY	Croghan	43.9095	-75.3542
NY	Crompond	41.2950	-73.8658
NY	Cropseyville	42.7667	-73.4719
NY	Cross River	41.2722	-73.6020
NY	Croton Falls	41.3472	-73.6614
NY	Croton On Hudson	41.2180	-73.8924
NY	Crown Point	43.9526	-73.4665
NY	Cuba	42.1882	-78.2751
NY	Cuddebackville	41.4776	-74.5976
NY	Cutchogue	41.0139	-72.4803
NY	Dale	42.8263	-78.1749
NY	Dalton	42.5449	-77.9289
NY	Dannemora	44.7214	-73.7242
NY	Dansville	42.5700	-77.7109
NY	Darien Center	42.8948	-78.3878
NY	Davenport	42.4711	-74.8357
NY	Davenport Center	42.4523	-74.9070
NY	Dayton	42.4231	-78.9818
NY	De Kalb Junction	44.4896	-75.2871
NY	De Peyster	44.5413	-75.4328
NY	De Ruyter	42.7494	-75.8582
NY	Deansboro	42.9818	-75.4383
NY	Deer Park	40.7591	-73.3257
NY	Deer River	43.9297	-75.5894
NY	Deferiet	44.0356	-75.6842
NY	Delancey	42.1890	-74.9229
NY	Delanson	42.7480	-74.1868
NY	Delevan	42.4926	-78.4793
NY	Delhi	42.2879	-74.9228
NY	Delmar	42.6158	-73.8373
NY	Delphi Falls	42.8764	-75.9139
NY	Denmark	43.8997	-75.5828
NY	Denver	42.2522	-74.5407
NY	Depauville	44.1383	-76.0658
NY	Depew	42.9050	-78.7041
NY	Deposit	42.0666	-75.4287
NY	Derby	42.6974	-78.9834
NY	Dewittville	42.2394	-79.4193
NY	Dexter	44.0069	-76.0650
NY	Diamond Point	43.5156	-73.7001
NY	Dickinson Center	44.7233	-74.5523
NY	Dobbs Ferry	41.0118	-73.8665
NY	Dolgeville	43.1042	-74.7643
NY	Dormansville	42.4379	-74.1990
NY	Dover Plains	41.7351	-73.5870
NY	Downsville	42.0716	-75.0152
NY	Dresden	42.6846	-76.9564
NY	Dryden	42.4861	-76.2872
NY	Duanesburg	42.7708	-74.0839
NY	Dundee	42.5053	-77.0028
NY	Dunkirk	42.4759	-79.3294
NY	Durham	42.4020	-74.1849
NY	Durhamville	43.1579	-75.6714
NY	Eagle Bay	43.7237	-74.9654
NY	Eagle Bridge	42.9615	-73.3520
NY	Earlton	42.3527	-73.9062
NY	Earlville	42.7522	-75.5417
NY	East Amherst	43.0292	-78.7050
NY	East Aurora	42.7701	-78.6020
NY	East Berne	42.6191	-74.0555
NY	East Bethany	42.9166	-78.1342
NY	East Bloomfield	42.8950	-77.4350
NY	East Branch	41.9844	-75.1252
NY	East Chatham	42.4330	-73.4903
NY	East Concord	42.5466	-78.6110
NY	East Durham	42.3860	-74.1117
NY	East Elmhurst	40.7613	-73.8739
NY	East Greenbush	42.5951	-73.6826
NY	East Hampton	40.9930	-72.1790
NY	East Homer	42.6661	-76.1019
NY	East Islip	40.7282	-73.1805
NY	East Jewett	42.2806	-74.2080
NY	East Marion	41.1264	-72.3419
NY	East Meadow	40.7149	-73.5561
NY	East Meredith	42.4101	-74.8987
NY	East Moriches	40.8090	-72.7538
NY	East Nassau	42.5352	-73.4984
NY	East Northport	40.8671	-73.3195
NY	East Norwich	40.8472	-73.5349
NY	East Otto	42.3971	-78.7432
NY	East Pembroke	42.9956	-78.3103
NY	East Pharsalia	42.5581	-75.7175
NY	East Quogue	40.8428	-72.5813
NY	East Randolph	42.1728	-78.9481
NY	East Rochester	43.1128	-77.4906
NY	East Rockaway	40.6404	-73.6674
NY	East Schodack	42.5619	-73.6339
NY	East Setauket	40.9300	-73.1015
NY	East Springfield	42.8329	-74.7597
NY	East Syracuse	43.0734	-76.0558
NY	East Williamson	43.2306	-77.1456
NY	East Worcester	42.6214	-74.6763
NY	Eastchester	40.9550	-73.8086
NY	Eastport	40.8099	-72.7054
NY	Eaton	42.8484	-75.6314
NY	Eden	42.6506	-78.8781
NY	Edmeston	42.7303	-75.2525
NY	Edwards	44.3110	-75.2522
NY	Elba	43.0897	-78.1704
NY	Elbridge	43.0252	-76.4352
NY	Eldred	41.5328	-74.8968
NY	Elizabethtown	44.2245	-73.6011
NY	Elizaville	42.0902	-73.7818
NY	Elka Park	42.1643	-74.1245
NY	Ellenburg	44.8939	-73.8369
NY	Ellenburg Center	44.8444	-73.8685
NY	Ellenburg Depot	44.9163	-73.7876
NY	Ellenville	41.7218	-74.4141
NY	Ellicottville	42.2959	-78.6606
NY	Ellington	42.2167	-79.1081
NY	Ellisburg	43.7372	-76.1259
NY	Elma	42.8340	-78.6343
NY	Elmhurst	40.7404	-73.8786
NY	Elmira	42.1008	-76.8120
NY	Elmont	40.6996	-73.7058
NY	Elmsford	41.0572	-73.8136
NY	Endicott	42.1141	-76.0569
NY	Endwell	42.1128	-76.0214
NY	Erieville	42.8562	-75.7543
NY	Erin	42.1859	-76.6819
NY	Esopus	41.8278	-73.9656
NY	Esperance	42.7717	-74.2882
NY	Essex	44.2807	-73.3731
NY	Etna	42.4850	-76.3839
NY	Evans Mills	44.0817	-75.8305
NY	Fabius	42.8531	-75.9836
NY	Fair Haven	43.3164	-76.7025
NY	Fairport	43.0892	-77.4360
NY	Falconer	42.1239	-79.1895
NY	Fallsburg	41.7273	-74.6154
NY	Fancher	43.2447	-78.0914
NY	Far Rockaway	40.5994	-73.7642
NY	Farmersville Station	42.4483	-78.2915
NY	Farmingdale	40.7251	-73.4451
NY	Farmington	42.9596	-77.3411
NY	Farmingville	40.8366	-73.0413
NY	Farnham	42.5944	-79.0914
NY	Fayette	42.8142	-76.8094
NY	Fayetteville	43.0268	-76.0145
NY	Felts Mills	44.0204	-75.7524
NY	Ferndale	41.7300	-74.7549
NY	Feura Bush	42.5550	-73.9237
NY	Fillmore	42.4636	-78.1062
NY	Findley Lake	42.1204	-79.7349
NY	Fine	44.2478	-75.1381
NY	Fishers	43.0086	-77.4650
NY	Fishers Island	41.2639	-72.0178
NY	Fishers Landing	44.2764	-76.0083
NY	Fishkill	41.5404	-73.8979
NY	Fishs Eddy	41.9636	-75.1753
NY	Fleischmanns	42.1788	-74.5319
NY	Floral Park	40.7236	-73.7058
NY	Florida	41.3295	-74.3528
NY	Flushing	40.7816	-73.8272
NY	Fly Creek	42.7252	-74.9869
NY	Fonda	42.9571	-74.4021
NY	Forest Hills	40.7229	-73.8473
NY	Forestburgh	41.5691	-74.7241
NY	Forestport	43.4737	-75.1787
NY	Forestville	42.4482	-79.1607
NY	Fort Ann	43.4285	-73.4784
NY	Fort Covington	44.9731	-74.4929
NY	Fort Drum	44.0354	-75.7540
NY	Fort Edward	43.2653	-73.5822
NY	Fort Hunter	42.9422	-74.2856
NY	Fort Johnson	42.9765	-74.2484
NY	Fort Montgomery	41.3239	-73.9872
NY	Fort Plain	42.9372	-74.6433
NY	Frankfort	43.0440	-75.1072
NY	Franklin	42.3421	-75.1485
NY	Franklin Springs	43.0367	-75.3925
NY	Franklin Square	40.7010	-73.6758
NY	Franklinville	42.3388	-78.4400
NY	Fredonia	42.4333	-79.3339
NY	Freedom	42.4897	-78.3501
NY	Freehold	42.3815	-74.0623
NY	Freeport	40.6536	-73.5866
NY	Freeville	42.4998	-76.3636
NY	Fremont Center	41.8471	-75.0296
NY	Fresh Meadows	40.7374	-73.7951
NY	Frewsburg	42.0528	-79.1318
NY	Friendship	42.1907	-78.1359
NY	Fulton	43.3211	-76.4034
NY	Fultonham	42.5859	-74.3876
NY	Fultonville	42.9036	-74.3598
NY	Gabriels	44.4319	-74.1814
NY	Gainesville	42.6190	-78.1795
NY	Gallupville	42.6625	-74.2331
NY	Galway	43.0217	-74.0290
NY	Gansevoort	43.1803	-73.7053
NY	Garden City	40.7245	-73.6487
NY	Gardiner	41.6576	-74.1672
NY	Garnerville	41.2021	-74.0005
NY	Garrattsville	42.6356	-75.2327
NY	Garrison	41.3621	-73.9200
NY	Gasport	43.2106	-78.5745
NY	Geneseo	42.7938	-77.7996
NY	Geneva	42.8637	-76.9913
NY	Genoa	42.6746	-76.5418
NY	Georgetown	42.7631	-75.7443
NY	Germantown	42.1219	-73.8625
NY	Gerry	42.2147	-79.1649
NY	Getzville	43.0240	-78.7532
NY	Ghent	42.3036	-73.6486
NY	Gilbertsville	42.4330	-75.3609
NY	Gilboa	42.4108	-74.4003
NY	Glasco	42.0436	-73.9478
NY	Glen Aubrey	42.2573	-75.9805
NY	Glen Cove	40.8650	-73.6277
NY	Glen Head	40.8281	-73.6076
NY	Glen Oaks	40.7481	-73.7114
NY	Glen Spey	41.4858	-74.7995
NY	Glen Wild	41.6545	-74.5833
NY	Glenfield	43.7323	-75.3669
NY	Glenford	42.0053	-74.1532
NY	Glenham	41.5217	-73.9269
NY	Glenmont	42.5971	-73.7959
NY	Glens Falls	43.3125	-73.6488
NY	Glenwood	42.6001	-78.6386
NY	Glenwood Landing	40.8306	-73.6392
NY	Gloversville	43.0616	-74.3375
NY	Goldens Bridge	41.2933	-73.6772
NY	Gorham	42.7989	-77.1319
NY	Goshen	41.3946	-74.3302
NY	Gouverneur	44.3283	-75.4651
NY	Gowanda	42.4712	-78.9339
NY	Grafton	42.7689	-73.4514
NY	Grahamsville	41.8807	-74.5127
NY	Grand Gorge	42.3874	-74.5312
NY	Grand Island	43.0183	-78.9591
NY	Granite Springs	41.3098	-73.7530
NY	Granville	43.3776	-73.2978
NY	Great Bend	44.0342	-75.7192
NY	Great Neck	40.7742	-73.7189
NY	Great River	40.7211	-73.1581
NY	Great Valley	42.2083	-78.6208
NY	Greene	42.3373	-75.7595
NY	Greenfield Center	43.1225	-73.8602
NY	Greenfield Park	41.7281	-74.5201
NY	Greenhurst	42.1194	-79.3106
NY	Greenlawn	40.8621	-73.3646
NY	Greenport	41.1039	-72.3674
NY	Greenvale	40.8125	-73.6261
NY	Greenville	42.4113	-74.0222
NY	Greenwich	43.0962	-73.5067
NY	Greenwood	42.1398	-77.6360
NY	Greenwood Lake	41.2127	-74.3000
NY	Greig	43.6892	-75.3124
NY	Groton	42.5855	-76.3633
NY	Groveland	42.6760	-77.7573
NY	Guilderland	42.6973	-73.8975
NY	Guilderland Center	42.7031	-73.9664
NY	Guilford	42.4269	-75.4823
NY	Hadley	43.3013	-73.9499
NY	Hagaman	42.9597	-74.1668
NY	Hague	43.7463	-73.5282
NY	Hailesboro	44.3100	-75.4467
NY	Haines Falls	42.1958	-74.0975
NY	Halcottsville	42.2083	-74.6014
NY	Hall	42.7939	-77.0667
NY	Hamburg	42.7334	-78.8389
NY	Hamden	42.1787	-74.9984
NY	Hamilton	42.8231	-75.5434
NY	Hamlin	43.3076	-77.9270
NY	Hammond	44.4502	-75.6727
NY	Hammondsport	42.4312	-77.1977
NY	Hampton	43.4621	-73.2731
NY	Hampton Bays	40.8726	-72.5202
NY	Hancock	41.9597	-75.2653
NY	Hankins	41.8313	-75.0998
NY	Hannacroix	42.4285	-73.8680
NY	Hannawa Falls	44.6122	-74.9714
NY	Hannibal	43.3111	-76.5460
NY	Harford	42.4261	-76.2269
NY	Harpersfield	42.4499	-74.6871
NY	Harpursville	42.1823	-75.6545
NY	Harriman	41.2997	-74.1558
NY	Harris	41.7141	-74.7218
NY	Harrison	40.9719	-73.7181
NY	Harrisville	44.1613	-75.3252
NY	Hartford	43.3493	-73.4049
NY	Hartsdale	41.0197	-73.8074
NY	Hartwick	42.6950	-75.0550
NY	Hastings	43.3527	-76.1477
NY	Hastings On Hudson	40.9907	-73.8759
NY	Hauppauge	40.8231	-73.1958
NY	Haverstraw	41.1971	-73.9690
NY	Hawthorne	41.0953	-73.8017
NY	Hector	42.4966	-76.8786
NY	Helena	44.9217	-74.7267
NY	Hemlock	42.7800	-77.5820
NY	Hempstead	40.7139	-73.6003
NY	Henderson	43.8467	-76.2352
NY	Henderson Harbor	43.8647	-76.2022
NY	Henrietta	43.0483	-77.6122
NY	Hensonville	42.2590	-74.2131
NY	Herkimer	43.0307	-74.9876
NY	Hermon	44.4448	-75.1987
NY	Heuvelton	44.5930	-75.4203
NY	Hewlett	40.6404	-73.6957
NY	Hicksville	40.7623	-73.5230
NY	High Falls	41.8167	-74.1311
NY	Highland	41.7167	-73.9928
NY	Highland Falls	41.3582	-73.9746
NY	Highland Lake	41.5309	-74.8516
NY	Highland Mills	41.3536	-74.1197
NY	Highmount	42.1442	-74.4903
NY	Hillburn	41.1240	-74.1702
NY	Hillsdale	42.1868	-73.5483
NY	Hilton	43.2923	-77.7905
NY	Himrod	42.5945	-76.9508
NY	Hinckley	43.3122	-75.1222
NY	Hinsdale	42.1797	-78.4006
NY	Hobart	42.3594	-74.6759
NY	Hoffmeister	43.3915	-74.7400
NY	Hogansburg	44.9825	-74.6626
NY	Holbrook	40.7964	-73.0718
NY	Holland	42.6396	-78.5439
NY	Holland Patent	43.2484	-75.2535
NY	Holley	43.2255	-78.0404
NY	Hollis	40.7142	-73.7677
NY	Hollowville	42.2053	-73.6917
NY	Holmes	41.5325	-73.6628
NY	Holtsville	40.8152	-73.0455
NY	Homer	42.6726	-76.1878
NY	Honeoye	42.7686	-77.5054
NY	Honeoye Falls	42.9695	-77.5781
NY	Hoosick	42.8625	-73.3286
NY	Hoosick Falls	42.8937	-73.3581
NY	Hopewell Junction	41.5766	-73.7976
NY	Hornell	42.3274	-77.6569
NY	Horseheads	42.1805	-76.8345
NY	Hortonville	41.7857	-75.0263
NY	Houghton	42.4116	-78.1095
NY	Howard Beach	40.6606	-73.8450
NY	Howells	41.4794	-74.4656
NY	Howes Cave	42.7045	-74.3648
NY	Hubbardsville	42.8237	-75.4367
NY	Hudson	42.2470	-73.7552
NY	Hudson Falls	43.3149	-73.5746
NY	Hughsonville	41.5808	-73.9275
NY	Huguenot	41.4372	-74.6426
NY	Huletts Landing	43.6392	-73.5075
NY	Hume	42.4728	-78.1367
NY	Hunt	42.5388	-77.9818
NY	Hunter	42.2373	-74.2038
NY	Huntington	40.8669	-73.4109
NY	Huntington Station	40.8218	-73.3755
NY	Hurley	41.9327	-74.0687
NY	Hurleyville	41.7609	-74.6534
NY	Hyde Park	41.7887	-73.9063
NY	Ilion	43.0064	-75.0484
NY	Indian Lake	43.7606	-74.2766
NY	Inlet	43.7480	-74.7846
NY	Interlaken	42.6165	-76.7268
NY	Inwood	40.6219	-73.7472
NY	Ionia	42.9380	-77.5009
NY	Irving	42.5739	-79.0596
NY	Irvington	41.0381	-73.8597
NY	Island Park	40.6040	-73.6554
NY	Islandia	40.7906	-73.2022
NY	Islip	40.7348	-73.2221
NY	Islip Terrace	40.7548	-73.1827
NY	Ithaca	42.4485	-76.4929
NY	Jackson Heights	40.7513	-73.8830
NY	Jacksonville	42.5083	-76.6153
NY	Jamaica	40.6913	-73.8061
NY	Jamesport	40.9494	-72.5819
NY	Jamestown	42.0928	-79.2440
NY	Jamesville	42.9830	-76.0766
NY	Jasper	42.1290	-77.4999
NY	Java Center	42.6634	-78.3925
NY	Java Village	42.6769	-78.4410
NY	Jay	44.3734	-73.7247
NY	Jefferson	42.4999	-74.6117
NY	Jefferson Valley	41.3385	-73.7947
NY	Jeffersonville	41.7784	-74.9196
NY	Jericho	40.7881	-73.5331
NY	Jewett	42.2694	-74.2793
NY	Johnsburg	43.6341	-74.0213
NY	Johnson	41.3661	-74.5069
NY	Johnson City	42.1267	-75.9685
NY	Johnsonville	42.8769	-73.4989
NY	Johnstown	43.0069	-74.3715
NY	Jordan	43.0651	-76.4598
NY	Jordanville	42.8948	-74.8209
NY	Kanona	42.3722	-77.3661
NY	Katonah	41.2709	-73.6841
NY	Kattskill Bay	43.5156	-73.6299
NY	Kauneonga Lake	41.6908	-74.8292
NY	Keene	44.2555	-73.7915
NY	Keene Valley	44.1780	-73.7959
NY	Keeseville	44.5216	-73.5090
NY	Kendall	43.3284	-78.0304
NY	Kennedy	42.1508	-79.0964
NY	Kenoza Lake	41.7778	-74.9354
NY	Kent	43.3341	-78.1355
NY	Kerhonkson	41.7939	-74.3035
NY	Keuka Park	42.6010	-77.1052
NY	Kew Gardens	40.7069	-73.8297
NY	Kiamesha Lake	41.6838	-74.6724
NY	Kill Buck	42.1410	-78.6426
NY	Killawog	42.4006	-76.0211
NY	Kinderhook	42.3767	-73.7183
NY	King Ferry	42.6635	-76.6216
NY	Kings Park	40.8861	-73.2438
NY	Kingston	41.9301	-74.0236
NY	Kirkville	43.0981	-75.9550
NY	Kirkwood	42.0695	-75.7967
NY	Knowlesville	43.2419	-78.3108
NY	Knox	42.6711	-74.1161
NY	Knoxboro	42.9864	-75.5175
NY	La Fargeville	44.1987	-75.9569
NY	La Fayette	42.8910	-76.1061
NY	Lacona	43.6429	-76.0503
NY	Lagrangeville	41.6615	-73.7450
NY	Lake Clear	44.3594	-74.2433
NY	Lake George	43.4167	-73.6975
NY	Lake Grove	40.8567	-73.1168
NY	Lake Hill	42.0733	-74.2123
NY	Lake Huntington	41.6782	-74.9949
NY	Lake Katrine	41.9918	-73.9924
NY	Lake Luzerne	43.3165	-73.8228
NY	Lake Peekskill	41.3374	-73.8838
NY	Lake Placid	44.2750	-73.9864
NY	Lake Pleasant	43.4725	-74.4226
NY	Lake View	42.7215	-78.9327
NY	Lakemont	42.5161	-76.9283
NY	Lakeville	42.8296	-77.7149
NY	Lakewood	42.0973	-79.3291
NY	Lancaster	42.9017	-78.6631
NY	Lanesville	42.1891	-74.1971
NY	Lansing	42.5645	-76.5375
NY	Larchmont	40.9351	-73.7571
NY	Latham	42.7462	-73.7630
NY	Laurel	40.9674	-72.5540
NY	Laurens	42.5383	-75.1279
NY	Lawrence	40.6140	-73.7330
NY	Lawrenceville	44.7590	-74.6629
NY	Lawtons	42.5404	-78.9212
NY	Le Roy	42.9774	-77.9851
NY	Lee Center	43.3148	-75.5055
NY	Leeds	42.3045	-73.9457
NY	Leicester	42.7739	-77.8990
NY	Leon	42.2931	-79.0167
NY	Leonardsville	42.8086	-75.2531
NY	Levittown	40.7254	-73.5166
NY	Lewis	44.3075	-73.5491
NY	Lewiston	43.1722	-79.0215
NY	Lexington	42.2403	-74.3658
NY	Liberty	41.7962	-74.7484
NY	Lily Dale	42.3517	-79.3244
NY	Lima	42.9012	-77.6083
NY	Limerick	44.0292	-76.0433
NY	Limestone	42.0639	-78.6320
NY	Lincolndale	41.3228	-73.7186
NY	Lindenhurst	40.6884	-73.3745
NY	Lindley	42.0425	-77.1541
NY	Linwood	42.8847	-77.9104
NY	Lisbon	44.7184	-75.2694
NY	Lisle	42.3409	-76.0302
NY	Little Falls	43.0474	-74.8606
NY	Little Genesee	42.0240	-78.2351
NY	Little Neck	40.7591	-73.7326
NY	Little Valley	42.2541	-78.8093
NY	Little York	42.6958	-76.1647
NY	Liverpool	43.1099	-76.1870
NY	Livingston	42.1419	-73.7783
NY	Livingston Manor	41.8778	-74.8270
NY	Livonia	42.8135	-77.6635
NY	Livonia Center	42.8214	-77.6389
NY	Loch Sheldrake	41.7789	-74.6614
NY	Locke	42.6558	-76.4154
NY	Lockport	43.1600	-78.6923
NY	Lockwood	42.1149	-76.5366
NY	Locust Valley	40.8817	-73.5927
NY	Lodi	42.5966	-76.8339
NY	Long Beach	40.5877	-73.6595
NY	Long Eddy	41.8644	-75.0942
NY	Long Island City	40.7503	-73.9394
NY	Long Lake	43.9477	-74.4662
NY	Lorraine	43.7568	-75.9053
NY	Lowman	42.0694	-76.6930
NY	Lowville	43.8011	-75.4754
NY	Lycoming	43.4986	-76.3861
NY	Lynbrook	40.6571	-73.6741
NY	Lyndonville	43.3233	-78.3811
NY	Lyon Mountain	44.7255	-73.9195
NY	Lyons	43.0777	-76.9896
NY	Lyons Falls	43.6262	-75.3553
NY	Macedon	43.0784	-77.3372
NY	Machias	42.4083	-78.5059
NY	Madison	42.8969	-75.5076
NY	Madrid	44.7690	-75.1413
NY	Mahopac	41.3717	-73.7508
NY	Mahopac Falls	41.3719	-73.7622
NY	Maine	42.1962	-76.0595
NY	Malden Bridge	42.4602	-73.5880
NY	Malden On Hudson	42.0953	-73.9344
NY	Mallory	43.3378	-76.0892
NY	Malone	44.8482	-74.2928
NY	Malverne	40.6750	-73.6731
NY	Mamaroneck	40.9525	-73.7350
NY	Manchester	42.9699	-77.2297
NY	Manhasset	40.7986	-73.6884
NY	Manlius	42.9904	-75.9703
NY	Mannsville	43.7179	-76.0820
NY	Manorville	40.8421	-72.8002
NY	Maple Springs	42.1967	-79.4242
NY	Maple View	43.4572	-76.1456
NY	Maplecrest	42.2995	-74.1655
NY	Marathon	42.4527	-76.0395
NY	Marcellus	42.9821	-76.3323
NY	Marcy	43.1639	-75.2783
NY	Margaretville	42.1637	-74.6489
NY	Marietta	42.8974	-76.2806
NY	Marilla	42.8332	-78.5587
NY	Marion	43.1546	-77.1863
NY	Marlboro	41.6056	-73.9880
NY	Martinsburg	43.7375	-75.4700
NY	Martville	43.2661	-76.6289
NY	Maryknoll	41.1792	-73.8328
NY	Maryland	42.5371	-74.9030
NY	Masonville	42.2623	-75.2155
NY	Maspeth	40.7239	-73.8997
NY	Massapequa	40.6857	-73.4697
NY	Massapequa Park	40.6807	-73.4444
NY	Massena	44.9324	-74.8862
NY	Mastic	40.8064	-72.8566
NY	Mastic Beach	40.7657	-72.8537
NY	Mattituck	40.9943	-72.5363
NY	Maybrook	41.4886	-74.2163
NY	Mayfield	43.1411	-74.2444
NY	Mayville	42.2409	-79.4963
NY	Mc Connellsville	43.2896	-75.6525
NY	Mc Donough	42.5068	-75.7623
NY	Mc Graw	42.5948	-76.0820
NY	Mc Lean	42.5606	-76.2775
NY	Mechanicville	42.9676	-73.6732
NY	Mecklenburg	42.4575	-76.7106
NY	Medford	40.8174	-72.9852
NY	Medina	43.2184	-78.3874
NY	Medusa	42.4515	-74.1315
NY	Mellenville	42.2531	-73.6681
NY	Melrose	42.8412	-73.6077
NY	Melville	40.7946	-73.4030
NY	Memphis	43.0934	-76.4030
NY	Mendon	42.9953	-77.5001
NY	Meridale	42.3780	-74.9803
NY	Meridian	43.1656	-76.5372
NY	Merrick	40.6683	-73.5550
NY	Mexico	43.4605	-76.2446
NY	Middle Falls	43.1006	-73.5253
NY	Middle Granville	43.4508	-73.3031
NY	Middle Grove	43.0975	-74.0167
NY	Middle Island	40.8782	-72.9525
NY	Middle Village	40.7173	-73.8792
NY	Middleburgh	42.5637	-74.3292
NY	Middleport	43.2183	-78.4841
NY	Middlesex	42.6976	-77.2805
NY	Middletown	41.4572	-74.4120
NY	Middleville	43.1369	-74.9240
NY	Milford	42.6148	-74.9685
NY	Mill Neck	40.8857	-73.5526
NY	Millbrook	41.7803	-73.6885
NY	Miller Place	40.9436	-72.9913
NY	Millerton	41.9536	-73.5287
NY	Millport	42.2581	-76.8392
NY	Millwood	41.2015	-73.7926
NY	Milton	41.6535	-73.9772
NY	Mineola	40.7469	-73.6398
NY	Minerva	43.7811	-73.9835
NY	Minetto	43.3981	-76.4778
NY	Mineville	44.0876	-73.5236
NY	Minoa	43.0772	-76.0098
NY	Model City	43.1850	-78.9839
NY	Modena	41.6503	-74.1036
NY	Mohawk	42.9900	-74.9853
NY	Mohegan Lake	41.3143	-73.8508
NY	Moira	44.8504	-74.5603
NY	Mongaup Valley	41.6810	-74.8028
NY	Monroe	41.3306	-74.1872
NY	Monsey	41.1163	-74.0736
NY	Montauk	41.0459	-71.9440
NY	Montezuma	43.0100	-76.7036
NY	Montgomery	41.5333	-74.2534
NY	Monticello	41.6516	-74.7007
NY	Montour Falls	42.3437	-76.8396
NY	Montrose	41.2496	-73.9446
NY	Mooers	44.9592	-73.5834
NY	Mooers Forks	44.9602	-73.6730
NY	Moravia	42.7355	-76.3990
NY	Moriah	44.0438	-73.5079
NY	Moriah Center	44.0662	-73.5111
NY	Moriches	40.8095	-72.8229
NY	Morris	42.5478	-75.2448
NY	Morrisonville	44.6894	-73.5772
NY	Morristown	44.5864	-75.6486
NY	Morrisville	42.9108	-75.6487
NY	Morton	43.3281	-77.9956
NY	Mottville	42.9736	-76.4428
NY	Mount Kisco	41.2050	-73.7299
NY	Mount Marion	42.0357	-74.0002
NY	Mount Morris	42.7054	-77.8611
NY	Mount Sinai	40.9271	-73.0127
NY	Mount Tremper	42.0435	-74.2485
NY	Mount Upton	42.4081	-75.4003
NY	Mount Vernon	40.9079	-73.8380
NY	Mount Vision	42.6068	-75.1264
NY	Mountain Dale	41.6918	-74.5358
NY	Mountainville	41.4008	-74.0789
NY	Mumford	42.9928	-77.8606
NY	Munnsville	42.9863	-75.5940
NY	Nanuet	41.0992	-74.0096
NY	Napanoch	41.7590	-74.3804
NY	Naples	42.6404	-77.3901
NY	Narrowsburg	41.5921	-75.0107
NY	Nassau	42.5271	-73.6118
NY	Natural Bridge	44.0630	-75.5039
NY	Nedrow	42.9559	-76.1529
NY	Nelliston	42.9347	-74.6139
NY	Nesconset	40.8462	-73.1482
NY	Neversink	41.8492	-74.6127
NY	New Baltimore	42.4461	-73.7889
NY	New Berlin	42.6224	-75.3474
NY	New City	41.1472	-73.9962
NY	New Hampton	41.3627	-74.4435
NY	New Hartford	43.0654	-75.2906
NY	New Haven	43.4797	-76.3156
NY	New Hyde Park	40.7439	-73.6804
NY	New Kingston	42.2136	-74.6825
NY	New Lebanon	42.4759	-73.3773
NY	New Lisbon	42.5790	-75.3274
NY	New Milford	41.2344	-74.4142
NY	New Paltz	41.7433	-74.0839
NY	New Rochelle	40.9166	-73.7877
NY	New Russia	44.1595	-73.6059
NY	New Suffolk	40.9914	-72.4764
NY	New Windsor	41.4724	-74.0566
NY	New Woodstock	42.8441	-75.8635
NY	New York	40.7484	-73.9967
NY	New York Mills	43.1000	-75.2937
NY	Newark	43.0519	-77.0946
NY	Newark Valley	42.2281	-76.1625
NY	Newburgh	41.5178	-74.0360
NY	Newcomb	43.9460	-74.1299
NY	Newfane	43.2724	-78.7070
NY	Newfield	42.3621	-76.5920
NY	Newport	43.1800	-74.9861
NY	Newton Falls	44.1986	-74.9846
NY	Newtonville	42.7244	-73.7589
NY	Niagara Falls	43.0955	-79.0414
NY	Niagara University	43.1383	-79.0392
NY	Nichols	42.0320	-76.3610
NY	Nicholville	44.7082	-74.6534
NY	Nineveh	42.1625	-75.5484
NY	Niobe	42.0125	-79.4497
NY	Niverville	42.9276	-73.4856
NY	Norfolk	44.8424	-74.9577
NY	North Babylon	40.7321	-73.3236
NY	North Bangor	44.8300	-74.4134
NY	North Bay	43.2300	-75.7486
NY	North Blenheim	42.4899	-74.4282
NY	North Boston	42.6856	-78.7769
NY	North Branch	41.8142	-74.9824
NY	North Brookfield	42.8501	-75.3815
NY	North Chatham	42.4719	-73.6322
NY	North Chili	43.1186	-77.8005
NY	North Collins	42.5896	-78.9107
NY	North Creek	43.7138	-73.8928
NY	North Evans	42.6969	-78.9417
NY	North Granville	43.5062	-73.3301
NY	North Greece	43.2536	-77.7328
NY	North Hoosick	42.9281	-73.3433
NY	North Hudson	43.9869	-73.7121
NY	North Java	42.6776	-78.3380
NY	North Lawrence	44.7750	-74.6653
NY	North Norwich	42.6169	-75.5272
NY	North Pitcher	42.6372	-75.8164
NY	North River	43.7386	-74.0492
NY	North Rose	43.1964	-76.9152
NY	North Salem	41.3414	-73.5929
NY	North Tonawanda	43.0498	-78.8510
NY	Northport	40.9051	-73.3309
NY	Northville	43.2371	-74.1684
NY	Norwich	42.5414	-75.5274
NY	Norwood	44.7472	-74.9992
NY	Nunda	42.5867	-77.9180
NY	Nyack	41.0914	-73.9252
NY	Oak Hill	42.4069	-74.1528
NY	Oakdale	40.7382	-73.1297
NY	Oakfield	43.0717	-78.2702
NY	Oakland Gardens	40.7458	-73.7586
NY	Oaks Corners	42.9322	-77.0128
NY	Obernburg	41.8447	-75.0075
NY	Ocean Beach	40.6467	-73.1575
NY	Oceanside	40.6362	-73.6375
NY	Odessa	42.3609	-76.7717
NY	Ogdensburg	44.6902	-75.4774
NY	Olcott	43.3378	-78.7150
NY	Old Bethpage	40.7650	-73.4575
NY	Old Chatham	42.4357	-73.5545
NY	Old Forge	43.7435	-74.8935
NY	Old Westbury	40.7882	-73.5875
NY	Olean	42.0787	-78.4233
NY	Olivebridge	41.8959	-74.2470
NY	Olmstedville	43.7799	-73.9335
NY	Oneida	43.0862	-75.6508
NY	Oneonta	42.4625	-75.0491
NY	Ontario	43.2291	-77.3088
NY	Ontario Center	43.2258	-77.3061
NY	Orangeburg	41.0442	-73.9609
NY	Orchard Park	42.7639	-78.7518
NY	Orient	41.1437	-72.2879
NY	Oriskany	43.1524	-75.3434
NY	Oriskany Falls	42.9576	-75.4838
NY	Orwell	43.5747	-75.9967
NY	Ossining	41.1673	-73.8538
NY	Oswegatchie	44.1933	-75.0659
NY	Oswego	43.4438	-76.4975
NY	Otego	42.4133	-75.2079
NY	Otisville	41.4818	-74.5294
NY	Otto	42.3561	-78.8319
NY	Ouaquaga	42.1193	-75.6474
NY	Ovid	42.6770	-76.8216
NY	Owego	42.1138	-76.2528
NY	Owls Head	44.7308	-74.1342
NY	Oxbow	44.2872	-75.6233
NY	Oxford	42.4434	-75.6063
NY	Oyster Bay	40.8660	-73.5272
NY	Ozone Park	40.6838	-73.8514
NY	Painted Post	42.1710	-77.1194
NY	Palatine Bridge	42.9221	-74.5708
NY	Palenville	42.1729	-74.0167
NY	Palisades	41.0103	-73.9250
NY	Palmyra	43.0622	-77.2218
NY	Panama	42.0570	-79.4815
NY	Paradox	43.8914	-73.6450
NY	Parish	43.4153	-76.1000
NY	Parishville	44.5927	-74.7941
NY	Parksville	41.8517	-74.7359
NY	Patchogue	40.7735	-72.9981
NY	Patterson	41.4888	-73.5815
NY	Pattersonville	42.8499	-74.1231
NY	Paul Smiths	44.4450	-74.2664
NY	Pavilion	42.8801	-78.0147
NY	Pawling	41.5749	-73.5948
NY	Pearl River	41.0629	-74.0159
NY	Peconic	41.0478	-72.4636
NY	Peekskill	41.2937	-73.9026
NY	Pelham	40.9045	-73.8073
NY	Penfield	43.1396	-77.4560
NY	Penn Yan	42.6645	-77.0569
NY	Pennellville	43.2609	-76.2395
NY	Perkinsville	42.5397	-77.6286
NY	Perry	42.7229	-78.0059
NY	Perrysburg	42.4723	-78.9981
NY	Peru	44.5851	-73.5293
NY	Peterboro	42.9672	-75.6883
NY	Petersburg	42.7364	-73.3710
NY	Phelps	42.9582	-77.0473
NY	Philadelphia	44.1589	-75.7099
NY	Phillipsport	41.6392	-74.4461
NY	Philmont	42.2483	-73.6536
NY	Phoenicia	42.0544	-74.3393
NY	Phoenix	43.2468	-76.3064
NY	Piercefield	44.2340	-74.5732
NY	Piermont	41.0395	-73.9192
NY	Pierrepont Manor	43.7350	-76.0592
NY	Piffard	42.8427	-77.8825
NY	Pike	42.5564	-78.1531
NY	Pine Bush	41.6178	-74.3263
NY	Pine City	42.0419	-76.8815
NY	Pine Hill	42.1340	-74.4876
NY	Pine Island	41.3238	-74.3795
NY	Pine Plains	41.9896	-73.6602
NY	Pine Valley	42.2348	-76.8652
NY	Piseco	43.4481	-74.5263
NY	Pitcher	42.5969	-75.8465
NY	Pittsford	43.0695	-77.5141
NY	Plainview	40.7781	-73.4816
NY	Plainville	43.1592	-76.4475
NY	Plattekill	41.6175	-74.0764
NY	Plattsburgh	44.6927	-73.4660
NY	Pleasant Valley	41.7470	-73.8143
NY	Pleasantville	41.1350	-73.7845
NY	Plessis	44.2774	-75.8496
NY	Plymouth	42.6336	-75.6172
NY	Poestenkill	42.6795	-73.5888
NY	Point Lookout	40.5922	-73.5811
NY	Poland	43.2115	-75.0731
NY	Pomona	41.1901	-74.0436
NY	Pompey	42.8989	-76.0164
NY	Pond Eddy	41.4511	-74.8410
NY	Poplar Ridge	42.7383	-76.6183
NY	Port Byron	43.0427	-76.6449
NY	Port Chester	41.0078	-73.6720
NY	Port Crane	42.1957	-75.7910
NY	Port Ewen	41.9131	-73.9872
NY	Port Gibson	43.0344	-77.1578
NY	Port Henry	44.0465	-73.4705
NY	Port Jefferson	40.9457	-73.0611
NY	Port Jefferson Station	40.9117	-73.0521
NY	Port Jervis	41.3786	-74.6691
NY	Port Kent	44.5281	-73.4075
NY	Port Leyden	43.5802	-75.3263
NY	Port Washington	40.8350	-73.6964
NY	Portageville	42.5570	-78.0856
NY	Porter Corners	43.1724	-73.8839
NY	Portland	42.3858	-79.4589
NY	Portlandville	42.5103	-74.9761
NY	Portville	42.0273	-78.3314
NY	Potsdam	44.6592	-74.9681
NY	Pottersville	43.6930	-73.7564
NY	Poughkeepsie	41.7021	-73.9218
NY	Poughquag	41.6194	-73.6783
NY	Pound Ridge	41.2042	-73.5732
NY	Prattsburgh	42.5269	-77.2825
NY	Prattsville	42.2979	-74.3895
NY	Preble	42.7950	-76.2141
NY	Preston Hollow	42.4563	-74.2420
NY	Prospect	43.3042	-75.1525
NY	Pulaski	43.5562	-76.1252
NY	Pulteney	42.5233	-77.1691
NY	Pultneyville	43.2797	-77.1864
NY	Purchase	41.0384	-73.7156
NY	Purdys	41.3224	-73.6543
NY	Purling	42.2755	-74.0114
NY	Putnam Station	43.7560	-73.4123
NY	Putnam Valley	41.3728	-73.8502
NY	Pyrites	44.5147	-75.1861
NY	Quaker Street	42.7347	-74.1867
NY	Queens Village	40.7277	-73.7489
NY	Queensbury	43.3290	-73.6818
NY	Quogue	40.8231	-72.6100
NY	Rainbow Lake	44.4669	-74.1733
NY	Randolph	42.1631	-78.9600
NY	Ransomville	43.2286	-78.8982
NY	Raquette Lake	43.8662	-74.5380
NY	Ravena	42.4754	-73.8220
NY	Ray Brook	44.3000	-74.0858
NY	Raymondville	44.8381	-74.9783
NY	Reading Center	42.4303	-76.9331
NY	Red Creek	43.2291	-76.7146
NY	Red Hook	42.0064	-73.8546
NY	Redfield	43.5658	-75.8242
NY	Redford	44.6069	-73.8019
NY	Redwood	44.3211	-75.8150
NY	Rego Park	40.7278	-73.8602
NY	Remsen	43.3385	-75.1616
NY	Remsenburg	40.8075	-72.7092
NY	Rensselaer	42.6359	-73.7219
NY	Rensselaer Falls	44.5906	-75.3226
NY	Rensselaerville	42.5133	-74.1474
NY	Retsof	42.8353	-77.8792
NY	Rexford	42.8524	-73.8701
NY	Rexville	42.0726	-77.6767
NY	Rhinebeck	41.9272	-73.8888
NY	Rhinecliff	41.9194	-73.9517
NY	Richburg	42.0883	-78.1536
NY	Richfield Springs	42.8503	-74.9922
NY	Richford	42.3945	-76.1865
NY	Richland	43.5776	-76.0029
NY	Richmond Hill	40.6982	-73.8345
NY	Richmondville	42.6424	-74.5710
NY	Richville	44.4045	-75.4025
NY	Ridge	40.9018	-72.8881
NY	Ridgewood	40.7036	-73.8961
NY	Rifton	41.8375	-74.0378
NY	Riparius	43.6617	-73.8975
NY	Ripley	42.2482	-79.7121
NY	Riverhead	40.9262	-72.6520
NY	Rochester	43.1683	-77.6026
NY	Rock City Falls	43.0662	-73.9215
NY	Rock Hill	41.6134	-74.5872
NY	Rock Stream	42.4485	-76.9364
NY	Rock Tavern	41.4575	-74.1659
NY	Rockaway Park	40.5795	-73.8392
NY	Rockville Centre	40.6637	-73.6380
NY	Rocky Point	40.9492	-72.9357
NY	Rodman	43.8622	-75.8719
NY	Rome	43.2193	-75.4498
NY	Romulus	42.7614	-76.8536
NY	Ronkonkoma	40.8208	-73.1208
NY	Roosevelt	40.6802	-73.5867
NY	Rooseveltown	44.9728	-74.7314
NY	Roscoe	41.9458	-74.9237
NY	Rose	43.1536	-76.8789
NY	Roseboom	42.7882	-74.7416
NY	Rosedale	40.6621	-73.7353
NY	Rosendale	41.8402	-74.0730
NY	Roslyn	40.7907	-73.6534
NY	Roslyn Heights	40.7845	-73.6403
NY	Rotterdam Junction	42.8730	-74.0469
NY	Round Lake	42.9260	-73.7701
NY	Round Top	42.2678	-74.0523
NY	Rouses Point	44.9884	-73.3691
NY	Roxbury	42.3117	-74.5405
NY	Ruby	42.0181	-74.0153
NY	Rush	42.9989	-77.6654
NY	Rushford	42.4172	-78.1867
NY	Rushville	42.7597	-77.2395
NY	Russell	44.3807	-75.1138
NY	Rye	40.9734	-73.6907
NY	Sabael	43.7283	-74.3061
NY	Sackets Harbor	43.9398	-76.1050
NY	Sag Harbor	40.9820	-72.3067
NY	Sagaponack	40.9253	-72.2786
NY	Saint Albans	40.6981	-73.7586
NY	Saint Bonaventure	42.0861	-78.4769
NY	Saint James	40.8813	-73.1591
NY	Saint Johnsville	43.0170	-74.6460
NY	Saint Regis Falls	44.6773	-74.6603
NY	Salamanca	42.1604	-78.7304
NY	Salem	43.1828	-73.3327
NY	Salisbury Center	43.1625	-74.7809
NY	Salisbury Mills	41.4497	-74.1214
NY	Salt Point	41.8050	-73.8013
NY	Sanborn	43.1419	-78.8785
NY	Sand Lake	42.6379	-73.4989
NY	Sandusky	42.4958	-78.3847
NY	Sandy Creek	43.6517	-76.1264
NY	Sangerfield	42.9139	-75.3794
NY	Saranac	44.7032	-73.7481
NY	Saranac Lake	44.3243	-74.1330
NY	Saratoga Springs	43.0801	-73.7806
NY	Sardinia	42.5330	-78.5064
NY	Saugerties	42.0738	-73.9797
NY	Sauquoit	43.0073	-75.2626
NY	Savannah	43.0934	-76.7565
NY	Savona	42.3041	-77.2083
NY	Sayville	40.7461	-73.0823
NY	Scarsdale	40.9884	-73.7976
NY	Schaghticoke	42.9144	-73.6154
NY	Schenectady	42.8155	-73.9395
NY	Schenevus	42.5900	-74.8149
NY	Schodack Landing	42.4816	-73.7480
NY	Schoharie	42.6615	-74.3047
NY	Schroon Lake	43.8412	-73.7674
NY	Schuyler Falls	44.5882	-73.6895
NY	Schuyler Lake	42.7803	-75.0283
NY	Schuylerville	43.0878	-73.6007
NY	Scio	42.1697	-77.9900
NY	Scipio Center	42.7785	-76.5742
NY	Scottsburg	42.6589	-77.6826
NY	Scottsville	43.0246	-77.7743
NY	Sea Cliff	40.8460	-73.6436
NY	Seaford	40.6795	-73.4910
NY	Selden	40.8699	-73.0448
NY	Selkirk	42.5486	-73.8129
NY	Seneca Castle	42.8869	-77.0964
NY	Seneca Falls	42.9094	-76.7925
NY	Severance	43.8769	-73.7301
NY	Shandaken	42.1084	-74.4091
NY	Sharon Springs	42.7634	-74.5919
NY	Shelter Island	41.0640	-72.3366
NY	Shelter Island Heights	41.0742	-72.3481
NY	Shenorock	41.3317	-73.7386
NY	Sherburne	42.6859	-75.4830
NY	Sheridan	42.4883	-79.2375
NY	Sherman	42.1631	-79.5857
NY	Sherrill	43.0704	-75.5990
NY	Shinhopple	42.0386	-75.0681
NY	Shirley	40.7439	-72.8760
NY	Shokan	41.9767	-74.2119
NY	Shoreham	40.9485	-72.8927
NY	Shortsville	42.9690	-77.2273
NY	Shrub Oak	41.3286	-73.8273
NY	Shushan	43.1106	-73.3231
NY	Sidney	42.3074	-75.3908
NY	Sidney Center	42.2441	-75.2871
NY	Silver Bay	43.6978	-73.5071
NY	Silver Creek	42.5357	-79.1628
NY	Silver Lake	42.7017	-78.0222
NY	Silver Springs	42.6694	-78.0930
NY	Sinclairville	42.2455	-79.2673
NY	Skaneateles	42.9258	-76.4052
NY	Skaneateles Falls	42.9931	-76.4564
NY	Slate Hill	41.3760	-74.4847
NY	Slaterville Springs	42.4011	-76.3157
NY	Slingerlands	42.6485	-73.8711
NY	Sloansville	42.7599	-74.3642
NY	Sloatsburg	41.1605	-74.1881
NY	Smallwood	41.6653	-74.8197
NY	Smithboro	42.0339	-76.4006
NY	Smithtown	40.8542	-73.2138
NY	Smithville Flats	42.3989	-75.8237
NY	Smyrna	42.6896	-75.6121
NY	Sodus	43.2217	-77.0514
NY	Sodus Point	43.2651	-76.9883
NY	Solsville	42.9106	-75.5181
NY	Somers	41.3346	-73.6951
NY	Sonyea	42.6789	-77.8275
NY	Sound Beach	40.9567	-72.9742
NY	South Bethlehem	42.5317	-73.8478
NY	South Butler	43.1314	-76.7661
NY	South Byron	43.0483	-78.0658
NY	South Cairo	42.2734	-73.9640
NY	South Colton	44.5041	-74.8607
NY	South Dayton	42.3718	-79.0501
NY	South Fallsburg	41.7042	-74.6444
NY	South Glens Falls	43.2839	-73.6379
NY	South Jamesport	40.9364	-72.5778
NY	South Kortright	42.3770	-74.7259
NY	South Lima	42.8553	-77.6756
NY	South New Berlin	42.5306	-75.3525
NY	South Otselic	42.6626	-75.7669
NY	South Ozone Park	40.6754	-73.8158
NY	South Plymouth	42.6053	-75.6330
NY	South Richmond Hill	40.6881	-73.8239
NY	South Salem	41.2553	-73.5402
NY	South Wales	42.7063	-78.5452
NY	Southampton	40.9043	-72.4103
NY	Southfields	41.2480	-74.1762
NY	Southold	41.0555	-72.4290
NY	Sparkill	41.0256	-73.9229
NY	Sparrow Bush	41.4359	-74.7236
NY	Speculator	43.5042	-74.3667
NY	Spencer	42.2467	-76.4899
NY	Spencerport	43.1895	-77.8043
NY	Spencertown	42.3091	-73.5008
NY	Speonk	40.8194	-72.7058
NY	Sprakers	42.8484	-74.4536
NY	Spring Brook	42.8181	-78.6758
NY	Spring Glen	41.6656	-74.4303
NY	Spring Valley	41.1180	-74.0463
NY	Springfield Center	42.8501	-74.9381
NY	Springfield Gardens	40.6730	-73.7507
NY	Springville	42.5200	-78.6847
NY	Springwater	42.6776	-77.5775
NY	Staatsburg	41.8502	-73.8988
NY	Stafford	42.9829	-78.0898
NY	Stamford	42.4174	-74.6098
NY	Stanfordville	41.8877	-73.6945
NY	Stanley	42.8303	-77.1207
NY	Star Lake	44.1578	-75.0330
NY	Staten Island	40.6316	-74.0927
NY	Steamburg	42.1081	-78.9044
NY	Stella Niagara	43.2019	-79.0425
NY	Stephentown	42.5233	-73.4224
NY	Sterling	43.3296	-76.6747
NY	Sterling Forest	41.1825	-74.3192
NY	Stillwater	42.9057	-73.6972
NY	Stittville	43.2229	-75.2899
NY	Stockton	42.3182	-79.3758
NY	Stone Ridge	41.8616	-74.1697
NY	Stony Brook	40.9003	-73.1251
NY	Stony Creek	43.4214	-73.9495
NY	Stony Point	41.2292	-73.9962
NY	Stormville	41.5512	-73.7255
NY	Stottville	42.2861	-73.7392
NY	Stow	42.1567	-79.4017
NY	Stratford	43.1791	-74.6768
NY	Strykersville	42.7249	-78.4347
NY	Stuyvesant	42.3596	-73.7613
NY	Stuyvesant Falls	42.3553	-73.7314
NY	Suffern	41.1177	-74.1241
NY	Sugar Loaf	41.3208	-74.2858
NY	Summit	42.5871	-74.5750
NY	Summitville	41.6214	-74.4511
NY	Sunnyside	40.7436	-73.9216
NY	Surprise	42.3612	-73.9515
NY	Swain	42.4773	-77.8890
NY	Swan Lake	41.7285	-74.8341
NY	Sylvan Beach	43.1964	-75.7308
NY	Syosset	40.8261	-73.5025
NY	Syracuse	43.0459	-76.1528
NY	Taberg	43.3366	-75.6027
NY	Tallman	41.1111	-74.1003
NY	Tannersville	42.2032	-74.1014
NY	Tappan	41.0278	-73.9491
NY	Tarrytown	41.0781	-73.8593
NY	Thendara	43.7000	-75.0022
NY	Theresa	44.2113	-75.8014
NY	Thiells	41.2078	-74.0154
NY	Thompson Ridge	41.5810	-74.3774
NY	Thompsonville	41.6681	-74.6256
NY	Thornwood	41.1182	-73.7733
NY	Thousand Island Park	44.2869	-76.0281
NY	Three Mile Bay	44.0551	-76.2689
NY	Ticonderoga	43.8463	-73.4426
NY	Tillson	41.8163	-74.0722
NY	Tioga Center	42.0561	-76.3483
NY	Tivoli	42.0579	-73.9025
NY	Tomkins Cove	41.2598	-73.9892
NY	Tonawanda	43.0028	-78.8547
NY	Treadwell	42.3630	-75.0588
NY	Tribes Hill	42.9553	-74.2856
NY	Troupsburg	42.0501	-77.5502
NY	Trout Creek	42.2036	-75.2797
NY	Troy	42.7438	-73.6937
NY	Trumansburg	42.5210	-76.6681
NY	Truxton	42.7085	-76.0189
NY	Tuckahoe	40.9569	-73.8198
NY	Tully	42.8070	-76.1394
NY	Tunnel	42.2161	-75.7269
NY	Tupper Lake	44.2285	-74.4632
NY	Turin	43.6441	-75.4132
NY	Tuxedo Park	41.1925	-74.2159
NY	Tyrone	42.4081	-77.0586
NY	Ulster Park	41.8651	-73.9948
NY	Unadilla	42.3252	-75.3366
NY	Union Hill	43.2228	-77.3719
NY	Union Springs	42.8335	-76.6740
NY	Uniondale	40.7020	-73.5920
NY	Unionville	41.3019	-74.5619
NY	Upper Jay	44.3256	-73.8079
NY	Upton	40.8694	-72.8872
NY	Utica	43.0871	-75.2315
NY	Vails Gate	41.4542	-74.0581
NY	Valatie	42.4321	-73.6683
NY	Valhalla	41.0856	-73.7776
NY	Valley Cottage	41.1183	-73.9430
NY	Valley Falls	42.8855	-73.5437
NY	Valley Stream	40.6742	-73.7057
NY	Van Buren Point	42.4794	-79.3342
NY	Van Etten	42.2085	-76.5717
NY	Van Hornesville	42.8948	-74.8347
NY	Varysburg	42.7459	-78.3167
NY	Verbank	41.7227	-73.7184
NY	Vermontville	44.4601	-74.0573
NY	Vernon	43.0945	-75.5627
NY	Vernon Center	43.0443	-75.5210
NY	Verona	43.1473	-75.5724
NY	Verona Beach	43.1908	-75.7294
NY	Verplanck	41.2528	-73.9603
NY	Versailles	42.5189	-78.9961
NY	Vestal	42.0771	-76.0118
NY	Victor	42.9866	-77.4180
NY	Victory Mills	43.0878	-73.5944
NY	Voorheesville	42.6431	-73.9448
NY	Waccabuc	41.3032	-73.6032
NY	Waddington	44.8564	-75.2049
NY	Wading River	40.9520	-72.8348
NY	Wainscott	40.9367	-72.2433
NY	Walden	41.5596	-74.1764
NY	Wales Center	42.7683	-78.5303
NY	Walker Valley	41.6289	-74.3717
NY	Wallkill	41.6160	-74.1439
NY	Walton	42.1756	-75.1532
NY	Walworth	43.1402	-77.2858
NY	Wampsville	43.0753	-75.7072
NY	Wanakena	44.2184	-75.0908
NY	Wantagh	40.6850	-73.5103
NY	Wappingers Falls	41.5922	-73.8906
NY	Warners	43.0932	-76.2904
NY	Warnerville	42.6388	-74.4870
NY	Warrensburg	43.5003	-73.7920
NY	Warsaw	42.7410	-78.1429
NY	Warwick	41.2656	-74.3604
NY	Washington Mills	43.0500	-75.2733
NY	Washingtonville	41.4237	-74.1601
NY	Wassaic	41.7759	-73.5544
NY	Water Mill	40.9209	-72.3491
NY	Waterford	42.8100	-73.6995
NY	Waterloo	42.9045	-76.8755
NY	Waterport	43.3326	-78.2430
NY	Watertown	43.9743	-75.9122
NY	Waterville	42.9332	-75.3815
NY	Watervliet	42.7298	-73.7123
NY	Watkins Glen	42.3771	-76.9022
NY	Waverly	42.0172	-76.5333
NY	Wawarsing	41.7589	-74.3578
NY	Wayland	42.5593	-77.5906
NY	Wayne	42.4703	-77.1056
NY	Webster	43.2196	-77.4616
NY	Weedsport	43.0489	-76.5425
NY	Wellesley Island	44.2875	-76.0125
NY	Wells	43.4012	-74.2886
NY	Wells Bridge	42.3580	-75.2566
NY	Wellsburg	42.0273	-76.7723
NY	Wellsville	42.1108	-77.9419
NY	West Babylon	40.7135	-73.3546
NY	West Bloomfield	42.9058	-77.5394
NY	West Burlington	42.7062	-75.1906
NY	West Camp	42.1231	-73.9353
NY	West Chazy	44.7970	-73.5112
NY	West Clarksville	42.1281	-78.2433
NY	West Copake	42.0958	-73.5828
NY	West Coxsackie	42.4151	-73.8170
NY	West Davenport	42.4458	-74.9636
NY	West Eaton	42.8544	-75.6564
NY	West Edmeston	42.7945	-75.3037
NY	West Falls	42.7053	-78.6779
NY	West Fulton	42.5506	-74.4631
NY	West Harrison	41.0433	-73.7507
NY	West Haverstraw	41.2090	-73.9821
NY	West Hempstead	40.6929	-73.6539
NY	West Henrietta	43.0397	-77.6871
NY	West Hurley	41.9908	-74.1152
NY	West Islip	40.7117	-73.3007
NY	West Kill	42.2046	-74.3620
NY	West Lebanon	42.4861	-73.4667
NY	West Leyden	43.4597	-75.5127
NY	West Monroe	43.2882	-76.0797
NY	West Nyack	41.0973	-73.9768
NY	West Oneonta	42.4539	-75.0957
NY	West Park	41.7944	-73.9600
NY	West Point	41.3945	-73.9737
NY	West Sand Lake	42.6380	-73.6109
NY	West Sayville	40.7320	-73.1000
NY	West Shokan	41.9555	-74.2851
NY	West Stockholm	44.7290	-74.8919
NY	West Valley	42.4315	-78.6280
NY	West Winfield	42.8826	-75.1835
NY	Westbrookville	41.3750	-74.6931
NY	Westbury	40.7557	-73.5723
NY	Westdale	43.4117	-75.8226
NY	Westerlo	42.5156	-74.0394
NY	Westernville	43.3294	-75.3151
NY	Westfield	42.3220	-79.5726
NY	Westford	42.5035	-75.1004
NY	Westhampton	40.8180	-72.6699
NY	Westhampton Beach	40.8228	-72.6448
NY	Westmoreland	43.1017	-75.4533
NY	Westons Mills	42.0622	-78.3775
NY	Westport	44.2050	-73.4702
NY	Westtown	41.3214	-74.5529
NY	Wevertown	43.6413	-73.9309
NY	Whippleville	44.8097	-74.2622
NY	White Lake	41.6485	-74.8654
NY	White Plains	41.0330	-73.7652
NY	White Sulphur Springs	41.7900	-74.8281
NY	Whitehall	43.5531	-73.3864
NY	Whitesboro	43.1158	-75.3095
NY	Whitestone	40.7851	-73.8096
NY	Whitesville	42.0456	-77.8106
NY	Whitney Point	42.3384	-75.9522
NY	Willard	42.6822	-76.8689
NY	Willet	42.4520	-75.9014
NY	Williamson	43.2421	-77.1700
NY	Williamstown	43.4106	-75.9044
NY	Williston Park	40.7592	-73.6449
NY	Willow	42.0923	-74.2025
NY	Willsboro	44.3604	-73.3963
NY	Willseyville	42.3029	-76.3897
NY	Wilmington	44.3880	-73.8166
NY	Wilson	43.2968	-78.8244
NY	Windham	42.3175	-74.2620
NY	Windsor	42.0745	-75.6728
NY	Wingdale	41.6538	-73.5556
NY	Winthrop	44.7583	-74.8066
NY	Witherbee	44.0875	-73.5333
NY	Wolcott	43.2341	-76.8217
NY	Woodbourne	41.7708	-74.5928
NY	Woodbury	40.8154	-73.4716
NY	Woodgate	43.5488	-75.1191
NY	Woodhaven	40.6913	-73.8585
NY	Woodhull	42.0736	-77.4203
NY	Woodmere	40.6326	-73.7141
NY	Woodridge	41.7170	-74.5815
NY	Woodside	40.7450	-73.9069
NY	Woodstock	42.0348	-74.1120
NY	Worcester	42.6049	-74.7299
NY	Wurtsboro	41.5877	-74.5039
NY	Wyandanch	40.7533	-73.3660
NY	Wynantskill	42.6878	-73.6383
NY	Wyoming	42.8317	-78.0833
NY	Yaphank	40.8370	-72.9174
NY	Yonkers	40.9407	-73.8883
NY	York	42.8711	-77.8856
NY	Yorkshire	42.5300	-78.4731
NY	Yorktown Heights	41.2999	-73.7924
NY	Yorkville	43.1116	-75.2756
NY	Youngstown	43.2461	-79.0245
NY	Youngsville	41.8032	-74.8888
NY	Yulan	41.5384	-74.9262
OH	Aberdeen	38.6709	-83.7637
OH	Ada	40.7709	-83.8154
OH	Adamsville	40.0793	-81.8718
OH	Addyston	39.1374	-84.7096
OH	Adelphi	39.4667	-82.7472
OH	Adena	40.2126	-80.8815
OH	Akron	41.0449	-81.5200
OH	Albany	39.2097	-82.2177
OH	Alexandria	40.1060	-82.6077
OH	Alger	40.7060	-83.8250
OH	Alledonia	39.9053	-80.9578
OH	Alliance	40.9158	-81.1182
OH	Alpha	39.7117	-84.0233
OH	Alvada	41.0463	-83.3770
OH	Alvordton	41.6625	-84.4355
OH	Amanda	39.6251	-82.7552
OH	Amelia	39.0211	-84.2112
OH	Amesville	39.4086	-81.9650
OH	Amherst	41.3905	-82.2282
OH	Amlin	40.0720	-83.1792
OH	Amsterdam	40.4731	-80.9596
OH	Andover	41.6225	-80.5754
OH	Anna	40.4051	-84.2103
OH	Ansonia	40.2151	-84.6406
OH	Antwerp	41.1887	-84.7448
OH	Apple Creek	40.7551	-81.8093
OH	Arcadia	41.1116	-83.5019
OH	Arcanum	39.9884	-84.5370
OH	Archbold	41.5333	-84.3048
OH	Arlington	40.8761	-83.6685
OH	Ashland	40.8559	-82.3189
OH	Ashley	40.4163	-82.9542
OH	Ashtabula	41.8679	-80.7947
OH	Ashville	39.7316	-82.9446
OH	Athens	39.3178	-82.1020
OH	Attica	41.0778	-82.8897
OH	Atwater	41.0335	-81.1985
OH	Augusta	40.6858	-81.0211
OH	Aurora	41.3209	-81.3604
OH	Austinburg	41.7554	-80.8584
OH	Ava	39.8317	-81.5750
OH	Avon	41.4467	-82.0204
OH	Avon Lake	41.5019	-82.0111
OH	Bainbridge	39.2131	-83.2763
OH	Bakersville	40.3556	-81.6458
OH	Baltic	40.4476	-81.6792
OH	Baltimore	39.8645	-82.6240
OH	Bannock	40.0986	-80.9772
OH	Barberton	41.0186	-81.6153
OH	Barlow	39.3986	-81.6650
OH	Barnesville	39.9812	-81.1713
OH	Bartlett	39.4194	-81.8158
OH	Barton	40.1072	-80.8414
OH	Bascom	41.1328	-83.2853
OH	Batavia	39.0957	-84.1451
OH	Bath	41.1889	-81.6364
OH	Bay Village	41.4841	-81.9289
OH	Beach City	40.6562	-81.5851
OH	Beachwood	41.4701	-81.5232
OH	Beallsville	39.8726	-81.0144
OH	Beaver	39.0238	-82.8475
OH	Beaverdam	40.8333	-83.9767
OH	Bedford	41.3921	-81.5232
OH	Bellaire	40.0204	-80.7638
OH	Bellbrook	39.6402	-84.0824
OH	Belle Center	40.5024	-83.7688
OH	Belle Valley	39.7906	-81.5564
OH	Bellefontaine	40.3605	-83.7571
OH	Bellevue	41.2684	-82.8577
OH	Bellville	40.6136	-82.5175
OH	Belmont	40.0320	-81.0066
OH	Belmore	41.0983	-83.9847
OH	Beloit	40.8957	-80.9897
OH	Belpre	39.2868	-81.5968
OH	Benton Ridge	41.0047	-83.7942
OH	Bentonville	38.7494	-83.6133
OH	Berea	41.3676	-81.8618
OH	Bergholz	40.4777	-80.8862
OH	Berkey	41.6989	-83.8310
OH	Berlin	40.5611	-81.7944
OH	Berlin Center	41.0243	-80.9341
OH	Berlin Heights	41.3205	-82.4777
OH	Bethel	38.9424	-84.0919
OH	Bethesda	40.0192	-81.0767
OH	Bettsville	41.2464	-83.2358
OH	Beverly	39.5714	-81.6346
OH	Bidwell	38.9276	-82.2701
OH	Big Prairie	40.6188	-82.0720
OH	Birmingham	41.3300	-82.3608
OH	Blacklick	40.0210	-82.8079
OH	Bladensburg	40.2844	-82.2842
OH	Blaine	40.0678	-80.8175
OH	Blakeslee	41.5242	-84.7303
OH	Blanchester	39.3034	-83.9740
OH	Blissfield	40.3997	-81.9656
OH	Bloomdale	41.1815	-83.5724
OH	Bloomingburg	39.6286	-83.4095
OH	Bloomingdale	40.3742	-80.8072
OH	Bloomville	41.0182	-82.9899
OH	Blue Creek	38.7565	-83.3527
OH	Blue Rock	39.8000	-81.8910
OH	Bluffton	40.8790	-83.8914
OH	Bolivar	40.6347	-81.4464
OH	Botkins	40.4659	-84.1780
OH	Bourneville	39.2819	-83.1567
OH	Bowerston	40.4371	-81.1862
OH	Bowersville	39.5806	-83.7250
OH	Bowling Green	41.3815	-83.6507
OH	Bradford	40.1286	-84.4293
OH	Bradner	41.3298	-83.4456
OH	Brady Lake	41.1594	-81.3172
OH	Brecksville	41.3166	-81.6261
OH	Brewster	40.7144	-81.5988
OH	Brice	39.9181	-82.8322
OH	Bridgeport	40.0752	-80.7747
OH	Brilliant	40.2683	-80.6319
OH	Brinkhaven	40.4583	-82.1553
OH	Bristolville	41.3797	-80.8568
OH	Broadview Heights	41.3291	-81.6809
OH	Broadway	40.3411	-83.4122
OH	Brook Park	41.3979	-81.8118
OH	Brookfield	41.2480	-80.5788
OH	Brookville	39.8414	-84.4165
OH	Brownsville	39.9469	-82.2567
OH	Brunswick	41.2471	-81.8280
OH	Bryan	41.4748	-84.5629
OH	Buchtel	39.4619	-82.1819
OH	Buckeye Lake	39.9336	-82.4725
OH	Buckland	40.6228	-84.2600
OH	Bucyrus	40.8103	-82.9698
OH	Buffalo	39.9158	-81.5203
OH	Buford	39.0767	-83.8442
OH	Burbank	40.9637	-81.9958
OH	Burghill	41.3347	-80.5441
OH	Burgoon	41.2680	-83.2475
OH	Burkettsville	40.3519	-84.6422
OH	Burton	41.4527	-81.1526
OH	Butler	40.5438	-82.3990
OH	Byesville	39.9623	-81.5485
OH	Cable	40.1784	-83.6470
OH	Cadiz	40.2645	-80.9962
OH	Cairo	40.8319	-84.0861
OH	Caldwell	39.7467	-81.5153
OH	Caledonia	40.6272	-82.9925
OH	Cambridge	40.0305	-81.5913
OH	Camden	39.6134	-84.6100
OH	Cameron	39.7669	-80.9450
OH	Camp Dennison	39.1962	-84.2897
OH	Campbell	41.0778	-80.5897
OH	Canal Fulton	40.8887	-81.5773
OH	Canal Winchester	39.8349	-82.8044
OH	Canfield	41.0293	-80.7564
OH	Canton	40.8270	-81.3853
OH	Carbon Hill	39.5017	-82.2447
OH	Carbondale	39.3778	-82.2711
OH	Cardington	40.5066	-82.9337
OH	Carey	40.9486	-83.3836
OH	Carroll	39.7957	-82.7084
OH	Carrollton	40.5787	-81.0818
OH	Casstown	40.0716	-84.1088
OH	Castalia	41.3872	-82.7994
OH	Catawba	39.9992	-83.6217
OH	Cecil	41.2174	-84.6296
OH	Cedarville	39.7484	-83.8013
OH	Celina	40.5461	-84.5701
OH	Centerburg	40.2865	-82.6800
OH	Chagrin Falls	41.4186	-81.3614
OH	Chandlersville	39.8897	-81.8301
OH	Chardon	41.5719	-81.2056
OH	Charm	40.5067	-81.7850
OH	Chatfield	40.9566	-83.0214
OH	Chauncey	39.3978	-82.1294
OH	Cherry Fork	38.8875	-83.6144
OH	Chesapeake	38.4551	-82.4504
OH	Cheshire	38.9587	-82.1235
OH	Chester	39.0875	-81.9228
OH	Chesterhill	39.4953	-81.8773
OH	Chesterland	41.5344	-81.3421
OH	Chesterville	40.4800	-82.6836
OH	Chickasaw	40.4369	-84.4933
OH	Chillicothe	39.3380	-82.9895
OH	Chilo	38.7931	-84.1408
OH	Chippewa Lake	41.0672	-81.9092
OH	Christiansburg	40.0553	-84.0261
OH	Cincinnati	39.0913	-84.2774
OH	Circleville	39.5988	-82.9300
OH	Clarington	39.7819	-80.9113
OH	Clarksburg	39.4904	-83.1563
OH	Clarksville	39.4042	-83.9594
OH	Clay Center	41.5633	-83.3619
OH	Clayton	39.8551	-84.3399
OH	Cleveland	41.4918	-81.6757
OH	Cleves	39.1937	-84.7340
OH	Clifton	39.7969	-83.8258
OH	Clinton	40.9391	-81.5871
OH	Cloverdale	41.0379	-84.2938
OH	Clyde	41.3024	-82.9918
OH	Coal Run	39.5675	-81.5814
OH	Coalton	39.1136	-82.6114
OH	Coldwater	40.4846	-84.6517
OH	Colerain	40.1258	-80.8089
OH	College Corner	39.5755	-84.8050
OH	Collins	41.2450	-82.4904
OH	Collinsville	39.5153	-84.6094
OH	Colton	41.4647	-83.9525
OH	Columbia Station	41.3187	-81.9344
OH	Columbiana	40.8853	-80.6975
OH	Columbus	40.1444	-82.9789
OH	Columbus Grove	40.9137	-84.0705
OH	Commercial Point	39.7683	-83.0572
OH	Conesville	40.1804	-81.8951
OH	Conneaut	41.9345	-80.5803
OH	Conover	40.1457	-84.0283
OH	Continental	41.1148	-84.2358
OH	Convoy	40.9270	-84.7238
OH	Coolville	39.2141	-81.8329
OH	Corning	39.6349	-82.0977
OH	Cortland	41.3251	-80.7327
OH	Coshocton	40.2754	-81.8660
OH	Covington	40.1176	-84.3496
OH	Creola	39.3497	-82.4938
OH	Crestline	40.7927	-82.7367
OH	Creston	40.9788	-81.9211
OH	Crooksville	39.7623	-82.0840
OH	Croton	40.2376	-82.6989
OH	Crown City	38.6135	-82.2657
OH	Cuba	39.3611	-83.8639
OH	Cumberland	39.8741	-81.6259
OH	Curtice	41.6477	-83.2858
OH	Custar	41.2953	-83.8349
OH	Cutler	39.4042	-81.7657
OH	Cuyahoga Falls	41.1401	-81.4790
OH	Cygnet	41.2470	-83.6142
OH	Cynthiana	39.1736	-83.3486
OH	Dalton	40.7793	-81.7008
OH	Damascus	40.9019	-80.9553
OH	Danville	40.4557	-82.2639
OH	Dayton	39.7654	-84.0998
OH	De Graff	40.3058	-83.9153
OH	Decatur	38.8156	-83.7039
OH	Deerfield	41.0359	-81.0528
OH	Deersville	40.3075	-81.1867
OH	Defiance	41.2799	-84.3626
OH	Delaware	40.2932	-83.0723
OH	Dellroy	40.5861	-81.1986
OH	Delphos	40.8336	-84.3247
OH	Delta	41.5577	-83.9866
OH	Dennison	40.4089	-81.3203
OH	Derby	39.7686	-83.2058
OH	Derwent	39.9231	-81.5444
OH	Deshler	41.2239	-83.8964
OH	Dexter City	39.6526	-81.4672
OH	Diamond	41.0935	-81.0425
OH	Dillonvale	40.2121	-80.8028
OH	Dola	40.7876	-83.6894
OH	Donnelsville	39.9183	-83.9486
OH	Dorset	41.6590	-80.6683
OH	Dover	40.5343	-81.4763
OH	Doylestown	40.9650	-81.6848
OH	Dresden	40.1129	-82.0188
OH	Dublin	40.0992	-83.1142
OH	Dunbridge	41.4581	-83.6103
OH	Duncan Falls	39.8778	-81.9117
OH	Dundee	40.6394	-81.6765
OH	Dunkirk	40.7824	-83.6339
OH	Dupont	41.1003	-84.2664
OH	East Canton	40.7850	-81.2783
OH	East Claridon	41.5325	-81.1158
OH	East Fultonham	39.8500	-82.1222
OH	East Liberty	40.3077	-83.5862
OH	East Liverpool	40.6459	-80.5787
OH	East Palestine	40.8406	-80.5465
OH	East Rochester	40.7563	-81.0175
OH	East Sparta	40.6971	-81.3687
OH	East Springfield	40.4506	-80.8606
OH	Eastlake	41.6498	-81.4479
OH	Eaton	39.7426	-84.6508
OH	Edgerton	41.4425	-84.7349
OH	Edison	40.5905	-82.9023
OH	Edon	41.5842	-84.7570
OH	Eldorado	39.8882	-84.6786
OH	Elgin	40.7425	-84.4758
OH	Elkton	40.7619	-80.6989
OH	Ellsworth	41.0242	-80.8575
OH	Elmore	41.4681	-83.2767
OH	Elyria	41.3724	-82.1051
OH	Empire	40.5075	-80.6242
OH	Englewood	39.8740	-84.3095
OH	Enon	39.8663	-83.9385
OH	Etna	39.9572	-82.6819
OH	Euclid	41.5696	-81.5257
OH	Evansport	41.4261	-84.3964
OH	Fairborn	39.8053	-84.0198
OH	Fairfield	39.3266	-84.5479
OH	Fairlawn	41.1365	-81.5667
OH	Fairpoint	40.1203	-80.9331
OH	Fairview	39.9019	-81.5544
OH	Farmdale	41.3923	-80.6628
OH	Farmer	41.3831	-84.6306
OH	Farmersville	39.6867	-84.4205
OH	Fayette	41.6717	-84.3250
OH	Fayetteville	39.1862	-83.9501
OH	Feesburg	38.8783	-83.9989
OH	Felicity	38.8262	-84.0986
OH	Findlay	41.0442	-83.6500
OH	Flat Rock	41.2358	-82.8603
OH	Fleming	39.3928	-81.6564
OH	Fletcher	40.1526	-84.1330
OH	Flushing	40.1451	-81.0757
OH	Forest	40.7996	-83.5098
OH	Fort Jennings	40.9484	-84.2374
OH	Fort Loramie	40.3306	-84.3741
OH	Fort Recovery	40.4018	-84.7613
OH	Fostoria	41.1623	-83.4139
OH	Fowler	41.3349	-80.6059
OH	Frankfort	39.3910	-83.2034
OH	Franklin	39.5478	-84.3059
OH	Franklin Furnace	38.6282	-82.8145
OH	Frazeysburg	40.1316	-82.1293
OH	Fredericksburg	40.6860	-81.8518
OH	Fredericktown	40.4976	-82.5857
OH	Freeport	40.1925	-81.2770
OH	Fremont	41.3498	-83.1181
OH	Fresno	40.3711	-81.7623
OH	Friendship	38.6978	-83.0939
OH	Fulton	40.4650	-82.8362
OH	Fultonham	39.8556	-82.1417
OH	Galena	40.1915	-82.8959
OH	Galion	40.7303	-82.7939
OH	Gallipolis	38.8148	-82.2290
OH	Galloway	39.9366	-83.1838
OH	Gambier	40.3782	-82.3828
OH	Garrettsville	41.2988	-81.0704
OH	Gates Mills	41.5324	-81.4150
OH	Geneva	41.8029	-80.9474
OH	Genoa	41.5300	-83.3590
OH	Georgetown	38.8717	-83.9092
OH	Germantown	39.6244	-84.3764
OH	Gettysburg	40.1114	-84.4953
OH	Gibsonburg	41.3805	-83.3358
OH	Girard	41.1611	-80.6933
OH	Glandorf	41.0289	-84.0792
OH	Glencoe	40.0081	-80.8878
OH	Glenford	39.8699	-82.3026
OH	Glenmont	40.5217	-82.1505
OH	Glouster	39.4978	-82.0871
OH	Gnadenhutten	40.3721	-81.4059
OH	Gomer	40.8450	-84.1872
OH	Goshen	39.2209	-84.1188
OH	Grafton	41.2854	-82.0431
OH	Grand Rapids	41.4379	-83.8552
OH	Grand River	41.7361	-81.2814
OH	Granville	40.0788	-82.5194
OH	Gratiot	39.9511	-82.2161
OH	Gratis	39.6478	-84.5272
OH	Graysville	39.6594	-81.1892
OH	Graytown	41.5271	-83.2611
OH	Green	40.9458	-81.4833
OH	Green Camp	40.5319	-83.2106
OH	Green Springs	41.2281	-83.0885
OH	Greenfield	39.3478	-83.3898
OH	Greenford	40.9439	-80.7917
OH	Greentown	40.9275	-81.4028
OH	Greenville	40.0987	-84.6342
OH	Greenwich	41.0407	-82.5133
OH	Grelton	41.3417	-83.9997
OH	Grove City	39.8814	-83.0839
OH	Groveport	39.8581	-82.8872
OH	Grover Hill	41.0245	-84.4956
OH	Guysville	39.2944	-81.9268
OH	Gypsum	41.4933	-82.8758
OH	Hallsville	39.4439	-82.8272
OH	Hamden	39.1685	-82.5100
OH	Hamersville	38.9200	-83.9931
OH	Hamilton	39.4059	-84.5221
OH	Hamler	41.2129	-84.0720
OH	Hammondsville	40.5799	-80.7299
OH	Hannibal	39.6672	-80.8722
OH	Hanoverton	40.7731	-80.9144
OH	Harbor View	41.6933	-83.4444
OH	Harlem Springs	40.5208	-81.0033
OH	Harpster	40.7475	-83.2343
OH	Harrisburg	39.8094	-83.1711
OH	Harrison	39.2592	-84.7837
OH	Harrisville	40.1814	-80.8878
OH	Harrod	40.7177	-83.9436
OH	Hartford	41.3114	-80.5686
OH	Hartville	40.9618	-81.3239
OH	Harveysburg	39.5036	-84.0106
OH	Haskins	41.4652	-83.7059
OH	Haverhill	38.5847	-82.8322
OH	Haviland	41.0329	-84.6139
OH	Haydenville	39.4819	-82.3283
OH	Hayesville	40.7731	-82.2625
OH	Heath	40.0197	-82.3875
OH	Hebron	39.9535	-82.4919
OH	Helena	41.3180	-83.3232
OH	Hicksville	41.3034	-84.7589
OH	Hideaway Hls	39.6988	-82.4255
OH	Higginsport	38.7897	-83.9675
OH	Highland	39.3444	-83.5975
OH	Hilliard	40.0322	-83.1383
OH	Hillsboro	39.1679	-83.6064
OH	Hinckley	41.2419	-81.7453
OH	Hiram	41.3323	-81.1464
OH	Hockingport	39.1881	-81.7519
OH	Holgate	41.2549	-84.1447
OH	Holland	41.6226	-83.7257
OH	Hollansburg	39.9899	-84.7901
OH	Holloway	40.1622	-81.1328
OH	Holmesville	40.6330	-81.9275
OH	Homer	40.2528	-82.5178
OH	Homerville	41.0267	-82.1250
OH	Homeworth	40.8592	-81.0655
OH	Hooven	39.1781	-84.7592
OH	Hopedale	40.3496	-80.9021
OH	Hopewell	39.9601	-82.1756
OH	Houston	40.2535	-84.3521
OH	Howard	40.4158	-82.3334
OH	Hoytville	41.1900	-83.7847
OH	Hubbard	41.1624	-80.5762
OH	Hudson	41.2458	-81.4367
OH	Huntsburg	41.5306	-81.0572
OH	Huntsville	40.4413	-83.7927
OH	Huron	41.3907	-82.5555
OH	Iberia	40.6703	-82.8436
OH	Independence	41.3809	-81.6642
OH	Irondale	40.5111	-80.7915
OH	Ironton	38.5294	-82.6654
OH	Irwin	40.1284	-83.4587
OH	Isle Saint George	41.7137	-82.8193
OH	Jackson	39.0428	-82.6472
OH	Jackson Center	40.4358	-84.0457
OH	Jacksontown	39.9594	-82.4131
OH	Jacksonville	39.4750	-82.0792
OH	Jacobsburg	39.9563	-80.8822
OH	Jamestown	39.6428	-83.7504
OH	Jasper	39.0500	-83.0567
OH	Jefferson	41.7335	-80.7562
OH	Jeffersonville	39.6590	-83.5687
OH	Jenera	40.9004	-83.7256
OH	Jeromesville	40.8134	-82.1861
OH	Jerry City	41.2539	-83.6044
OH	Jerusalem	39.8488	-81.0921
OH	Jewell	41.3258	-84.2856
OH	Jewett	40.3745	-81.0004
OH	Johnstown	40.1445	-82.6973
OH	Junction City	39.6965	-82.3155
OH	Kalida	40.9828	-84.1994
OH	Kansas	41.2125	-83.3298
OH	Keene	40.3450	-81.8683
OH	Kelleys Island	41.6008	-82.7068
OH	Kensington	40.7142	-80.9381
OH	Kent	41.1449	-81.3498
OH	Kenton	40.6404	-83.6111
OH	Kerr	38.8728	-82.2608
OH	Kettlersville	40.4389	-84.2614
OH	Kidron	40.7408	-81.7450
OH	Kilbourne	40.3300	-82.9575
OH	Killbuck	40.4933	-81.9837
OH	Kimbolton	40.1665	-81.5304
OH	Kings Mills	39.3556	-84.2486
OH	Kingston	39.4414	-82.8488
OH	Kingsville	41.8723	-80.6601
OH	Kinsman	41.4354	-80.5765
OH	Kipling	39.9961	-81.5008
OH	Kipton	41.2681	-82.3022
OH	Kirby	40.8131	-83.4186
OH	Kirkersville	39.9594	-82.5958
OH	Kitts Hill	38.5649	-82.5489
OH	Kunkle	41.6367	-84.4953
OH	La Rue	40.5789	-83.3734
OH	Lacarne	41.5278	-83.0240
OH	Lafayette	40.7592	-83.9483
OH	Lafferty	40.1117	-81.0183
OH	Lagrange	41.2423	-82.1279
OH	Laings	39.7169	-81.0125
OH	Lake Milton	41.1014	-80.9724
OH	Lakemore	41.0208	-81.4361
OH	Lakeside Marblehead	41.5291	-82.7714
OH	Lakeview	40.5030	-83.9081
OH	Lakeville	40.6520	-82.1455
OH	Lakewood	41.4827	-81.7971
OH	Lancaster	39.7187	-82.6031
OH	Langsville	39.0563	-82.2312
OH	Lansing	40.0756	-80.7903
OH	Latham	39.0804	-83.3283
OH	Latty	41.0886	-84.5853
OH	Laura	39.9785	-84.3994
OH	Laurelville	39.4757	-82.7212
OH	Leavittsburg	41.2445	-80.8869
OH	Lebanon	39.4420	-84.2188
OH	Lees Creek	39.4200	-83.6494
OH	Leesburg	39.3458	-83.5481
OH	Leesville	40.4517	-81.2122
OH	Leetonia	40.8631	-80.7585
OH	Leipsic	41.1092	-83.9957
OH	Lemoyne	41.4958	-83.4742
OH	Lewis Center	40.1983	-83.0103
OH	Lewisburg	39.8534	-84.5369
OH	Lewistown	40.4277	-83.9209
OH	Lewisville	39.7684	-81.2316
OH	Liberty Center	41.4514	-83.9859
OH	Lima	40.7641	-84.0973
OH	Limaville	40.9819	-81.1486
OH	Lindsey	41.4147	-83.2135
OH	Lisbon	40.7592	-80.7587
OH	Litchfield	41.1668	-82.0157
OH	Lithopolis	39.8028	-82.8064
OH	Little Hocking	39.2800	-81.7071
OH	Lockbourne	39.8142	-82.9764
OH	Lodi	41.0327	-82.0147
OH	Logan	39.5372	-82.4126
OH	London	39.9001	-83.4439
OH	Londonderry	39.2723	-82.7833
OH	Long Bottom	39.0802	-81.8887
OH	Lorain	41.4578	-82.1710
OH	Lore City	40.0459	-81.4479
OH	Loudonville	40.6361	-82.2356
OH	Louisville	40.8477	-81.2595
OH	Loveland	39.2445	-84.2588
OH	Lowell	39.5385	-81.5197
OH	Lowellville	41.0503	-80.5416
OH	Lower Salem	39.5939	-81.3545
OH	Lucas	40.7039	-82.4087
OH	Lucasville	38.8938	-82.9940
OH	Luckey	41.4517	-83.4674
OH	Ludlow Falls	39.9871	-84.3334
OH	Lynchburg	39.2119	-83.8021
OH	Lynx	38.7731	-83.4131
OH	Lyons	41.6905	-84.0624
OH	Macedonia	41.3222	-81.4996
OH	Macksburg	39.6204	-81.4471
OH	Madison	41.8054	-81.0588
OH	Magnetic Springs	40.3580	-83.2671
OH	Magnolia	40.6514	-81.3076
OH	Maineville	39.3139	-84.2526
OH	Malaga	39.8547	-81.1494
OH	Malinta	41.3084	-84.0457
OH	Malta	39.6482	-81.9127
OH	Malvern	40.6845	-81.1838
OH	Manchester	38.6982	-83.6181
OH	Mansfield	40.7633	-82.5138
OH	Mantua	41.2941	-81.2283
OH	Maple Heights	41.4105	-81.5603
OH	Maplewood	40.3437	-84.0767
OH	Marathon	39.1447	-84.0064
OH	Marengo	40.3895	-82.8121
OH	Maria Stein	40.4062	-84.5076
OH	Marietta	39.4281	-81.4644
OH	Marion	40.5886	-83.1286
OH	Mark Center	41.2917	-84.6278
OH	Marshallville	40.9067	-81.7225
OH	Martel	40.6708	-82.9059
OH	Martin	41.5962	-83.3455
OH	Martins Ferry	40.1036	-80.7361
OH	Martinsburg	40.2680	-82.3567
OH	Martinsville	39.3127	-83.8005
OH	Marysville	40.2477	-83.3622
OH	Mason	39.3357	-84.3149
OH	Massillon	40.8116	-81.4973
OH	Masury	41.2255	-80.5326
OH	Maumee	41.5817	-83.6628
OH	Maximo	40.8764	-81.1722
OH	Maynard	40.1233	-80.8794
OH	Mc Arthur	39.2553	-82.4907
OH	Mc Clure	41.3773	-83.9425
OH	Mc Comb	41.1125	-83.8014
OH	Mc Cutchenville	40.9752	-83.2637
OH	Mc Dermott	38.8362	-83.0689
OH	Mc Donald	41.1580	-80.7312
OH	Mc Guffey	40.6936	-83.7878
OH	Mcconnelsville	39.6700	-81.8376
OH	Mechanicsburg	40.0647	-83.5724
OH	Mechanicstown	40.6263	-80.9560
OH	Medina	41.1404	-81.8584
OH	Medway	39.8798	-84.0268
OH	Melmore	41.0390	-83.1432
OH	Melrose	41.0922	-84.4197
OH	Mendon	40.6777	-84.5152
OH	Mentor	41.6895	-81.3421
OH	Mesopotamia	41.4583	-80.9553
OH	Metamora	41.6952	-83.9260
OH	Miamisburg	39.6321	-84.2675
OH	Miamitown	39.2158	-84.7042
OH	Miamiville	39.2125	-84.2994
OH	Middle Bass	41.6789	-82.8122
OH	Middle Point	40.8731	-84.4175
OH	Middlebranch	40.8900	-81.3289
OH	Middleburg	40.2925	-83.5825
OH	Middlefield	41.4455	-81.0373
OH	Middleport	38.9993	-82.0600
OH	Middletown	39.5321	-84.3896
OH	Midland	39.2917	-83.8931
OH	Midvale	40.4378	-81.3733
OH	Milan	41.3111	-82.6126
OH	Milford	39.1800	-84.2438
OH	Milford Center	40.1817	-83.4373
OH	Millbury	41.5611	-83.4381
OH	Milledgeville	39.5928	-83.5875
OH	Miller City	41.1028	-84.1314
OH	Millersburg	40.5567	-81.8324
OH	Millersport	39.8993	-82.5283
OH	Millfield	39.4077	-82.1113
OH	Milton Center	41.3025	-83.8289
OH	Mineral City	40.6257	-81.3546
OH	Mineral Ridge	41.1318	-80.7553
OH	Minerva	40.7420	-81.1031
OH	Minford	38.8751	-82.8555
OH	Mingo	40.2081	-83.6383
OH	Mingo Junction	40.3203	-80.6250
OH	Minster	40.3910	-84.3729
OH	Mogadore	41.0382	-81.3590
OH	Monclova	41.5684	-83.7757
OH	Monroe	39.4413	-84.3652
OH	Monroeville	41.2181	-82.7023
OH	Montezuma	40.4889	-84.5486
OH	Montpelier	41.5982	-84.6147
OH	Montville	41.6034	-81.0570
OH	Morral	40.6954	-83.2046
OH	Morristown	40.0631	-81.0744
OH	Morrow	39.3476	-84.1181
OH	Moscow	38.8583	-84.1958
OH	Mount Blanchard	40.8929	-83.5553
OH	Mount Cory	40.9437	-83.8093
OH	Mount Eaton	40.6944	-81.7033
OH	Mount Gilead	40.5384	-82.8062
OH	Mount Hope	40.6239	-81.7847
OH	Mount Liberty	40.3467	-82.6303
OH	Mount Orab	39.0454	-83.9480
OH	Mount Perry	39.8788	-82.1880
OH	Mount Pleasant	40.1753	-80.7981
OH	Mount Saint Joseph	39.0983	-84.6483
OH	Mount Sterling	39.7175	-83.2806
OH	Mount Vernon	40.3849	-82.4873
OH	Mount Victory	40.5232	-83.4942
OH	Mowrystown	39.0383	-83.7486
OH	Moxahala	39.6625	-82.1364
OH	Munroe Falls	41.1420	-81.4376
OH	Murray City	39.5114	-82.1636
OH	Nankin	40.9214	-82.2819
OH	Napoleon	41.3910	-84.1433
OH	Nashport	40.0386	-82.0998
OH	Nashville	40.5961	-82.1122
OH	Navarre	40.7204	-81.5338
OH	Neapolis	41.4928	-83.8733
OH	Neffs	40.0272	-80.8153
OH	Negley	40.7746	-80.5645
OH	Nelsonville	39.4556	-82.2309
OH	Nevada	40.8259	-83.1266
OH	Neville	38.8100	-84.2122
OH	New Albany	40.0847	-82.7988
OH	New Athens	40.1847	-80.9958
OH	New Bavaria	41.2086	-84.1913
OH	New Bloomington	40.6073	-83.3224
OH	New Bremen	40.4389	-84.3821
OH	New Carlisle	39.9300	-84.0217
OH	New Concord	40.0088	-81.7387
OH	New Hampshire	40.5561	-83.9528
OH	New Haven	41.0317	-82.6817
OH	New Holland	39.5589	-83.2504
OH	New Knoxville	40.5039	-84.3118
OH	New Lebanon	39.7398	-84.3956
OH	New Lexington	39.7174	-82.2019
OH	New London	41.0906	-82.3966
OH	New Madison	39.9687	-84.7222
OH	New Marshfield	39.3383	-82.2225
OH	New Matamoras	39.5288	-81.0940
OH	New Middletown	40.9646	-80.5534
OH	New Paris	39.8617	-84.7793
OH	New Philadelphia	40.4845	-81.4358
OH	New Plymouth	39.3884	-82.3892
OH	New Richmond	38.9537	-84.2379
OH	New Riegel	41.0361	-83.2418
OH	New Rumley	40.4017	-81.0311
OH	New Springfield	40.9265	-80.5856
OH	New Straitsville	39.5869	-82.2488
OH	New Vienna	39.3321	-83.6882
OH	New Washington	40.9571	-82.8504
OH	New Waterford	40.8489	-80.6209
OH	New Weston	40.3349	-84.6308
OH	Newark	40.0724	-82.4046
OH	Newbury	41.4750	-81.2345
OH	Newcomerstown	40.2739	-81.5940
OH	Newport	39.3971	-81.2402
OH	Newton Falls	41.1910	-80.9701
OH	Newtonsville	39.1819	-84.0864
OH	Ney	41.3781	-84.5269
OH	Niles	41.1824	-80.7558
OH	North Baltimore	41.1867	-83.6806
OH	North Bend	39.1536	-84.7273
OH	North Benton	40.9876	-81.0162
OH	North Bloomfield	41.4569	-80.8068
OH	North Canton	40.8899	-81.4135
OH	North Fairfield	41.1030	-82.5998
OH	North Georgetown	40.8431	-80.9861
OH	North Hampton	39.9900	-83.9400
OH	North Jackson	41.0880	-80.8623
OH	North Kingsville	41.9058	-80.6906
OH	North Lawrence	40.8387	-81.6299
OH	North Lewisburg	40.2229	-83.5615
OH	North Lima	40.9649	-80.6549
OH	North Olmsted	41.4201	-81.9131
OH	North Ridgeville	41.3964	-82.0033
OH	North Robinson	40.7925	-82.8572
OH	North Royalton	41.3232	-81.7457
OH	North Star	40.3247	-84.5706
OH	Northfield	41.3208	-81.5429
OH	Northwood	41.6080	-83.4806
OH	Norwalk	41.2403	-82.6078
OH	Norwich	39.9934	-81.8024
OH	Nova	41.0282	-82.3384
OH	Novelty	41.4763	-81.3342
OH	Oak Harbor	41.5236	-83.1278
OH	Oak Hill	38.8916	-82.5883
OH	Oakwood	41.0908	-84.3969
OH	Oberlin	41.2899	-82.2229
OH	Oceola	40.8447	-83.0939
OH	Ohio City	40.7854	-84.6731
OH	Okeana	39.3537	-84.7761
OH	Okolona	41.3922	-84.1253
OH	Old Fort	41.2400	-83.1500
OH	Old Washington	40.0386	-81.4447
OH	Olmsted Falls	41.3734	-81.9158
OH	Ontario	40.7594	-82.5903
OH	Orangeville	41.3392	-80.5192
OH	Oregon	41.6418	-83.4714
OH	Oregonia	39.4145	-84.0511
OH	Orient	39.7954	-83.1543
OH	Orrville	40.8458	-81.7741
OH	Orwell	41.5335	-80.8397
OH	Osgood	40.3397	-84.4953
OH	Ostrander	40.2740	-83.1978
OH	Ottawa	41.0297	-84.0473
OH	Ottoville	40.9372	-84.3474
OH	Otway	38.8520	-83.2222
OH	Overpeck	39.4508	-84.5144
OH	Owensville	39.1225	-84.1358
OH	Oxford	39.5038	-84.7385
OH	Painesville	41.7140	-81.2437
OH	Palestine	40.0494	-84.7433
OH	Pandora	40.9509	-83.9521
OH	Paris	40.8014	-81.1540
OH	Parkman	41.3706	-81.0653
OH	Pataskala	40.0009	-82.6687
OH	Patriot	38.7770	-82.4275
OH	Paulding	41.1410	-84.5722
OH	Payne	41.0807	-84.7341
OH	Pedro	38.6503	-82.6477
OH	Peebles	38.9869	-83.3687
OH	Pemberton	40.2947	-84.0325
OH	Pemberville	41.4023	-83.4736
OH	Peninsula	41.2256	-81.5400
OH	Perry	41.7679	-81.1433
OH	Perrysburg	41.5429	-83.5927
OH	Perrysville	40.6606	-82.3213
OH	Petersburg	40.9049	-80.5400
OH	Pettisville	41.5306	-84.2297
OH	Phillipsburg	39.9044	-84.4017
OH	Philo	39.8458	-81.9175
OH	Pickerington	39.9061	-82.7563
OH	Piedmont	40.1507	-81.2145
OH	Pierpont	41.7677	-80.5741
OH	Piketon	39.0402	-83.0767
OH	Piney Fork	40.2078	-80.7606
OH	Pioneer	41.6656	-84.5363
OH	Piqua	40.1486	-84.2531
OH	Pitsburg	39.9875	-84.4875
OH	Plain City	40.0974	-83.2690
OH	Plainfield	40.2094	-81.7197
OH	Pleasant City	39.9095	-81.5580
OH	Pleasant Hill	40.0531	-84.3436
OH	Pleasant Plain	39.2884	-84.0967
OH	Pleasantville	39.8227	-82.5043
OH	Plymouth	41.0003	-82.6635
OH	Polk	40.9343	-82.2126
OH	Pomeroy	39.0607	-82.0331
OH	Port Clinton	41.5215	-82.9094
OH	Port Jefferson	40.3286	-84.0944
OH	Port Washington	40.3404	-81.5215
OH	Port William	39.5519	-83.7864
OH	Portage	41.3127	-83.6143
OH	Portland	38.9999	-81.8135
OH	Portsmouth	38.7573	-82.9486
OH	Potsdam	39.9633	-84.4175
OH	Powell	40.1527	-83.0749
OH	Powhatan Point	39.8679	-80.8168
OH	Proctorville	38.4635	-82.3523
OH	Prospect	40.4727	-83.1763
OH	Put In Bay	41.6514	-82.8226
OH	Quaker City	39.9866	-81.2899
OH	Quincy	40.2876	-83.9744
OH	Racine	38.9786	-81.9258
OH	Radnor	40.3918	-83.1781
OH	Randolph	41.0328	-81.2486
OH	Rarden	38.9434	-83.2373
OH	Ravenna	41.1649	-81.2337
OH	Rawson	41.0001	-83.8070
OH	Ray	39.2077	-82.6908
OH	Rayland	40.2083	-80.7125
OH	Raymond	40.2473	-83.3649
OH	Reedsville	39.1490	-81.7924
OH	Reesville	39.4822	-83.6769
OH	Reno	39.3784	-81.3804
OH	Republic	41.1259	-83.0194
OH	Reynoldsburg	39.9551	-82.8035
OH	Richfield	41.2371	-81.6467
OH	Richmond	40.4261	-80.7613
OH	Richmond Dale	39.2039	-82.8149
OH	Richwood	40.4370	-83.3136
OH	Ridgeville Corners	41.4378	-84.2575
OH	Ridgeway	40.5209	-83.5702
OH	Rio Grande	38.8794	-82.3806
OH	Ripley	38.7551	-83.8227
OH	Risingsun	41.2706	-83.4326
OH	Rittman	40.9684	-81.7826
OH	Robertsville	40.7631	-81.1897
OH	Rock Camp	38.5221	-82.5638
OH	Rock Creek	41.6651	-80.8851
OH	Rockbridge	39.5509	-82.5626
OH	Rockford	40.6771	-84.6642
OH	Rocky Ridge	41.5333	-83.2125
OH	Rocky River	41.4694	-81.8512
OH	Rogers	40.7789	-80.6202
OH	Rome	41.6026	-80.8321
OH	Rootstown	41.0995	-81.2026
OH	Roseville	39.8187	-82.0792
OH	Rosewood	40.2189	-83.9608
OH	Ross	39.3122	-84.6506
OH	Rossburg	40.2946	-84.6264
OH	Rossford	41.6049	-83.5638
OH	Roundhead	40.5803	-83.8485
OH	Rudolph	41.2967	-83.6832
OH	Rushsylvania	40.4658	-83.6598
OH	Rushville	39.7674	-82.4280
OH	Russells Point	40.4750	-83.8798
OH	Russellville	38.8511	-83.7625
OH	Russia	40.2341	-84.4123
OH	Rutland	39.0457	-82.1219
OH	Sabina	39.4900	-83.6503
OH	Saint Clairsville	40.0834	-80.9023
OH	Saint Henry	40.4091	-84.6333
OH	Saint Johns	40.5558	-84.0836
OH	Saint Louisville	40.1818	-82.3560
OH	Saint Marys	40.5440	-84.3944
OH	Saint Paris	40.1058	-83.9631
OH	Salem	40.9000	-80.8619
OH	Salesville	40.0081	-81.3728
OH	Salineville	40.6195	-80.8350
OH	Sandusky	41.4349	-82.7063
OH	Sandyville	40.6403	-81.3725
OH	Sarahsville	39.7938	-81.4678
OH	Sardinia	38.9832	-83.7966
OH	Sardis	39.6526	-80.9243
OH	Savannah	40.9454	-82.3443
OH	Scio	40.4012	-81.1016
OH	Scioto Furnace	38.7986	-82.7650
OH	Scott	40.9892	-84.5845
OH	Scottown	38.5940	-82.3967
OH	Seaman	38.9621	-83.5936
OH	Sebring	40.9227	-81.0232
OH	Sedalia	39.7325	-83.4753
OH	Senecaville	39.9337	-81.4580
OH	Seven Mile	39.4800	-84.5519
OH	Seville	41.0227	-81.8562
OH	Shade	39.2129	-82.0218
OH	Shadyside	39.9675	-80.7643
OH	Shandon	39.3264	-84.7147
OH	Sharon Center	41.0997	-81.7358
OH	Sharpsburg	39.4358	-81.9117
OH	Shauck	40.6208	-82.6619
OH	Shawnee	39.6110	-82.2085
OH	Sheffield Lake	41.4823	-82.0965
OH	Shelby	40.8784	-82.6549
OH	Sherrodsville	40.5184	-81.2339
OH	Sherwood	41.2946	-84.5417
OH	Shiloh	40.9340	-82.5222
OH	Shreve	40.6926	-82.0325
OH	Sidney	40.2874	-84.1622
OH	Sinking Spring	39.0728	-83.3869
OH	Smithfield	40.2708	-80.7817
OH	Smithville	40.8592	-81.8633
OH	Solon	41.3866	-81.4421
OH	Somerdale	40.5664	-81.3608
OH	Somerset	39.7936	-82.2991
OH	Somerville	39.5554	-84.6219
OH	South Bloomingville	39.3741	-82.6394
OH	South Charleston	39.8469	-83.6608
OH	South Lebanon	39.3715	-84.2108
OH	South Point	38.4339	-82.5529
OH	South Salem	39.3021	-83.2720
OH	South Solon	39.7423	-83.5970
OH	South Vienna	39.9473	-83.6157
OH	South Webster	38.8200	-82.7202
OH	Southington	41.2983	-80.9485
OH	Sparta	40.3735	-82.6970
OH	Spencer	41.0983	-82.0999
OH	Spencerville	40.7038	-84.3413
OH	Spring Valley	39.6028	-84.1016
OH	Springboro	39.5630	-84.2288
OH	Springfield	39.9242	-83.8089
OH	Stafford	39.7133	-81.2764
OH	Sterling	40.9533	-81.8519
OH	Steubenville	40.3706	-80.6612
OH	Stewart	39.3213	-81.8929
OH	Stillwater	40.3233	-81.3086
OH	Stockdale	38.9564	-82.8583
OH	Stockport	39.5614	-81.8253
OH	Stone Creek	40.4052	-81.5890
OH	Stony Ridge	41.5103	-83.5072
OH	Stout	38.6546	-83.2090
OH	Stoutsville	39.6067	-82.8193
OH	Stow	41.1748	-81.4380
OH	Strasburg	40.6003	-81.5366
OH	Stratton	40.5217	-80.6264
OH	Streetsboro	41.2491	-81.3383
OH	Strongsville	41.3132	-81.8285
OH	Struthers	41.0508	-80.5985
OH	Stryker	41.4861	-84.4089
OH	Sugar Grove	39.6277	-82.5321
OH	Sugarcreek	40.5148	-81.6604
OH	Sullivan	41.0368	-82.2172
OH	Sulphur Springs	40.8708	-82.8772
OH	Summerfield	39.8036	-81.3320
OH	Summit Station	39.9969	-82.7522
OH	Summitville	40.6781	-80.8864
OH	Sunbury	40.2655	-82.8511
OH	Swanton	41.5945	-83.8718
OH	Sycamore	40.9413	-83.1492
OH	Sycamore Valley	39.6664	-81.2436
OH	Sylvania	41.7080	-83.7068
OH	Syracuse	38.9975	-81.9742
OH	Tallmadge	41.0975	-81.4260
OH	Tarlton	39.5558	-82.7761
OH	Terrace Park	39.1602	-84.3098
OH	The Plains	39.3662	-82.1341
OH	Thompson	41.6762	-81.0573
OH	Thornville	39.8974	-82.4071
OH	Thurman	38.8988	-82.4050
OH	Thurston	39.8403	-82.5461
OH	Tiffin	41.1238	-83.1844
OH	Tiltonsville	40.1681	-80.6996
OH	Tipp City	39.9436	-84.1715
OH	Tippecanoe	40.2797	-81.2919
OH	Tiro	40.8810	-82.7970
OH	Toledo	41.6420	-83.5438
OH	Tontogany	41.4192	-83.7408
OH	Toronto	40.4733	-80.6325
OH	Tremont City	40.0111	-83.8361
OH	Trenton	39.4799	-84.4598
OH	Trimble	39.4847	-82.0792
OH	Trinway	40.1411	-82.0100
OH	Troy	40.0374	-84.2032
OH	Tuppers Plains	39.1686	-81.8467
OH	Tuscarawas	40.3947	-81.4072
OH	Twinsburg	41.3289	-81.4559
OH	Uhrichsville	40.3905	-81.3374
OH	Union City	40.2018	-84.7832
OH	Union Furnace	39.4617	-82.3564
OH	Uniontown	40.9637	-81.4211
OH	Unionville	41.7808	-80.9892
OH	Unionville Center	40.1383	-83.3400
OH	Uniopolis	40.6022	-84.0867
OH	Upper Sandusky	40.8249	-83.2977
OH	Urbana	40.1066	-83.7671
OH	Utica	40.2441	-82.4135
OH	Valley City	41.2368	-81.9245
OH	Van Buren	41.1327	-83.6473
OH	Van Wert	40.8689	-84.5904
OH	Vandalia	39.8883	-84.2023
OH	Vanlue	40.9583	-83.4971
OH	Vaughnsville	40.8817	-84.1506
OH	Venedocia	40.7685	-84.4620
OH	Vermilion	41.4100	-82.3554
OH	Verona	39.9033	-84.4856
OH	Versailles	40.2273	-84.4957
OH	Vickery	41.3910	-82.8990
OH	Vienna	41.2175	-80.6550
OH	Vincent	39.3374	-81.6743
OH	Vinton	38.9783	-82.3570
OH	Wadsworth	41.0384	-81.7374
OH	Wakefield	38.9703	-83.0200
OH	Wakeman	41.2637	-82.3782
OH	Walbridge	41.5861	-83.4930
OH	Waldo	40.4605	-83.0706
OH	Walhonding	40.3620	-82.2094
OH	Walnut Creek	40.5414	-81.7219
OH	Wapakoneta	40.5690	-84.1774
OH	Warnock	40.0225	-80.9375
OH	Warren	41.1724	-80.8718
OH	Warsaw	40.3172	-82.0560
OH	Washington Court House	39.5343	-83.4388
OH	Washingtonville	40.8973	-80.7631
OH	Waterford	39.5159	-81.6559
OH	Waterloo	38.7182	-82.5174
OH	Watertown	39.4658	-81.6333
OH	Waterville	41.5022	-83.7331
OH	Wauseon	41.5668	-84.1537
OH	Waverly	39.1264	-83.0049
OH	Wayland	41.1606	-81.0714
OH	Wayne	41.2993	-83.4701
OH	Waynesburg	40.6829	-81.2659
OH	Waynesfield	40.6072	-83.9585
OH	Waynesville	39.5285	-84.0815
OH	Wellington	41.1712	-82.2269
OH	Wellston	39.1189	-82.5485
OH	Wellsville	40.6171	-80.6621
OH	West Alexandria	39.7259	-84.5352
OH	West Chester	39.3402	-84.3998
OH	West Elkton	39.5878	-84.5544
OH	West Farmington	41.3508	-80.9672
OH	West Jefferson	39.9424	-83.2853
OH	West Lafayette	40.2718	-81.7361
OH	West Liberty	40.2625	-83.7528
OH	West Manchester	39.9026	-84.6194
OH	West Mansfield	40.4043	-83.5243
OH	West Millgrove	41.2439	-83.4914
OH	West Milton	39.9531	-84.3242
OH	West Point	40.7083	-80.7025
OH	West Portsmouth	38.7492	-83.0477
OH	West Rushville	39.7639	-82.4475
OH	West Salem	40.9485	-82.1066
OH	West Union	38.8017	-83.5333
OH	West Unity	41.5756	-84.4421
OH	Westerville	40.1545	-82.9097
OH	Westfield Center	41.0264	-81.9333
OH	Westlake	41.4535	-81.9218
OH	Weston	41.3516	-83.7973
OH	Westville	40.1094	-83.8381
OH	Wharton	40.8612	-83.4630
OH	Wheelersburg	38.7418	-82.8204
OH	Whipple	39.4810	-81.3636
OH	White Cottage	39.8717	-82.0978
OH	Whitehouse	41.5194	-83.8115
OH	Wickliffe	41.6046	-81.4692
OH	Wilberforce	39.7161	-83.8778
OH	Wilkesville	39.1408	-82.3769
OH	Willard	41.0531	-82.7264
OH	Williamsburg	39.0753	-84.0432
OH	Williamsfield	41.5383	-80.5964
OH	Williamsport	39.6117	-83.1251
OH	Williamstown	40.8339	-83.6508
OH	Williston	41.6036	-83.3400
OH	Willoughby	41.6302	-81.4076
OH	Willow Wood	38.5940	-82.4530
OH	Willshire	40.7346	-84.7777
OH	Wilmington	39.4488	-83.8417
OH	Wilmot	40.6567	-81.6352
OH	Winchester	38.9353	-83.6661
OH	Windham	41.2392	-81.0535
OH	Windsor	41.5623	-80.9667
OH	Winesburg	40.6164	-81.6953
OH	Wingett Run	39.5428	-81.2840
OH	Winona	40.8281	-80.8964
OH	Wolf Run	40.4672	-80.8894
OH	Woodsfield	39.7531	-81.1034
OH	Woodstock	40.1816	-83.5461
OH	Woodville	41.4512	-83.3646
OH	Wooster	40.8094	-81.9483
OH	Wren	40.8008	-84.7753
OH	Xenia	39.6842	-83.9369
OH	Yellow Springs	39.7996	-83.8891
OH	Yorkshire	40.3283	-84.4836
OH	Yorkville	40.1581	-80.7077
OH	Youngstown	41.0986	-80.6474
OH	Zaleski	39.2822	-82.3950
OH	Zanesfield	40.3024	-83.6648
OH	Zanesville	39.9443	-82.0089
OH	Zoar	40.6142	-81.4225
OK	Achille	33.8333	-96.3869
OK	Ada	34.7800	-96.6924
OK	Adair	36.4115	-95.2732
OK	Adams	36.7564	-101.0767
OK	Addington	34.2444	-97.9667
OK	Afton	36.6301	-94.9075
OK	Agra	35.8825	-96.8779
OK	Albany	33.8814	-96.1625
OK	Albert	35.2328	-98.4111
OK	Albion	34.6628	-95.0997
OK	Alderson	34.9000	-95.6917
OK	Alex	34.9612	-97.7571
OK	Aline	36.5056	-98.4574
OK	Allen	34.8502	-96.5585
OK	Altus	34.6484	-99.3205
OK	Altus Afb	34.6592	-99.2806
OK	Alva	36.8016	-98.6722
OK	Amber	35.1377	-97.7646
OK	Ames	36.2423	-98.1820
OK	Amorita	36.9412	-98.2458
OK	Anadarko	35.0728	-98.2429
OK	Antlers	34.2349	-95.6254
OK	Apache	34.9034	-98.3695
OK	Arapaho	35.5789	-98.9595
OK	Arcadia	35.6543	-97.3243
OK	Ardmore	34.1767	-97.1342
OK	Arkoma	35.3434	-94.4403
OK	Arnett	36.1205	-99.7327
OK	Asher	34.9849	-96.8763
OK	Atoka	34.3445	-96.1418
OK	Atwood	34.9192	-96.3577
OK	Avant	36.4894	-96.0619
OK	Balko	36.5996	-100.7103
OK	Barnsdall	36.5429	-96.1318
OK	Bartlesville	36.7440	-95.9921
OK	Battiest	34.3933	-94.9247
OK	Beaver	36.7956	-100.5329
OK	Beggs	35.7896	-96.0264
OK	Bennington	33.9771	-96.0188
OK	Bessie	35.3854	-98.9896
OK	Bethany	35.5043	-97.6399
OK	Bethel	34.3584	-94.8781
OK	Big Cabin	36.6079	-95.2747
OK	Billings	36.5246	-97.4189
OK	Binger	35.3106	-98.3148
OK	Bison	36.1962	-97.8805
OK	Bixby	35.9173	-95.8729
OK	Blackwell	36.8006	-97.2867
OK	Blair	34.7788	-99.3334
OK	Blanchard	35.1192	-97.6401
OK	Blanco	34.7622	-95.7921
OK	Blocker	35.0614	-95.5681
OK	Bluejacket	36.7975	-95.1018
OK	Boise City	36.7283	-102.5355
OK	Bokchito	33.9859	-96.1621
OK	Bokoshe	35.1609	-94.7222
OK	Boley	35.4913	-96.4704
OK	Boswell	34.0245	-95.8403
OK	Bowlegs	35.1461	-96.6697
OK	Boynton	35.6577	-95.6600
OK	Bradley	34.8741	-97.7118
OK	Braggs	35.6574	-95.2033
OK	Braman	36.9331	-97.3082
OK	Bristow	35.8209	-96.3758
OK	Broken Arrow	35.9908	-95.8143
OK	Broken Bow	34.0270	-94.7623
OK	Bromide	34.4183	-96.4967
OK	Buffalo	36.8359	-99.6048
OK	Bunch	35.7357	-94.7342
OK	Burbank	36.6966	-96.7869
OK	Burlington	36.9036	-98.4215
OK	Burneyville	33.9515	-97.3249
OK	Burns Flat	35.3489	-99.1700
OK	Butler	35.6336	-99.2427
OK	Byars	34.8904	-97.0997
OK	Cache	34.6131	-98.6154
OK	Caddo	34.1157	-96.2600
OK	Calera	33.9289	-96.4102
OK	Calumet	35.5948	-98.1900
OK	Calvin	34.8780	-96.2710
OK	Camargo	36.0212	-99.2781
OK	Cameron	35.1494	-94.5060
OK	Canadian	35.1593	-95.6530
OK	Caney	34.2221	-96.2584
OK	Canton	36.0372	-98.5778
OK	Canute	35.4037	-99.2816
OK	Cardin	36.9725	-94.8486
OK	Carmen	36.5842	-98.4578
OK	Carnegie	35.1235	-98.5755
OK	Carney	35.8054	-97.0159
OK	Carrier	36.5189	-97.9997
OK	Carter	35.2208	-99.4822
OK	Cartwright	33.8846	-96.5519
OK	Cashion	35.8000	-97.6795
OK	Castle	35.4732	-96.3791
OK	Catoosa	36.1721	-95.7273
OK	Cement	34.9321	-98.1466
OK	Centrahoma	34.6066	-96.3386
OK	Chandler	35.7043	-96.8583
OK	Chattanooga	34.4262	-98.6514
OK	Checotah	35.4358	-95.5350
OK	Chelsea	36.5356	-95.4489
OK	Cherokee	36.7564	-98.3594
OK	Chester	36.2528	-98.8841
OK	Cheyenne	35.6232	-99.6767
OK	Chickasha	35.0268	-97.9518
OK	Choctaw	35.4718	-97.2726
OK	Chouteau	36.1669	-95.3416
OK	Claremore	36.3242	-95.5985
OK	Clarita	34.4828	-96.4331
OK	Clayton	34.5906	-95.3800
OK	Cleo Springs	36.4090	-98.4423
OK	Cleveland	36.2553	-96.4230
OK	Clinton	35.5115	-98.9795
OK	Coalgate	34.5344	-96.2167
OK	Colbert	33.8575	-96.4953
OK	Colcord	36.2333	-94.6547
OK	Coleman	34.2625	-96.4588
OK	Collinsville	36.3701	-95.8469
OK	Colony	35.3448	-98.6707
OK	Comanche	34.3765	-97.9793
OK	Commerce	36.9331	-94.8730
OK	Concho	35.6156	-97.9942
OK	Connerville	34.4475	-96.6358
OK	Cookson	35.7116	-94.9132
OK	Copan	36.9062	-95.9130
OK	Cordell	35.2788	-98.9511
OK	Corn	35.3998	-98.8062
OK	Council Hill	35.5322	-95.7113
OK	Countyline	34.4486	-97.5625
OK	Covington	36.3099	-97.5752
OK	Coweta	35.9578	-95.6526
OK	Coyle	35.8985	-97.2607
OK	Crawford	35.8368	-99.8064
OK	Crescent	35.9420	-97.5969
OK	Cromwell	35.3400	-96.4569
OK	Crowder	35.1239	-95.6697
OK	Cushing	35.9822	-96.7526
OK	Custer City	35.6894	-98.9120
OK	Cyril	34.8959	-98.2083
OK	Dacoma	36.6606	-98.5942
OK	Daisy	34.5384	-95.7088
OK	Davenport	35.7047	-96.7650
OK	Davidson	34.2514	-99.0640
OK	Davis	34.4953	-97.1084
OK	Deer Creek	36.8048	-97.5136
OK	Delaware	36.7804	-95.6181
OK	Depew	35.7561	-96.4897
OK	Devol	34.1956	-98.5770
OK	Dewar	35.4581	-95.9411
OK	Dewey	36.8013	-95.9345
OK	Dibble	35.0333	-97.6294
OK	Dill City	35.2787	-99.1537
OK	Disney	36.4811	-95.0147
OK	Dougherty	34.3994	-97.0553
OK	Douglas	36.2481	-97.6896
OK	Dover	35.9848	-97.9067
OK	Drummond	36.2841	-98.0358
OK	Drumright	35.9931	-96.5198
OK	Duke	34.6668	-99.5482
OK	Duncan	34.5073	-97.9403
OK	Durant	34.0061	-96.3847
OK	Durham	35.8364	-99.9088
OK	Dustin	35.2519	-96.0573
OK	Eagletown	34.0364	-94.5596
OK	Eakly	35.3053	-98.5575
OK	Earlsboro	35.2628	-96.8041
OK	Edmond	35.6800	-97.5300
OK	El Reno	35.5335	-97.9591
OK	Eldorado	34.4727	-99.6460
OK	Elgin	34.7720	-98.4073
OK	Elk City	35.4104	-99.4211
OK	Elmer	34.5137	-99.3167
OK	Elmore City	34.6228	-97.3961
OK	Enid	36.4028	-97.8623
OK	Erick	35.2286	-99.8635
OK	Eucha	36.3987	-94.9230
OK	Eufaula	35.2911	-95.6472
OK	Fairfax	36.5577	-96.6997
OK	Fairland	36.7418	-94.8279
OK	Fairmont	36.3916	-97.7115
OK	Fairview	36.2660	-98.5063
OK	Fanshawe	34.9508	-94.9081
OK	Fargo	36.4053	-99.6506
OK	Farris	34.2558	-95.8414
OK	Faxon	34.4645	-98.5577
OK	Fay	35.8204	-98.6587
OK	Felt	36.5666	-102.7974
OK	Finley	34.3407	-95.5385
OK	Fittstown	34.6301	-96.6495
OK	Fitzhugh	34.6615	-96.7745
OK	Fletcher	34.7847	-98.2002
OK	Forgan	36.9086	-100.5409
OK	Fort Cobb	35.1161	-98.4303
OK	Fort Gibson	35.7943	-95.2297
OK	Fort Sill	34.6595	-98.4004
OK	Fort Supply	36.5646	-99.5268
OK	Fort Towson	34.0520	-95.2530
OK	Foss	35.3736	-99.1526
OK	Foster	34.6164	-97.4889
OK	Fox	34.3636	-97.4919
OK	Foyil	36.4347	-95.5192
OK	Francis	34.8736	-96.5953
OK	Frederick	34.4012	-99.0119
OK	Freedom	36.8090	-99.1319
OK	Gage	36.3180	-99.7600
OK	Gans	35.3889	-94.6919
OK	Garber	36.4392	-97.5789
OK	Garvin	33.9205	-94.9323
OK	Gate	36.8757	-100.0734
OK	Geary	35.6217	-98.3905
OK	Gene Autry	34.2836	-97.0378
OK	Geronimo	34.4805	-98.3875
OK	Glencoe	36.2158	-96.9138
OK	Glenpool	35.9591	-95.9997
OK	Golden	34.0344	-94.8961
OK	Goltry	36.5314	-98.1540
OK	Goodwell	36.6744	-101.7137
OK	Gore	35.5418	-95.1095
OK	Gotebo	35.0759	-98.8760
OK	Gould	34.6650	-99.7843
OK	Gowen	34.8814	-95.4767
OK	Gracemont	35.1875	-98.2835
OK	Graham	34.3374	-97.4954
OK	Grandfield	34.2282	-98.6867
OK	Granite	34.9712	-99.3881
OK	Grant	33.9302	-95.4893
OK	Greenfield	35.7333	-98.3841
OK	Grove	36.5929	-94.7565
OK	Guthrie	35.8330	-97.4360
OK	Guymon	36.6961	-101.4778
OK	Haileyville	34.8544	-95.5819
OK	Hallett	36.2339	-96.5672
OK	Hammon	35.6461	-99.4027
OK	Hanna	35.2085	-95.8958
OK	Hardesty	36.6018	-101.1539
OK	Harrah	35.4833	-97.1734
OK	Hartshorne	34.8452	-95.5740
OK	Haskell	35.8108	-95.6840
OK	Hastings	34.2251	-98.1075
OK	Haworth	33.7875	-94.5818
OK	Headrick	34.7219	-99.2390
OK	Healdton	34.2290	-97.4889
OK	Heavener	34.8353	-94.6185
OK	Helena	36.5438	-98.2778
OK	Hendrix	33.8016	-96.3581
OK	Hennepin	34.5089	-97.3467
OK	Hennessey	36.0868	-97.8926
OK	Henryetta	35.4545	-95.9762
OK	Hillsdale	36.5631	-97.9911
OK	Hinton	35.4675	-98.3313
OK	Hitchcock	35.9712	-98.3315
OK	Hitchita	35.5197	-95.7511
OK	Hobart	35.0255	-99.0944
OK	Hodgen	34.7538	-94.6391
OK	Holdenville	35.0839	-96.3770
OK	Hollis	34.6953	-99.9177
OK	Hollister	34.3525	-98.8814
OK	Hominy	36.4111	-96.3878
OK	Hooker	36.8480	-101.1907
OK	Hopeton	36.6881	-98.6656
OK	Howe	34.9299	-94.6571
OK	Hoyt	35.2685	-95.2994
OK	Hugo	34.0113	-95.5139
OK	Hulbert	35.9254	-95.1651
OK	Hunter	36.5603	-97.6425
OK	Hydro	35.4520	-98.5604
OK	Idabel	33.8851	-94.8020
OK	Indiahoma	34.6242	-98.7349
OK	Indianola	35.0937	-95.7845
OK	Inola	36.1503	-95.5205
OK	Isabella	36.2341	-98.3374
OK	Jay	36.4363	-94.7763
OK	Jenks	36.0148	-95.9797
OK	Jennings	36.1863	-96.5732
OK	Jet	36.6929	-98.1721
OK	Jones	35.5753	-97.2891
OK	Kansas	36.2161	-94.8114
OK	Kaw City	36.7867	-96.8989
OK	Kellyville	35.9171	-96.2180
OK	Kemp	33.7694	-96.3539
OK	Kenefic	34.1314	-96.3887
OK	Kenton	36.8556	-102.9124
OK	Keota	35.2645	-94.9028
OK	Ketchum	36.5256	-95.0256
OK	Keyes	36.8003	-102.2361
OK	Kiamichi Christian Mission	34.5926	-94.9916
OK	Kiefer	35.9447	-96.0650
OK	Kingfisher	35.8636	-97.9473
OK	Kingston	33.9517	-96.7120
OK	Kinta	35.1971	-95.3175
OK	Kiowa	34.7278	-95.9328
OK	Konawa	34.9708	-96.7343
OK	Krebs	34.9278	-95.7156
OK	Kremlin	36.5207	-97.8542
OK	Lahoma	36.3850	-98.0727
OK	Lamar	35.0836	-96.1142
OK	Lamont	36.6939	-97.5601
OK	Lane	34.2691	-95.9685
OK	Langley	36.4639	-95.0475
OK	Langston	35.9450	-97.2550
OK	Laverne	36.7062	-99.8918
OK	Lawton	34.5915	-98.3698
OK	Lebanon	33.9610	-96.8645
OK	Leedey	35.8698	-99.3491
OK	Leflore	34.8969	-94.9811
OK	Lehigh	34.4692	-96.2161
OK	Lenapah	36.8801	-95.6233
OK	Leon	33.9243	-97.4471
OK	Leonard	35.9203	-95.7992
OK	Lequire	35.1044	-95.1072
OK	Lexington	35.0377	-97.2609
OK	Lindsay	34.8211	-97.5998
OK	Loco	34.3214	-97.6658
OK	Locust Grove	36.1819	-95.1689
OK	Lone Grove	34.1774	-97.2685
OK	Lone Wolf	34.9806	-99.2502
OK	Longdale	36.1212	-98.5500
OK	Lookeba	35.3679	-98.3898
OK	Loveland	34.3910	-98.7235
OK	Loyal	35.9705	-98.1155
OK	Lucien	36.2753	-97.4526
OK	Luther	35.6315	-97.1823
OK	Macomb	35.1205	-97.0340
OK	Madill	34.0713	-96.7873
OK	Manchester	36.9744	-98.0383
OK	Mangum	34.8755	-99.5058
OK	Manitou	34.5075	-98.9831
OK	Mannford	36.0927	-96.3576
OK	Mannsville	34.1899	-96.8778
OK	Maramec	36.2175	-96.6844
OK	Marble City	35.5803	-94.8208
OK	Marietta	33.9431	-97.1148
OK	Marland	36.5591	-97.0976
OK	Marlow	34.6387	-97.9410
OK	Marshall	36.1485	-97.6171
OK	Martha	34.7253	-99.3867
OK	Maud	35.1292	-96.7627
OK	May	36.6267	-99.7247
OK	Maysville	34.8113	-97.4131
OK	Mcalester	34.9262	-95.7592
OK	Mccurtain	35.1404	-95.0127
OK	Mcloud	35.4191	-97.1052
OK	Mead	33.9944	-96.5299
OK	Medford	36.8142	-97.7202
OK	Medicine Park	34.7292	-98.5022
OK	Meeker	35.5211	-96.9981
OK	Meers	34.7828	-98.5786
OK	Meno	36.3815	-98.1635
OK	Meridian	35.8451	-97.2462
OK	Miami	36.8764	-94.8719
OK	Milburn	34.1952	-96.5429
OK	Milfay	35.7550	-96.5656
OK	Mill Creek	34.3098	-96.7884
OK	Millerton	33.9858	-95.0133
OK	Minco	35.3067	-97.9664
OK	Moffett	35.3903	-94.4467
OK	Monroe	34.9925	-94.5167
OK	Moodys	36.0311	-94.9575
OK	Mooreland	36.4428	-99.1832
OK	Morris	35.6619	-95.8319
OK	Morrison	36.2902	-97.0228
OK	Mounds	35.9129	-96.0685
OK	Mountain Park	34.7032	-98.9591
OK	Mountain View	35.0654	-98.7307
OK	Moyers	34.3386	-95.6639
OK	Muldrow	35.4020	-94.6332
OK	Mulhall	36.0537	-97.4098
OK	Muse	34.6641	-94.7190
OK	Muskogee	35.7307	-95.3755
OK	Mustang	35.3885	-97.7309
OK	Mutual	36.2140	-99.1145
OK	Nardin	36.8155	-97.4325
OK	Nash	36.6961	-98.0258
OK	Nashoba	34.5072	-95.2075
OK	Newalla	35.3734	-97.1971
OK	Newcastle	35.2453	-97.6216
OK	Newkirk	36.8874	-97.0513
OK	Nicoma Park	35.4911	-97.3228
OK	Ninnekah	34.9143	-97.9333
OK	Noble	35.1417	-97.3409
OK	Norman	35.2212	-97.4448
OK	North Miami	36.9172	-94.8794
OK	Nowata	36.6946	-95.6404
OK	Oakhurst	36.0753	-96.0642
OK	Oaks	36.1687	-94.8502
OK	Oakwood	35.9214	-98.7081
OK	Ochelata	36.5947	-95.9691
OK	Oilton	36.0844	-96.5833
OK	Okarche	35.7502	-97.9300
OK	Okay	35.8506	-95.3181
OK	Okeene	36.1165	-98.3254
OK	Okemah	35.4475	-96.3068
OK	Oklahoma City	35.3337	-97.4922
OK	Okmulgee	35.6288	-95.9697
OK	Oktaha	35.6250	-95.4856
OK	Olustee	34.5496	-99.4287
OK	Omega	35.8507	-98.1863
OK	Oologah	36.4437	-95.7290
OK	Orlando	36.1420	-97.3960
OK	Osage	36.2832	-96.3774
OK	Oscar	33.9732	-97.7614
OK	Overbrook	34.0539	-97.1324
OK	Owasso	36.2863	-95.8222
OK	Paden	35.5182	-96.5719
OK	Panama	35.1672	-94.6722
OK	Panola	34.9286	-95.2131
OK	Paoli	34.8285	-97.2608
OK	Park Hill	35.7977	-94.9822
OK	Pauls Valley	34.7385	-97.2195
OK	Pawhuska	36.6904	-96.3121
OK	Pawnee	36.3362	-96.7923
OK	Peggs	36.0591	-94.9919
OK	Perkins	35.9768	-97.0441
OK	Perry	36.2875	-97.2842
OK	Picher	36.9800	-94.8173
OK	Pickens	34.3964	-95.0117
OK	Piedmont	35.6695	-97.7431
OK	Pittsburg	34.6975	-95.8439
OK	Platter	33.9069	-96.5347
OK	Pocasset	35.1544	-97.9790
OK	Pocola	35.2436	-94.4760
OK	Ponca City	36.7031	-97.0784
OK	Pond Creek	36.6643	-97.8019
OK	Porter	35.8567	-95.5082
OK	Porum	35.3631	-95.2607
OK	Poteau	35.0606	-94.6096
OK	Prague	35.5105	-96.7009
OK	Preston	35.7114	-95.9914
OK	Proctor	35.9671	-94.7442
OK	Prue	36.2501	-96.2701
OK	Pryor	36.2921	-95.3129
OK	Purcell	35.0103	-97.4255
OK	Putnam	35.8539	-98.9638
OK	Quapaw	36.9282	-94.7430
OK	Quinton	35.1547	-95.4671
OK	Ralston	36.4992	-96.7755
OK	Ramona	36.5752	-95.8962
OK	Randlett	34.1740	-98.4600
OK	Ratliff City	34.4489	-97.5092
OK	Rattan	34.2454	-95.3442
OK	Ravia	34.2417	-96.7511
OK	Red Oak	34.9422	-95.0904
OK	Red Rock	36.4748	-97.1640
OK	Redbird	35.8856	-95.5886
OK	Rentiesville	35.5214	-95.4947
OK	Reydon	35.6576	-99.9166
OK	Ringling	34.1679	-97.6029
OK	Ringold	34.1799	-95.0704
OK	Ringwood	36.3753	-98.2706
OK	Ripley	35.9985	-96.8967
OK	Rocky	35.1526	-99.0480
OK	Roff	34.6153	-96.8423
OK	Roland	35.4538	-94.5291
OK	Roosevelt	34.8470	-98.9836
OK	Rose	36.2113	-94.9934
OK	Rosston	36.8789	-99.9003
OK	Rufe	34.1617	-95.1360
OK	Rush Springs	34.7708	-97.9431
OK	Ryan	34.0238	-97.9461
OK	S Coffeyville	36.9837	-95.6065
OK	Saint Louis	35.0742	-96.8528
OK	Salina	36.3116	-95.1158
OK	Sallisaw	35.4852	-94.7790
OK	Sand Springs	36.1341	-96.1426
OK	Sapulpa	36.0030	-96.1106
OK	Sasakwa	34.9510	-96.5387
OK	Savanna	34.8289	-95.8436
OK	Sawyer	34.0277	-95.3558
OK	Sayre	35.3047	-99.6429
OK	Schulter	35.5144	-95.9564
OK	Seiling	36.1278	-98.8875
OK	Seminole	35.2244	-96.6703
OK	Sentinel	35.1617	-99.1706
OK	Shady Point	35.1293	-94.6665
OK	Shamrock	35.9100	-96.5836
OK	Sharon	36.2699	-99.3587
OK	Shattuck	36.2889	-99.8793
OK	Shawnee	35.3491	-96.9313
OK	Shidler	36.8149	-96.6750
OK	Skiatook	36.3725	-96.0123
OK	Slick	35.7769	-96.2658
OK	Smithville	34.4791	-94.6191
OK	Snow	34.3780	-95.4278
OK	Snyder	34.6548	-98.9508
OK	Soper	34.0366	-95.6916
OK	Southard	36.0747	-98.4465
OK	Sparks	35.6138	-96.8163
OK	Spavinaw	36.4155	-95.0285
OK	Spencer	35.5183	-97.3488
OK	Spencerville	34.1326	-95.3835
OK	Sperry	36.2955	-95.9804
OK	Spiro	35.2492	-94.6265
OK	Springer	34.3038	-97.1223
OK	Sterling	34.7503	-98.1714
OK	Stidham	35.3814	-95.7056
OK	Stigler	35.2686	-95.1071
OK	Stillwater	36.1043	-97.0609
OK	Stilwell	35.8107	-94.6313
OK	Stonewall	34.6662	-96.5429
OK	Strang	36.4639	-95.0708
OK	Stratford	34.7714	-96.9763
OK	Stringtown	34.4676	-96.0002
OK	Stroud	35.7824	-96.6844
OK	Stuart	34.8826	-96.1381
OK	Sulphur	34.5116	-96.9797
OK	Sweetwater	35.4488	-99.9006
OK	Swink	34.0178	-95.2019
OK	Taft	35.7581	-95.5494
OK	Tahlequah	35.9094	-94.9787
OK	Talala	36.5429	-95.7142
OK	Talihina	34.7381	-94.9978
OK	Taloga	35.9972	-98.9825
OK	Tatums	34.4828	-97.4614
OK	Tecumseh	35.2502	-96.9667
OK	Temple	34.2607	-98.2371
OK	Terlton	36.1889	-96.4876
OK	Terral	33.8972	-97.9350
OK	Texhoma	36.5253	-101.8394
OK	Texola	35.2250	-99.9822
OK	Thackerville	33.7882	-97.1363
OK	Thomas	35.7382	-98.7388
OK	Tinker Afb	35.4157	-97.4037
OK	Tipton	34.5098	-99.1315
OK	Tishomingo	34.2643	-96.6675
OK	Tonkawa	36.6806	-97.3063
OK	Tryon	35.8632	-96.9984
OK	Tulsa	36.0557	-96.0602
OK	Tupelo	34.5598	-96.4274
OK	Turpin	36.9090	-100.8690
OK	Tuskahoma	34.7348	-95.2208
OK	Tussy	34.5067	-97.5428
OK	Tuttle	35.2674	-97.7446
OK	Twin Oaks	36.1916	-94.8544
OK	Tyrone	36.9558	-101.0594
OK	Union City	35.3913	-97.9398
OK	Valliant	34.0091	-95.0686
OK	Velma	34.4600	-97.6736
OK	Vera	36.4492	-95.8806
OK	Verden	35.0836	-98.0792
OK	Vian	35.5404	-94.9888
OK	Vici	36.1372	-99.2670
OK	Vinita	36.6334	-95.1382
OK	Vinson	34.9062	-99.8339
OK	Wagoner	35.9549	-95.3540
OK	Wainwright	35.6125	-95.5642
OK	Wakita	36.8753	-97.9427
OK	Walters	34.3605	-98.3140
OK	Wanette	34.9983	-97.0419
OK	Wann	36.9402	-95.7768
OK	Wapanucka	34.3866	-96.4532
OK	Wardville	34.5688	-96.0210
OK	Warner	35.4945	-95.3064
OK	Washington	35.1324	-97.4870
OK	Washita	35.1028	-98.3406
OK	Watonga	35.8538	-98.4175
OK	Watson	34.4193	-94.5562
OK	Watts	36.1152	-94.6345
OK	Waukomis	36.2781	-97.8996
OK	Waurika	34.1745	-97.9973
OK	Wayne	34.9154	-97.3290
OK	Waynoka	36.5858	-98.8487
OK	Weatherford	35.5350	-98.6996
OK	Webbers Falls	35.5138	-95.1659
OK	Welch	36.9020	-95.1295
OK	Weleetka	35.3416	-96.1136
OK	Welling	35.8819	-94.8653
OK	Wellston	35.6757	-97.0597
OK	Westville	35.9912	-94.5926
OK	Wetumka	35.2396	-96.2421
OK	Wewoka	35.1829	-96.5038
OK	Wheatland	35.3978	-97.6519
OK	Whitefield	35.2511	-95.2375
OK	Whitesboro	34.6843	-94.8700
OK	Wilburton	34.9128	-95.3389
OK	Willow	35.0702	-99.5421
OK	Wilson	34.1642	-97.4249
OK	Wister	34.9556	-94.7832
OK	Woodward	36.4268	-99.4020
OK	Wright City	34.0799	-94.9929
OK	Wyandotte	36.7796	-94.7002
OK	Wynnewood	34.6385	-97.1770
OK	Wynona	36.5085	-96.3689
OK	Yale	36.1101	-96.7022
OK	Yukon	35.5067	-97.7622
OR	Adams	45.7497	-118.6176
OR	Adel	42.1487	-119.8833
OR	Adrian	43.6537	-117.0602
OR	Agness	42.5748	-124.0648
OR	Albany	44.6277	-123.0944
OR	Allegany	43.4261	-124.0311
OR	Alsea	44.3691	-123.6089
OR	Alvadore	44.1269	-123.2633
OR	Amity	45.1157	-123.1744
OR	Antelope	44.8892	-120.7914
OR	Arch Cape	45.8019	-123.9667
OR	Arlington	45.6664	-120.1971
OR	Arock	43.9709	-117.0342
OR	Ashland	42.1885	-122.6930
OR	Ashwood	44.7195	-120.7192
OR	Astoria	46.1558	-123.7980
OR	Athena	45.8289	-118.4971
OR	Aumsville	44.8178	-122.8786
OR	Aurora	45.2284	-122.8039
OR	Azalea	42.8450	-123.1550
OR	Baker City	44.7801	-117.8286
OR	Bandon	43.0968	-124.4037
OR	Banks	45.6535	-123.1210
OR	Bates	44.5931	-118.5075
OR	Bay City	45.5197	-123.8761
OR	Beatty	42.4369	-121.2200
OR	Beaver	45.2767	-123.8234
OR	Beavercreek	45.2597	-122.4751
OR	Beaverton	45.4750	-122.8054
OR	Bend	44.0928	-121.2936
OR	Blachly	44.1966	-123.5348
OR	Blodgett	44.6281	-123.6067
OR	Blue River	44.1778	-122.2230
OR	Bly	42.3978	-121.0406
OR	Boardman	45.8272	-119.7206
OR	Bonanza	42.2463	-121.3336
OR	Boring	45.4297	-122.3807
OR	Bridal Veil	45.5579	-122.1766
OR	Bridgeport	44.4858	-117.7442
OR	Brightwood	45.3652	-122.0036
OR	Broadbent	42.9850	-124.1189
OR	Brogan	44.1994	-117.5904
OR	Brookings	42.0640	-124.2678
OR	Brothers	43.7789	-120.4770
OR	Brownsville	44.3770	-122.9485
OR	Burns	43.5145	-119.0504
OR	Butte Falls	42.5492	-122.5638
OR	Buxton	45.7370	-123.2146
OR	Camas Valley	43.0557	-123.6655
OR	Camp Sherman	44.4550	-121.6394
OR	Canby	45.2514	-122.6832
OR	Cannon Beach	45.8819	-123.9631
OR	Canyon City	44.4100	-118.9502
OR	Canyonville	42.9307	-123.2780
OR	Carlton	45.2859	-123.1523
OR	Cascade Locks	45.6714	-121.8824
OR	Cascadia	44.3922	-122.4642
OR	Cave Junction	42.1348	-123.6272
OR	Central Point	42.3899	-122.9222
OR	Chemult	43.1247	-121.8447
OR	Cheshire	44.1782	-123.3715
OR	Chiloquin	42.5463	-121.7450
OR	Christmas Valley	43.2364	-120.6358
OR	Clackamas	45.4150	-122.5200
OR	Clatskanie	46.0998	-123.2124
OR	Cloverdale	45.2858	-123.8356
OR	Colton	45.1573	-122.4248
OR	Columbia City	45.8925	-122.8122
OR	Condon	45.2306	-120.1898
OR	Coos Bay	43.3628	-124.2331
OR	Coquille	43.1884	-124.2014
OR	Corbett	45.5221	-122.2417
OR	Cornelius	45.5290	-123.0415
OR	Corvallis	44.5904	-123.2722
OR	Cottage Grove	43.7839	-123.0529
OR	Cove	45.3199	-117.8147
OR	Crabtree	44.6353	-122.8969
OR	Crane	43.4262	-118.4642
OR	Crater Lake	42.9439	-122.1056
OR	Crawfordsville	44.3572	-122.8567
OR	Crescent	43.4972	-121.6648
OR	Crescent Lake	43.5094	-121.9683
OR	Creswell	43.9058	-123.0284
OR	Culp Creek	43.6845	-122.7524
OR	Culver	44.4818	-121.2344
OR	Curtin	43.7225	-123.2108
OR	Dairy	42.2581	-121.6425
OR	Dallas	44.9225	-123.3200
OR	Damascus	45.4254	-122.4369
OR	Days Creek	42.9819	-123.1439
OR	Dayton	45.1977	-123.0753
OR	Dayville	44.4663	-119.5312
OR	Deadwood	44.1451	-123.6883
OR	Deer Island	45.9356	-122.8985
OR	Depoe Bay	44.8514	-124.0323
OR	Detroit	44.7766	-122.1845
OR	Dexter	43.9217	-122.8424
OR	Diamond	43.0122	-118.6650
OR	Dillard	43.1031	-123.4267
OR	Donald	45.2225	-122.8381
OR	Dorena	43.7587	-122.8858
OR	Drain	43.6877	-123.2929
OR	Drewsey	43.8643	-118.4707
OR	Dufur	45.4291	-121.1468
OR	Dundee	45.2776	-123.0152
OR	Durkee	44.5822	-117.4636
OR	Eagle Creek	45.3582	-122.3381
OR	Eagle Point	42.4935	-122.8088
OR	Echo	45.7411	-119.1949
OR	Eddyville	44.6371	-123.7531
OR	Elgin	45.5941	-117.9112
OR	Elkton	43.6378	-123.5900
OR	Elmira	44.0873	-123.3671
OR	Enterprise	45.4370	-117.2888
OR	Estacada	45.2872	-122.3259
OR	Eugene	44.0737	-123.0788
OR	Fairview	45.5386	-122.4328
OR	Fall Creek	43.9562	-122.7859
OR	Falls City	44.8706	-123.4461
OR	Fields	42.2644	-118.6742
OR	Florence	43.9881	-124.0993
OR	Forest Grove	45.5328	-123.1152
OR	Fort Klamath	42.7047	-121.9947
OR	Fort Rock	43.4462	-121.0824
OR	Fossil	44.9853	-120.2067
OR	Foster	44.3836	-122.5449
OR	Frenchglen	42.8269	-118.9144
OR	Gales Creek	45.5957	-123.2340
OR	Gardiner	43.7857	-124.1437
OR	Garibaldi	45.5600	-123.9117
OR	Gaston	45.4427	-123.1666
OR	Gates	44.7527	-122.3995
OR	Gervais	45.1086	-122.8962
OR	Gilchrist	43.3076	-121.8866
OR	Gladstone	45.3899	-122.5902
OR	Glendale	42.7518	-123.3943
OR	Gleneden Beach	44.8814	-124.0331
OR	Glide	43.2774	-122.9638
OR	Gold Beach	42.4348	-124.3961
OR	Gold Hill	42.4244	-123.0854
OR	Government Camp	45.3184	-121.7854
OR	Grand Ronde	45.0750	-123.6335
OR	Grants Pass	42.4638	-123.3457
OR	Grass Valley	45.3013	-120.7478
OR	Gresham	45.5154	-122.4203
OR	Haines	44.8776	-117.9756
OR	Halfway	44.8953	-117.1132
OR	Halsey	44.3862	-123.1251
OR	Hammond	46.1980	-123.9527
OR	Happy Valley	45.4450	-122.5341
OR	Harper	43.8734	-117.5284
OR	Harrisburg	44.2717	-123.1432
OR	Hebo	45.2120	-123.8714
OR	Helix	45.8665	-118.7222
OR	Heppner	45.3486	-119.5369
OR	Hereford	44.6410	-117.9890
OR	Hermiston	45.8450	-119.2849
OR	Hillsboro	45.4984	-122.9570
OR	Hines	43.5642	-119.0800
OR	Hood River	45.6711	-121.5391
OR	Hubbard	45.1604	-122.7541
OR	Huntington	44.3811	-117.3097
OR	Idanha	44.7015	-122.0476
OR	Idleyld Park	43.3716	-122.9018
OR	Imbler	45.4599	-117.9544
OR	Imnaha	45.5137	-116.8257
OR	Independence	44.8481	-123.1879
OR	Ione	45.5403	-119.7690
OR	Ironside	44.3009	-117.9444
OR	Irrigon	45.8877	-119.5070
OR	Jacksonville	42.2549	-123.0281
OR	Jamieson	44.1819	-117.4373
OR	Jefferson	44.7495	-123.0060
OR	John Day	44.4100	-119.1052
OR	Jordan Valley	42.8801	-117.2810
OR	Joseph	45.3494	-117.2128
OR	Junction City	44.1988	-123.2300
OR	Juntura	43.8253	-118.0921
OR	Keizer	44.9903	-123.0250
OR	Keno	42.1755	-121.9724
OR	Kent	45.0838	-120.6649
OR	Kerby	42.2093	-123.6573
OR	Kimberly	44.7226	-119.5965
OR	Klamath Falls	42.2296	-121.7870
OR	La Grande	45.3304	-118.0852
OR	La Pine	43.7091	-121.5194
OR	Lafayette	45.2466	-123.1114
OR	Lake Oswego	45.4093	-122.6847
OR	Lakeside	43.5833	-124.1624
OR	Lakeview	42.1854	-120.3775
OR	Langlois	42.9154	-124.4413
OR	Lebanon	44.5316	-122.8821
OR	Lexington	45.4264	-119.7464
OR	Lincoln City	44.9681	-123.9956
OR	Logsden	44.7475	-123.7736
OR	Long Creek	44.7554	-119.0970
OR	Lorane	43.8290	-123.2477
OR	Lostine	45.4939	-117.4359
OR	Lowell	43.9210	-122.7806
OR	Lyons	44.7768	-122.8201
OR	Madras	44.6376	-121.1349
OR	Malin	42.0195	-121.4221
OR	Manning	45.6525	-123.1861
OR	Manzanita	45.7186	-123.9339
OR	Mapleton	44.0312	-123.8657
OR	Marcola	44.2064	-122.8246
OR	Marylhurst	45.4014	-122.6500
OR	Maupin	45.0742	-121.2282
OR	Mcminnville	45.2097	-123.2043
OR	Meacham	45.5067	-118.4203
OR	Medford	42.3193	-122.8870
OR	Mehama	44.7903	-122.6181
OR	Merlin	42.5297	-123.4393
OR	Merrill	42.0295	-121.5985
OR	Midland	42.1308	-121.8192
OR	Mikkalo	45.7169	-120.1997
OR	Mill City	44.7516	-122.4768
OR	Milton Freewater	45.9486	-118.3912
OR	Mitchell	44.5657	-120.1456
OR	Molalla	45.1223	-122.5756
OR	Monmouth	44.8377	-123.2512
OR	Monroe	44.3245	-123.3203
OR	Monument	44.8185	-119.4302
OR	Moro	45.4853	-120.6957
OR	Mosier	45.6617	-121.3245
OR	Mount Angel	45.0737	-122.7856
OR	Mount Hood Parkdale	45.5216	-121.5885
OR	Mount Vernon	44.4171	-119.1121
OR	Mulino	45.2130	-122.5351
OR	Murphy	42.3478	-123.3322
OR	Myrtle Creek	43.0162	-123.2851
OR	Myrtle Point	43.0667	-124.1213
OR	Nehalem	45.7216	-123.9049
OR	Neotsu	44.9988	-123.9843
OR	Neskowin	45.1782	-123.9263
OR	Netarts	45.4350	-123.9447
OR	New Pine Creek	42.0278	-120.2894
OR	Newberg	45.3099	-122.9685
OR	Newport	44.6487	-124.0509
OR	North Bend	43.4327	-124.2131
OR	North Plains	45.5972	-122.9922
OR	North Powder	45.0317	-117.9337
OR	Noti	44.1195	-123.4570
OR	Nyssa	43.8604	-117.0251
OR	O Brien	42.0688	-123.7209
OR	Oakland	43.4530	-123.3558
OR	Oakridge	43.7498	-122.4577
OR	Oceanside	45.4611	-123.9667
OR	Odell	45.6232	-121.4401
OR	Ontario	44.0416	-116.9783
OR	Ophir	42.5633	-124.3817
OR	Oregon City	45.3377	-122.5700
OR	Otis	45.0138	-123.9332
OR	Otter Rock	44.7472	-124.0603
OR	Oxbow	44.9750	-116.8619
OR	Pacific City	45.2025	-123.9617
OR	Paisley	42.7031	-120.5532
OR	Paulina	44.2102	-119.7828
OR	Pendleton	45.6605	-118.7831
OR	Philomath	44.5488	-123.3923
OR	Phoenix	42.2766	-122.8227
OR	Pilot Rock	45.4227	-118.8483
OR	Pleasant Hill	43.9458	-122.9285
OR	Plush	42.5035	-119.8947
OR	Port Orford	42.7572	-124.4913
OR	Portland	45.4429	-122.6151
OR	Post	44.0793	-120.2998
OR	Powell Butte	44.2415	-121.0113
OR	Powers	42.8910	-124.0664
OR	Prairie City	44.4570	-118.6952
OR	Princeton	43.2467	-118.5767
OR	Prineville	44.3045	-120.8336
OR	Prospect	42.7544	-122.5090
OR	Rainier	46.0646	-122.9671
OR	Redmond	44.2767	-121.1896
OR	Reedsport	43.6957	-124.1055
OR	Rhododendron	45.3552	-121.9537
OR	Richland	44.7970	-117.3018
OR	Rickreall	45.0200	-123.2064
OR	Riddle	42.9389	-123.3612
OR	Riley	44.9305	-116.9006
OR	Riverside	43.4674	-118.0958
OR	Rockaway Beach	45.6085	-123.9078
OR	Rogue River	42.4889	-123.1587
OR	Rose Lodge	45.0106	-123.8792
OR	Roseburg	43.2227	-123.3664
OR	Rufus	45.6852	-120.7268
OR	Saginaw	43.8328	-123.0442
OR	Saint Benedict	45.0575	-122.7767
OR	Saint Helens	45.8608	-122.8282
OR	Saint Paul	45.1960	-122.9674
OR	Salem	44.9260	-122.9797
OR	Sandy	45.3790	-122.2230
OR	Scappoose	45.7655	-122.8928
OR	Scio	44.7168	-122.7684
OR	Scotts Mills	45.0220	-122.6654
OR	Scottsburg	43.6765	-123.8041
OR	Seal Rock	44.4777	-124.0607
OR	Seaside	45.9695	-123.8788
OR	Selma	42.2964	-123.5684
OR	Seneca	44.1277	-119.0578
OR	Shady Cove	42.6076	-122.8122
OR	Shaniko	45.0472	-120.8070
OR	Shedd	44.4530	-123.1065
OR	Sheridan	45.0897	-123.4003
OR	Sherwood	45.3514	-122.8567
OR	Siletz	44.7313	-123.9062
OR	Silver Lake	43.2582	-120.7801
OR	Silverton	44.9910	-122.7627
OR	Sisters	44.3073	-121.5241
OR	Sixes	42.8250	-124.4409
OR	South Beach	44.5712	-124.0600
OR	Sprague River	42.4556	-121.5031
OR	Spray	44.8242	-119.8303
OR	Springfield	44.0611	-123.0153
OR	Stanfield	45.7860	-119.2116
OR	Stayton	44.8021	-122.7624
OR	Sublimity	44.8425	-122.8007
OR	Summer Lake	42.8313	-121.0633
OR	Summerville	45.5077	-118.0270
OR	Sumpter	44.7316	-118.1906
OR	Sutherlin	43.3904	-123.2974
OR	Sweet Home	44.3981	-122.7286
OR	Swisshome	44.0899	-123.8279
OR	Talent	42.2363	-122.7861
OR	Tangent	44.5497	-123.1108
OR	Tenmile	43.1371	-123.5301
OR	Terrebonne	44.3555	-121.1676
OR	The Dalles	45.5995	-121.1905
OR	Thurston	44.0464	-123.0208
OR	Tidewater	44.4055	-123.9149
OR	Tillamook	45.4492	-123.8189
OR	Tiller	42.9859	-122.9081
OR	Timber	45.7270	-123.3119
OR	Toledo	44.6271	-123.9301
OR	Tolovana Park	45.8862	-123.9589
OR	Trail	42.6864	-122.8160
OR	Troutdale	45.5254	-122.3739
OR	Tualatin	45.3727	-122.7631
OR	Turner	44.8476	-122.9501
OR	Tygh Valley	45.2318	-121.2965
OR	Ukiah	45.1342	-118.9314
OR	Umatilla	45.9157	-119.3137
OR	Umpqua	43.3745	-123.5358
OR	Union	45.2019	-117.8536
OR	Unity	44.4491	-118.1627
OR	Vale	44.0039	-117.2674
OR	Veneta	44.0382	-123.3516
OR	Vernonia	45.8573	-123.1967
OR	Vida	44.1300	-122.5044
OR	Waldport	44.4085	-124.0351
OR	Wallowa	45.5717	-117.5357
OR	Walterville	44.1352	-122.6291
OR	Walton	44.0282	-123.5893
OR	Warm Springs	44.7468	-121.2909
OR	Warren	45.8260	-122.8634
OR	Warrenton	46.1450	-123.9254
OR	Wasco	45.5974	-120.7304
OR	Wedderburn	42.4297	-124.4139
OR	Welches	45.3399	-121.9598
OR	West Linn	45.3669	-122.6480
OR	Westfall	43.9922	-117.6877
OR	Westfir	43.7566	-122.5141
OR	Westlake	43.9140	-124.0334
OR	Weston	45.8074	-118.3733
OR	Wheeler	45.6892	-123.8794
OR	White City	42.4319	-122.8296
OR	Wilbur	43.3211	-123.3394
OR	Wilderville	42.3925	-123.5139
OR	Willamina	45.0826	-123.5047
OR	Williams	42.2230	-123.2829
OR	Wilsonville	45.2986	-122.7699
OR	Winchester	43.2803	-123.3525
OR	Winston	43.1049	-123.4325
OR	Wolf Creek	42.6551	-123.3515
OR	Woodburn	45.1446	-122.8583
OR	Yachats	44.3256	-124.0863
OR	Yamhill	45.3350	-123.2036
OR	Yoncalla	43.6043	-123.2926
PA	Aaronsburg	40.8769	-77.3880
PA	Abbottstown	39.8881	-76.9931
PA	Abington	40.1281	-75.1289
PA	Ackermanville	40.8648	-75.2073
PA	Acme	40.1049	-79.4827
PA	Acosta	40.1103	-79.0692
PA	Adah	39.8831	-79.8908
PA	Adamsburg	40.3126	-79.6565
PA	Adamstown	40.2430	-76.0565
PA	Adamsville	41.5067	-80.3765
PA	Addison	39.7612	-79.3193
PA	Adrian	40.9049	-79.5074
PA	Airville	39.8210	-76.4012
PA	Akron	40.1571	-76.2053
PA	Alba	41.7050	-76.8286
PA	Albion	41.8859	-80.3753
PA	Albrightsville	40.9748	-75.5842
PA	Alburtis	40.4862	-75.6211
PA	Aleppo	39.8246	-80.4579
PA	Alexandria	40.5499	-78.1071
PA	Aliquippa	40.6044	-80.2816
PA	Allenport	40.0898	-79.8542
PA	Allensville	40.5249	-77.8294
PA	Allentown	40.6027	-75.4710
PA	Allenwood	41.1264	-76.9724
PA	Allison	39.9826	-79.8757
PA	Allison Park	40.5700	-79.9665
PA	Allport	40.9750	-78.2104
PA	Altoona	40.5209	-78.4089
PA	Alum Bank	40.1858	-78.6206
PA	Alverda	40.6303	-78.8572
PA	Alverton	40.1279	-79.5586
PA	Amberson	40.1703	-77.6775
PA	Ambler	40.1663	-75.2072
PA	Ambridge	40.5954	-80.2198
PA	Amity	40.0618	-80.1949
PA	Analomink	41.0511	-75.2208
PA	Andreas	40.7465	-75.8342
PA	Anita	41.0018	-78.9666
PA	Annville	40.3456	-76.5447
PA	Antes Fort	41.1917	-77.2242
PA	Apollo	40.5565	-79.5772
PA	Aquashicola	40.8111	-75.5906
PA	Arcadia	40.7811	-78.8528
PA	Archbald	41.4956	-75.5552
PA	Arcola	40.1525	-75.4569
PA	Ardara	40.3630	-79.7335
PA	Ardmore	40.0020	-75.2966
PA	Arendtsville	39.9231	-77.2989
PA	Aristes	40.8183	-76.3386
PA	Armagh	40.4425	-79.0131
PA	Armbrust	40.2361	-79.5539
PA	Arnot	41.6625	-77.1233
PA	Arona	40.2680	-79.6591
PA	Artemas	39.7575	-78.4031
PA	Ashfield	40.7844	-75.7139
PA	Ashland	40.7732	-76.3430
PA	Ashville	40.5513	-78.5346
PA	Aspers	39.9765	-77.2287
PA	Aston	39.8643	-75.4332
PA	Atglen	39.9458	-75.9703
PA	Athens	41.9490	-76.4889
PA	Atlantic	41.5333	-80.2863
PA	Atlasburg	40.3411	-80.3831
PA	Auburn	40.5962	-76.1344
PA	Audubon	40.1244	-75.4359
PA	Aultman	40.5401	-79.2198
PA	Austin	41.6296	-78.0908
PA	Avella	40.2734	-80.4565
PA	Avis	41.1847	-77.3142
PA	Avondale	39.8219	-75.7687
PA	Avonmore	40.5221	-79.4853
PA	Baden	40.6416	-80.1985
PA	Bainbridge	40.1086	-76.6726
PA	Bairdford	40.6311	-79.8817
PA	Bakerstown	40.6478	-79.9310
PA	Bala Cynwyd	40.0118	-75.2342
PA	Bally	40.4006	-75.5875
PA	Bangor	40.8549	-75.1956
PA	Barnesville	40.8138	-76.0611
PA	Bart	39.9233	-76.0764
PA	Barto	40.3815	-75.5749
PA	Bartonsville	41.0080	-75.2967
PA	Bath	40.7551	-75.4086
PA	Bausman	40.0242	-76.3311
PA	Beach Haven	41.0683	-76.1761
PA	Beach Lake	41.6034	-75.1165
PA	Beallsville	40.0645	-80.0251
PA	Bear Creek	41.1192	-75.7194
PA	Bear Lake	41.9701	-79.4614
PA	Beaver	40.6972	-80.3365
PA	Beaver Falls	40.7662	-80.3399
PA	Beaver Meadows	40.9227	-75.9406
PA	Beaver Springs	40.7528	-77.2318
PA	Beaverdale	40.3219	-78.6972
PA	Beavertown	40.7774	-77.1691
PA	Beccaria	40.7579	-78.5080
PA	Bechtelsville	40.3795	-75.6257
PA	Bedford	39.9908	-78.5261
PA	Bedminster	40.4258	-75.1794
PA	Beech Creek	41.0845	-77.5851
PA	Belle Vernon	40.1437	-79.8345
PA	Bellefonte	40.9094	-77.7642
PA	Belleville	40.6016	-77.7358
PA	Bellwood	40.6039	-78.3372
PA	Belsano	40.5194	-78.8714
PA	Bendersville	39.9825	-77.2497
PA	Benezett	41.3253	-78.3576
PA	Bensalem	40.1109	-74.9378
PA	Bentleyville	40.1187	-80.0070
PA	Benton	41.2231	-76.3406
PA	Berlin	39.9188	-78.9637
PA	Bernville	40.4551	-76.1247
PA	Berrysburg	40.6020	-76.8112
PA	Berwick	41.0665	-76.2443
PA	Berwyn	40.0412	-75.4475
PA	Bessemer	40.9755	-80.4937
PA	Bethel	40.4808	-76.2742
PA	Bethel Park	40.3210	-80.0398
PA	Bethlehem	40.6335	-75.3952
PA	Beyer	40.7864	-79.2014
PA	Big Cove Tannery	39.8897	-78.0124
PA	Big Run	40.9669	-78.8786
PA	Bigler	40.9847	-78.3067
PA	Biglerville	39.9281	-77.2885
PA	Birchrunville	40.1294	-75.6381
PA	Bird In Hand	40.0561	-76.1830
PA	Birdsboro	40.2563	-75.8344
PA	Black Lick	40.4669	-79.1932
PA	Blain	40.3293	-77.5117
PA	Blairs Mills	40.2548	-77.7695
PA	Blairsville	40.4413	-79.2533
PA	Blakeslee	41.0485	-75.5343
PA	Blanchard	41.0642	-77.5981
PA	Blandburg	40.6869	-78.4111
PA	Blandon	40.4435	-75.8837
PA	Blooming Glen	40.3694	-75.2486
PA	Bloomsburg	41.0115	-76.4384
PA	Blossburg	41.6698	-77.0797
PA	Blue Ball	40.1186	-76.0475
PA	Blue Bell	40.1594	-75.2797
PA	Blue Ridge Summit	39.7270	-77.4698
PA	Boalsburg	40.7793	-77.7822
PA	Bobtown	39.7611	-79.9817
PA	Boiling Springs	40.1449	-77.1195
PA	Bolivar	40.3673	-79.1605
PA	Boswell	40.1918	-79.0362
PA	Bovard	40.3197	-79.5036
PA	Bowers	40.4872	-75.7425
PA	Bowmansdale	40.1661	-76.9783
PA	Bowmanstown	40.7997	-75.6622
PA	Bowmansville	40.1967	-76.0178
PA	Boyers	41.1083	-79.8991
PA	Boyertown	40.3339	-75.6604
PA	Boynton	39.7667	-79.0669
PA	Brackenridge	40.6082	-79.7414
PA	Brackney	41.9666	-75.9375
PA	Braddock	40.4063	-79.8644
PA	Bradenville	40.2961	-79.3097
PA	Bradford	41.9547	-78.6540
PA	Bradfordwoods	40.6342	-80.0823
PA	Branchdale	40.6643	-76.3328
PA	Branchton	41.0725	-79.9858
PA	Brandamore	40.0536	-75.8203
PA	Brandy Camp	41.3208	-78.6878
PA	Brave	39.7247	-80.2603
PA	Breezewood	39.9905	-78.2453
PA	Breinigsville	40.5526	-75.6553
PA	Bridgeport	40.1030	-75.3402
PA	Bridgeville	40.3472	-80.1153
PA	Brier Hill	39.9803	-79.8283
PA	Brisbin	40.8387	-78.3526
PA	Bristol	40.1092	-74.8607
PA	Broad Top	40.2019	-78.1406
PA	Brockport	41.2822	-78.7128
PA	Brockton	40.7632	-76.0499
PA	Brockway	41.2406	-78.8116
PA	Brodheadsville	40.9309	-75.4104
PA	Brogue	39.8830	-76.4882
PA	Brookhaven	39.8654	-75.3885
PA	Brooklyn	41.7511	-75.8072
PA	Brookville	41.1600	-79.0641
PA	Broomall	39.9747	-75.3602
PA	Brownfield	39.8569	-79.7122
PA	Brownstown	40.1236	-76.2142
PA	Brownsville	40.0267	-79.9206
PA	Bruin	41.0571	-79.7291
PA	Brush Valley	40.5286	-79.0588
PA	Bryn Athyn	40.1314	-75.0678
PA	Bryn Mawr	40.0236	-75.3295
PA	Buck Hill Falls	41.1878	-75.2661
PA	Buckingham	40.3236	-75.0603
PA	Buena Vista	40.2786	-79.7919
PA	Buffalo Mills	39.9220	-78.6996
PA	Bulger	40.4051	-80.3622
PA	Bunola	40.2372	-79.9508
PA	Burgettstown	40.3901	-80.4445
PA	Burlington	41.7797	-76.6078
PA	Burnham	40.6361	-77.5625
PA	Burnside	40.8134	-78.7865
PA	Burnt Cabins	40.0753	-77.9017
PA	Bushkill	41.1285	-75.0132
PA	Butler	40.8621	-79.9027
PA	Byrnedale	41.2865	-78.5051
PA	Cabot	40.7797	-79.7709
PA	Cadogan	40.7539	-79.5798
PA	Cairnbrook	40.1145	-78.8101
PA	California	40.0625	-79.8953
PA	Callensburg	41.1324	-79.5570
PA	Callery	40.7406	-80.0367
PA	Calumet	40.2108	-79.4856
PA	Calvin	40.2987	-78.0237
PA	Cambra	41.1981	-76.3061
PA	Cambridge Springs	41.7946	-80.0280
PA	Cammal	41.3809	-77.4620
PA	Camp Hill	40.2397	-76.9202
PA	Campbelltown	40.2775	-76.5856
PA	Camptown	41.7311	-76.2350
PA	Canadensis	41.2338	-75.2573
PA	Canonsburg	40.2707	-80.1532
PA	Canton	41.6538	-76.8582
PA	Carbondale	41.5835	-75.5074
PA	Cardale	39.9567	-79.8664
PA	Carlisle	40.2039	-77.1995
PA	Carlton	41.4815	-80.0203
PA	Carmichaels	39.8825	-79.9710
PA	Carnegie	40.4029	-80.0915
PA	Carrolltown	40.5891	-78.7037
PA	Carversville	40.3908	-75.0631
PA	Cashtown	39.8844	-77.3597
PA	Cassandra	40.4086	-78.6408
PA	Cassville	40.2940	-78.0272
PA	Castanea	41.1247	-77.4300
PA	Catasauqua	40.6557	-75.4693
PA	Catawissa	40.9180	-76.4416
PA	Cecil	40.3228	-80.2044
PA	Cedar Run	41.4990	-77.4889
PA	Cedars	40.2125	-75.3689
PA	Center Valley	40.5396	-75.4242
PA	Centerport	40.4861	-76.0078
PA	Centerville	41.7243	-79.7900
PA	Central City	40.0913	-78.8448
PA	Centre Hall	40.8254	-77.6742
PA	Chadds Ford	39.8648	-75.5885
PA	Chalfont	40.2892	-75.2149
PA	Chalk Hill	39.8303	-79.6025
PA	Chambersburg	39.9313	-77.6579
PA	Chambersville	40.7053	-79.1581
PA	Champion	40.0440	-79.3247
PA	Chandlers Valley	41.9342	-79.3039
PA	Charleroi	40.1404	-79.9200
PA	Chatham	39.8533	-75.8219
PA	Cheltenham	40.0603	-75.1048
PA	Cherry Tree	40.7554	-78.8474
PA	Cherryville	40.7385	-75.5521
PA	Chest Springs	40.5800	-78.6072
PA	Chester	39.8498	-75.3747
PA	Chester Heights	39.8900	-75.4758
PA	Chester Springs	40.0978	-75.6398
PA	Chestnut Ridge	39.9803	-79.8067
PA	Cheswick	40.5681	-79.8410
PA	Cheyney	39.9175	-75.5487
PA	Chicora	40.9458	-79.7462
PA	Chinchilla	41.4750	-75.6775
PA	Christiana	39.9356	-76.0260
PA	Clairton	40.2989	-79.9101
PA	Clarence	41.0585	-77.9312
PA	Clarendon	41.7302	-79.1719
PA	Claridge	40.3656	-79.6225
PA	Clarington	41.3233	-79.1466
PA	Clarion	41.2123	-79.3773
PA	Clark	41.2861	-80.4278
PA	Clarks Mills	41.3851	-80.1752
PA	Clarks Summit	41.4878	-75.7057
PA	Clarksburg	40.5039	-79.3677
PA	Clarksville	39.9941	-80.0124
PA	Claysburg	40.3292	-78.4797
PA	Claysville	40.1376	-80.3859
PA	Clearfield	41.0210	-78.4435
PA	Clearville	39.8533	-78.4392
PA	Clifford	41.6489	-75.5992
PA	Clifton Heights	39.9236	-75.2996
PA	Clinton	40.5131	-80.3423
PA	Clintonville	41.2002	-79.8734
PA	Clune	40.5536	-79.3067
PA	Clymer	40.6688	-79.0119
PA	Coal Center	40.0973	-79.8839
PA	Coal Township	40.8030	-76.4982
PA	Coaldale	40.8219	-75.9104
PA	Coalport	40.7503	-78.5352
PA	Coatesville	39.9843	-75.8253
PA	Coburn	40.8678	-77.4922
PA	Cochranton	41.5205	-80.0573
PA	Cochranville	39.8757	-75.9214
PA	Cocolamus	40.6567	-77.1067
PA	Codorus	39.8172	-76.8414
PA	Cogan Station	41.3152	-77.0690
PA	Cokeburg	40.1008	-80.0652
PA	Collegeville	40.1893	-75.4488
PA	Colmar	40.2718	-75.2669
PA	Columbia	40.0391	-76.4862
PA	Columbia Cross Roads	41.8463	-76.7932
PA	Columbus	41.9382	-79.5731
PA	Colver	40.5411	-78.7784
PA	Commodore	40.7016	-78.9134
PA	Concord	40.2458	-77.7031
PA	Concordville	39.8850	-75.5205
PA	Conestoga	39.9403	-76.3575
PA	Confluence	39.8212	-79.3513
PA	Conneaut Lake	41.6189	-80.3086
PA	Conneautville	41.7455	-80.3445
PA	Connellsville	40.0250	-79.5878
PA	Connoquenessing	40.8178	-80.0144
PA	Conshohocken	40.0798	-75.3013
PA	Conway	40.6649	-80.2349
PA	Conyngham	40.9919	-76.0569
PA	Cooksburg	41.3384	-79.1971
PA	Coolspring	40.9518	-78.9220
PA	Coopersburg	40.5076	-75.3888
PA	Cooperstown	41.4980	-79.8757
PA	Coplay	40.6849	-75.5188
PA	Coral	40.4992	-79.1742
PA	Coraopolis	40.5132	-80.1897
PA	Cornwall	40.2736	-76.4064
PA	Corry	41.9226	-79.6567
PA	Corsica	41.1830	-79.1756
PA	Coudersport	41.7815	-78.0039
PA	Coulters	40.3031	-79.7944
PA	Coupon	40.5367	-78.5153
PA	Covington	41.7393	-77.1088
PA	Cowanesque	41.9331	-77.4975
PA	Cowansville	40.9230	-79.5946
PA	Crabtree	40.3622	-79.4708
PA	Craley	39.9475	-76.5108
PA	Cranberry	41.3372	-79.7191
PA	Cranberry Twp	40.6922	-80.1233
PA	Cranesville	41.9162	-80.3085
PA	Creamery	40.2200	-75.4167
PA	Creekside	40.7199	-79.2014
PA	Creighton	40.5821	-79.7818
PA	Crescent	40.5575	-80.2303
PA	Cresco	41.1606	-75.2682
PA	Cresson	40.4608	-78.5861
PA	Cressona	40.6284	-76.1950
PA	Crosby	41.7134	-78.3746
PA	Cross Fork	41.4737	-77.8095
PA	Crown	41.3897	-79.2711
PA	Croydon	40.0933	-74.8991
PA	Crucible	39.9483	-79.9650
PA	Crum Lynne	39.8685	-75.3374
PA	Crystal Spring	39.9200	-78.2258
PA	Cuddy	40.3601	-80.1644
PA	Cumbola	40.7117	-76.1381
PA	Curllsville	41.0986	-79.4469
PA	Curryville	40.2758	-78.3386
PA	Curtisville	40.6422	-79.8511
PA	Curwensville	40.9660	-78.5272
PA	Custer City	41.9058	-78.6519
PA	Cyclone	41.8263	-78.5667
PA	Dagus Mines	41.3539	-78.6058
PA	Daisytown	40.0743	-79.9670
PA	Dallas	41.3638	-75.9589
PA	Dallastown	39.9001	-76.6448
PA	Dalmatia	40.6483	-76.8797
PA	Dalton	41.5395	-75.7037
PA	Damascus	41.7366	-75.1312
PA	Danboro	40.3544	-75.1331
PA	Danielsville	40.7866	-75.5186
PA	Danville	40.9799	-76.6229
PA	Darby	39.9167	-75.2662
PA	Darlington	40.7968	-80.4556
PA	Darragh	40.2604	-79.6780
PA	Dauphin	40.3846	-76.9283
PA	Davidsville	40.2245	-78.9363
PA	Dawson	40.0638	-79.6602
PA	Dayton	40.8741	-79.2686
PA	De Lancey	40.9814	-78.9794
PA	De Young	41.5747	-78.9119
PA	Defiance	40.1611	-78.2300
PA	Delano	40.8410	-76.0695
PA	Delaware Water Gap	40.9829	-75.1500
PA	Delmont	40.4139	-79.5764
PA	Delta	39.7518	-76.3441
PA	Denbo	40.0122	-79.9319
PA	Denver	40.2297	-76.1157
PA	Derrick City	41.9726	-78.5626
PA	Derry	40.3349	-79.3326
PA	Devault	40.0744	-75.5356
PA	Devon	40.0452	-75.4227
PA	Dewart	41.1092	-76.8769
PA	Dickerson Run	40.0456	-79.6667
PA	Dickson City	41.4623	-75.6243
PA	Dilliner	39.7555	-79.9771
PA	Dillsburg	40.0964	-77.0339
PA	Dilltown	40.4664	-79.0028
PA	Dimock	41.7464	-75.8986
PA	Dingmans Ferry	41.2400	-74.9380
PA	Distant	40.9694	-79.3569
PA	Dixonville	40.7164	-79.0072
PA	Donegal	40.0996	-79.3810
PA	Donora	40.1768	-79.8619
PA	Dornsife	40.7571	-76.7626
PA	Douglassville	40.2709	-75.7397
PA	Dover	40.0062	-76.8555
PA	Downingtown	40.0161	-75.7183
PA	Doylesburg	40.2172	-77.6862
PA	Doylestown	40.3204	-75.1300
PA	Dravosburg	40.3527	-79.8895
PA	Dresher	40.1431	-75.1624
PA	Drexel Hill	39.9492	-75.3035
PA	Drifting	41.0242	-78.1086
PA	Drifton	40.9997	-75.9058
PA	Driftwood	41.3764	-78.1632
PA	Drumore	39.8384	-76.2457
PA	Drums	41.0255	-75.9768
PA	Dry Run	40.1747	-77.7646
PA	Du Bois	41.1260	-78.7527
PA	Dublin	40.3720	-75.2045
PA	Dudley	40.2195	-78.1838
PA	Duke Center	41.9540	-78.4923
PA	Dunbar	39.9722	-79.6431
PA	Duncannon	40.4087	-77.0473
PA	Duncansville	40.4262	-78.4383
PA	Dunlevy	40.1151	-79.8627
PA	Dunlo	40.2944	-78.7214
PA	Duquesne	40.3704	-79.8522
PA	Durham	40.5756	-75.2236
PA	Duryea	41.3486	-75.7611
PA	Dushore	41.5232	-76.4021
PA	Dysart	40.6088	-78.5271
PA	Eagles Mere	41.4108	-76.5822
PA	Eagleville	40.1567	-75.4045
PA	Earlington	40.3208	-75.3728
PA	Earlville	40.3167	-75.7372
PA	East Berlin	39.9645	-77.0073
PA	East Brady	40.9744	-79.6302
PA	East Butler	40.8778	-79.8467
PA	East Earl	40.1395	-76.0276
PA	East Freedom	40.3282	-78.4475
PA	East Greenville	40.4119	-75.5056
PA	East Hickory	41.5691	-79.3855
PA	East Mc Keesport	40.3839	-79.8079
PA	East Millsboro	39.9822	-79.9664
PA	East Petersburg	40.1008	-76.3512
PA	East Pittsburgh	40.4036	-79.8389
PA	East Prospect	39.9719	-76.5203
PA	East Smethport	41.8086	-78.4197
PA	East Smithfield	41.8631	-76.6172
PA	East Springfield	41.9794	-80.4303
PA	East Stroudsburg	41.0367	-75.1735
PA	East Texas	40.5475	-75.5617
PA	East Vandergrift	40.5981	-79.5614
PA	East Waterford	40.3542	-77.6528
PA	Easton	40.7533	-75.2517
PA	Eau Claire	41.1348	-79.7981
PA	Ebensburg	40.4801	-78.7263
PA	Ebervale	40.9861	-75.9417
PA	Edgemont	39.9747	-75.4508
PA	Edinboro	41.8756	-80.1356
PA	Edinburg	41.0276	-80.4632
PA	Effort	40.9669	-75.4523
PA	Eighty Four	40.1868	-80.0627
PA	Elco	40.0797	-79.8758
PA	Elderton	40.6950	-79.3417
PA	Eldred	41.9489	-78.3884
PA	Elgin	41.9031	-79.7439
PA	Elizabeth	40.2656	-79.8568
PA	Elizabethtown	40.1553	-76.6025
PA	Elizabethville	40.5550	-76.8355
PA	Elkins Park	40.0731	-75.1250
PA	Elkland	41.9882	-77.3134
PA	Elliottsburg	40.3624	-77.2703
PA	Ellsworth	40.1073	-80.0204
PA	Ellwood City	40.8590	-80.2746
PA	Elm	40.2039	-76.3492
PA	Elmhurst	41.3778	-75.5450
PA	Elmora	40.5925	-78.7406
PA	Elrama	40.2519	-79.9253
PA	Elton	40.2797	-78.8025
PA	Elverson	40.1568	-75.7866
PA	Elysburg	40.8639	-76.5569
PA	Emeigh	40.6947	-78.7872
PA	Emigsville	40.0217	-76.7283
PA	Emlenton	41.2028	-79.7470
PA	Emmaus	40.5293	-75.5010
PA	Emporium	41.5177	-78.2536
PA	Endeavor	41.5894	-79.3853
PA	Enola	40.2922	-76.9432
PA	Enon Valley	40.8721	-80.4612
PA	Entriken	40.3339	-78.1992
PA	Ephrata	40.1756	-76.1821
PA	Equinunk	41.8117	-75.1891
PA	Erie	42.1260	-80.0860
PA	Ernest	40.7043	-79.0969
PA	Erwinna	40.5087	-75.0804
PA	Essington	39.8669	-75.2935
PA	Etters	40.1545	-76.8019
PA	Evans City	40.7808	-80.0592
PA	Everett	40.0098	-78.3713
PA	Everson	40.0911	-79.5873
PA	Export	40.4252	-79.6110
PA	Exton	40.0468	-75.6432
PA	Factoryville	41.5762	-75.7652
PA	Fairbank	39.9433	-79.8497
PA	Fairchance	39.8229	-79.7551
PA	Fairfield	39.7627	-77.3768
PA	Fairhope	39.9090	-78.8275
PA	Fairless Hills	40.1748	-74.8519
PA	Fairmount City	41.0429	-79.2784
PA	Fairview	42.0407	-80.2395
PA	Fairview Village	40.1577	-75.3875
PA	Fallentimber	40.6719	-78.4659
PA	Falls	41.4667	-75.8560
PA	Falls Creek	41.1455	-78.8128
PA	Fannettsburg	40.0717	-77.8210
PA	Farmington	39.8070	-79.5832
PA	Farrell	41.2110	-80.4944
PA	Fawn Grove	39.7510	-76.4392
PA	Fayette City	40.0988	-79.8366
PA	Fayetteville	39.9065	-77.5310
PA	Feasterville Trevose	40.1512	-74.9838
PA	Felton	39.8360	-76.5937
PA	Fenelton	40.8555	-79.7372
PA	Ferndale	40.5336	-75.1792
PA	Finleyville	40.2593	-79.9753
PA	Fisher	41.2667	-79.2470
PA	Fishertown	40.1217	-78.5858
PA	Fleetville	41.5981	-75.7150
PA	Fleetwood	40.4468	-75.8144
PA	Fleming	40.9125	-77.9286
PA	Flicksville	40.8648	-75.2073
PA	Flinton	40.7016	-78.4815
PA	Flourtown	40.1068	-75.2115
PA	Fogelsville	40.5930	-75.6568
PA	Folcroft	39.8905	-75.2821
PA	Folsom	39.8901	-75.3296
PA	Fombell	40.8125	-80.2073
PA	Forbes Road	40.3539	-79.5219
PA	Force	41.2578	-78.5014
PA	Ford City	40.7384	-79.5122
PA	Ford Cliff	40.7603	-79.5339
PA	Forest City	41.6546	-75.4873
PA	Forest Grove	40.2922	-75.0594
PA	Forestville	41.1058	-80.0061
PA	Forksville	41.5269	-76.6008
PA	Fort Hill	39.8773	-79.2353
PA	Fort Littleton	40.0544	-77.9757
PA	Fort Loudon	39.9547	-77.8984
PA	Fort Washington	40.1744	-74.9230
PA	Fountainville	40.3368	-75.1536
PA	Foxburg	41.1602	-79.6534
PA	Frackville	40.7825	-76.2311
PA	Franconia	40.3078	-75.3581
PA	Franklin	41.4048	-79.8309
PA	Franklintown	40.0767	-77.0286
PA	Frederick	40.2999	-75.5320
PA	Fredericksburg	40.4524	-76.4267
PA	Fredericktown	40.0237	-80.0309
PA	Fredonia	41.3241	-80.2699
PA	Freeburg	40.7675	-76.9430
PA	Freedom	40.6830	-80.2147
PA	Freeland	41.0196	-75.8880
PA	Freeport	40.7033	-79.6630
PA	Frenchville	41.1038	-78.2345
PA	Friedens	40.0110	-78.9033
PA	Friedensburg	40.6025	-76.2411
PA	Friendsville	41.9164	-76.0257
PA	Frostburg	40.9644	-79.0336
PA	Fryburg	41.3717	-79.4134
PA	Furlong	40.2945	-75.0649
PA	Gaines	41.7471	-77.5680
PA	Galeton	41.7230	-77.6548
PA	Gallitzin	40.4877	-78.5554
PA	Gans	39.7428	-79.8244
PA	Gap	40.0020	-75.9978
PA	Garards Fort	39.8158	-80.0267
PA	Gardenville	40.3725	-75.1081
PA	Gardners	40.0428	-77.1877
PA	Garland	41.8161	-79.4442
PA	Garrett	39.8646	-79.0616
PA	Gastonville	40.2572	-79.9961
PA	Geigertown	40.2025	-75.8367
PA	Genesee	41.9353	-77.8736
PA	Georgetown	40.5743	-80.4900
PA	Germansville	40.7118	-75.7147
PA	Gettysburg	39.8320	-77.2223
PA	Gibbon Glade	39.7364	-79.5736
PA	Gibson	41.8033	-75.6444
PA	Gibsonia	40.6252	-79.9443
PA	Gifford	41.8607	-78.5846
PA	Gilbert	40.9089	-75.4314
PA	Gilberton	40.7994	-76.2128
PA	Gilbertsville	40.3059	-75.5953
PA	Gillett	41.9568	-76.7713
PA	Gipsy	40.8072	-78.8767
PA	Girard	41.9896	-80.3178
PA	Girardville	40.7922	-76.2858
PA	Gladwyne	40.0451	-75.2821
PA	Glasgow	40.7075	-78.4461
PA	Glassport	40.3260	-79.8883
PA	Glen Campbell	40.8508	-78.8555
PA	Glen Hope	40.7984	-78.4999
PA	Glen Lyon	41.1746	-76.0746
PA	Glen Mills	39.9015	-75.5049
PA	Glen Richey	40.9382	-78.4752
PA	Glen Riddle Lima	39.9172	-75.4408
PA	Glen Rock	39.7813	-76.7477
PA	Glenmoore	40.0846	-75.7711
PA	Glenolden	39.9048	-75.2946
PA	Glenshaw	40.5375	-79.9644
PA	Glenside	40.1096	-75.1550
PA	Glenville	39.7599	-76.8620
PA	Goodville	40.1256	-76.0036
PA	Gordon	40.7517	-76.3364
PA	Gordonville	40.0353	-76.1106
PA	Gouldsboro	41.2448	-75.5037
PA	Gradyville	39.9431	-75.4697
PA	Grampian	40.9818	-78.5949
PA	Grand Valley	41.7732	-79.5469
PA	Grantham	40.1564	-76.9892
PA	Grantville	40.3606	-76.6713
PA	Granville	40.5479	-77.6134
PA	Granville Summit	41.6973	-76.7218
PA	Grapeville	40.3038	-79.6032
PA	Grassflat	40.9959	-78.1284
PA	Gratz	40.6104	-76.7189
PA	Gray	40.1358	-79.0931
PA	Graysville	39.9092	-80.3952
PA	Great Bend	41.9775	-75.7327
PA	Greeley	41.4372	-75.0125
PA	Green Lane	40.3534	-75.4351
PA	Greencastle	39.7818	-77.7470
PA	Greenock	40.3122	-79.8069
PA	Greensboro	39.8045	-79.9399
PA	Greensburg	40.3074	-79.5424
PA	Greentown	41.3321	-75.2819
PA	Greenville	41.3994	-80.3803
PA	Grindstone	40.0084	-79.8404
PA	Grove City	41.1607	-80.0841
PA	Grover	41.6144	-76.8675
PA	Guys Mills	41.6333	-79.9714
PA	Gwynedd	40.2021	-75.2507
PA	Gwynedd Valley	40.1842	-75.2567
PA	Hadley	41.4330	-80.1535
PA	Halifax	40.4760	-76.8940
PA	Hallstead	41.9598	-75.7826
PA	Hamburg	40.5488	-75.9874
PA	Hamilton	40.9214	-79.0940
PA	Hamlin	41.4015	-75.3542
PA	Hannastown	40.3536	-79.4969
PA	Hanover	39.7943	-76.9812
PA	Harborcreek	42.1767	-79.9416
PA	Harford	41.7799	-75.6786
PA	Harleigh	40.9806	-75.9717
PA	Harleysville	40.2659	-75.3883
PA	Harmonsburg	41.6608	-80.3181
PA	Harmony	40.8496	-80.1381
PA	Harrisburg	40.2618	-76.8831
PA	Harrison City	40.3725	-79.6798
PA	Harrison Valley	41.9498	-77.6877
PA	Harrisonville	39.9761	-78.0841
PA	Harrisville	41.1631	-79.9796
PA	Hartleton	40.9006	-77.1564
PA	Hartstown	41.5509	-80.3813
PA	Harveys Lake	41.3592	-76.0451
PA	Harwick	40.5574	-79.8051
PA	Hastings	40.6659	-78.7029
PA	Hatboro	40.1785	-75.1072
PA	Hatfield	40.2778	-75.2975
PA	Haverford	40.0097	-75.3121
PA	Havertown	39.9774	-75.3106
PA	Hawk Run	40.9412	-78.2138
PA	Hawley	41.4787	-75.1978
PA	Hawthorn	41.0200	-79.2747
PA	Hazel Hurst	41.7058	-78.5828
PA	Hazleton	40.9621	-75.9782
PA	Hegins	40.6669	-76.4732
PA	Heilwood	40.6208	-78.9153
PA	Hellertown	40.5817	-75.3255
PA	Hendersonville	40.2992	-80.1525
PA	Henryville	41.0889	-75.2798
PA	Hereford	40.4487	-75.5800
PA	Herman	40.8300	-79.8114
PA	Herminie	40.2455	-79.7172
PA	Hermitage	41.2326	-80.4530
PA	Herndon	40.6918	-76.8008
PA	Herrick Center	41.7643	-75.5044
PA	Hershey	40.2638	-76.6545
PA	Hesston	40.4121	-78.1281
PA	Hibbs	39.9317	-79.8828
PA	Hickory	40.2925	-80.3025
PA	Hidden Valley	40.0450	-79.1183
PA	Highspire	40.2083	-76.7853
PA	Hiller	40.0045	-79.8999
PA	Hilliards	41.1009	-79.8215
PA	Hillsdale	40.7517	-78.8853
PA	Hillsgrove	41.4482	-76.6979
PA	Hillsville	41.0078	-80.4969
PA	Hilltown	40.3476	-75.2712
PA	Holbrook	39.8489	-80.3385
PA	Holicong	40.3356	-75.0478
PA	Hollidaysburg	40.4387	-78.3686
PA	Hollsopple	40.2343	-78.9515
PA	Holmes	39.9003	-75.3087
PA	Holtwood	39.8631	-76.3008
PA	Home	40.7834	-79.1641
PA	Homer City	40.5384	-79.1839
PA	Homestead	40.3942	-79.9042
PA	Honesdale	41.5792	-75.2528
PA	Honey Brook	40.0832	-75.8843
PA	Honey Grove	40.4309	-77.5761
PA	Hookstown	40.5429	-80.4363
PA	Hooversville	40.1488	-78.9141
PA	Hop Bottom	41.6932	-75.7897
PA	Hopeland	40.2336	-76.2625
PA	Hopewell	40.1192	-78.3129
PA	Hopwood	39.8689	-79.7059
PA	Horsham	40.1821	-75.1479
PA	Hostetter	40.2661	-79.3986
PA	Houston	40.2425	-80.2209
PA	Houtzdale	40.8305	-78.3618
PA	Howard	41.0203	-77.6702
PA	Hughesville	41.2560	-76.7141
PA	Hummels Wharf	40.8317	-76.8361
PA	Hummelstown	40.2782	-76.7094
PA	Hunker	40.2149	-79.5824
PA	Hunlock Creek	41.2459	-76.0879
PA	Huntingdon	40.5023	-78.0050
PA	Huntingdon Valley	40.1297	-75.0590
PA	Huntington Mills	41.2009	-76.1973
PA	Hustontown	40.0441	-78.0148
PA	Hutchinson	40.2261	-79.7319
PA	Hyde	41.0025	-78.4628
PA	Hyde Park	40.6311	-79.5899
PA	Hydetown	41.6525	-79.7272
PA	Hyndman	39.8049	-78.7335
PA	Hyner	41.3317	-77.6444
PA	Ickesburg	40.4342	-77.3429
PA	Idaville	40.0147	-77.2031
PA	Imler	40.2319	-78.5167
PA	Immaculata	40.0439	-75.5269
PA	Imperial	40.4584	-80.2649
PA	Indian Head	40.0202	-79.3934
PA	Indiana	40.6196	-79.1596
PA	Indianola	40.5766	-79.8818
PA	Industry	40.6671	-80.4151
PA	Ingomar	40.5808	-80.0611
PA	Intercourse	40.0375	-76.1053
PA	Irvine	41.8433	-79.2863
PA	Irvona	40.8017	-78.5602
PA	Irwin	40.3192	-79.7239
PA	Isabella	39.9439	-79.9364
PA	Jackson	41.8649	-75.6091
PA	Jackson Center	41.2801	-80.1037
PA	Jacobs Creek	40.1331	-79.7419
PA	James City	41.5931	-78.8505
PA	James Creek	40.3567	-78.1887
PA	Jamestown	41.5060	-80.4565
PA	Jamison	40.2566	-75.0961
PA	Jeannette	40.3295	-79.6144
PA	Jefferson	39.9334	-80.0503
PA	Jenkintown	40.1005	-75.1173
PA	Jenners	40.1473	-79.0546
PA	Jennerstown	40.1597	-79.0667
PA	Jermyn	41.5327	-75.5429
PA	Jerome	40.2089	-78.9839
PA	Jersey Mills	41.3572	-77.4069
PA	Jersey Shore	41.2007	-77.2427
PA	Jessup	41.4724	-75.5689
PA	Jim Thorpe	40.8700	-75.7397
PA	Joffre	40.3810	-80.3915
PA	Johnsonburg	41.4928	-78.6783
PA	Johnstown	40.3260	-78.9141
PA	Jones Mills	40.0798	-79.3399
PA	Jonestown	40.4361	-76.5038
PA	Josephine	40.4772	-79.1817
PA	Julian	40.8917	-77.9332
PA	Junedale	40.9233	-75.9419
PA	Kane	41.6619	-78.7978
PA	Kantner	40.1017	-78.9372
PA	Karns City	41.0022	-79.7160
PA	Karthaus	41.1136	-78.0875
PA	Keisterville	39.9614	-79.7828
PA	Kelayres	40.9008	-76.0039
PA	Kelton	39.7955	-75.8758
PA	Kemblesville	39.7489	-75.8244
PA	Kempton	40.6328	-75.8513
PA	Kennerdell	41.2848	-79.7393
PA	Kennett Square	39.8550	-75.7000
PA	Kent	40.5356	-79.2886
PA	Kersey	41.3563	-78.6015
PA	Kimberton	40.1306	-75.5725
PA	King Of Prussia	40.1024	-75.4785
PA	Kingsley	41.7659	-75.7831
PA	Kingston	41.2742	-75.8903
PA	Kintnersville	40.5310	-75.2117
PA	Kinzers	40.0053	-76.0493
PA	Kirkwood	39.8257	-76.0933
PA	Kittanning	40.8155	-79.5107
PA	Kleinfeltersville	40.3008	-76.2494
PA	Klingerstown	40.6676	-76.6507
PA	Knox	41.2245	-79.5194
PA	Knox Dale	41.0861	-79.0267
PA	Knoxville	41.9596	-77.4357
PA	Koppel	40.8342	-80.3225
PA	Kossuth	41.2902	-79.5882
PA	Kreamer	40.8031	-76.9642
PA	Kresgeville	40.8982	-75.5074
PA	Kulpmont	40.7933	-76.4744
PA	Kulpsville	40.2428	-75.3369
PA	Kunkletown	40.8999	-75.4760
PA	Kutztown	40.5214	-75.7774
PA	Kylertown	40.9933	-78.1675
PA	La Belle	39.9738	-79.9370
PA	La Jose	40.8301	-78.6234
PA	La Plume	41.5567	-75.7542
PA	Laceyville	41.6662	-76.1426
PA	Lackawaxen	41.5043	-75.0749
PA	Lafayette Hill	40.0896	-75.2601
PA	Lahaska	40.3464	-75.0319
PA	Lairdsville	41.2335	-76.5889
PA	Lake Ariel	41.4395	-75.4313
PA	Lake City	42.0204	-80.3388
PA	Lake Como	41.8666	-75.3231
PA	Lake Harmony	41.0542	-75.6331
PA	Lake Lynn	39.7501	-79.8618
PA	Lake Winola	41.5194	-75.8444
PA	Lakeville	41.4223	-75.2607
PA	Lakewood	41.8171	-75.3838
PA	Lamar	41.0161	-77.5314
PA	Lamartine	41.2225	-79.6342
PA	Lampeter	39.9900	-76.2400
PA	Lancaster	40.0754	-76.3199
PA	Landenberg	39.7696	-75.7807
PA	Landingville	40.6261	-76.1239
PA	Landisburg	40.3326	-77.3191
PA	Landisville	40.0883	-76.4150
PA	Lanesboro	41.9569	-75.5853
PA	Langeloth	40.3650	-80.4142
PA	Langhorne	40.1751	-74.9151
PA	Lansdale	40.2378	-75.2955
PA	Lansdowne	39.9378	-75.2649
PA	Lanse	40.9750	-78.1297
PA	Lansford	40.8314	-75.8828
PA	Laporte	41.4239	-76.4944
PA	Larimer	40.3518	-79.7366
PA	Latrobe	40.2926	-79.4103
PA	Lattimer Mines	40.9553	-76.0000
PA	Laughlintown	40.2080	-79.1806
PA	Laurelton	40.9127	-77.2052
PA	Laurys Station	40.7231	-76.5306
PA	Lavelle	40.7633	-76.3831
PA	Lawn	40.2200	-76.5394
PA	Lawrence	40.3116	-80.1440
PA	Lawrenceville	41.9783	-77.1136
PA	Lawton	41.7573	-76.0912
PA	Le Raysville	41.8434	-76.1796
PA	Lebanon	40.3359	-76.4259
PA	Leck Kill	40.7101	-76.6271
PA	Leckrone	39.8614	-79.8703
PA	Lecontes Mills	41.0831	-78.2836
PA	Lederach	40.2617	-75.4064
PA	Leechburg	40.6344	-79.6201
PA	Leeper	41.3671	-79.3022
PA	Leesport	40.4152	-75.9944
PA	Leetsdale	40.5662	-80.2099
PA	Lehigh Valley	40.5897	-75.4647
PA	Lehighton	40.8300	-75.7061
PA	Lehman	41.3169	-76.0228
PA	Leisenring	39.9983	-79.6431
PA	Lemasters	39.8611	-77.8597
PA	Lemont	40.8106	-77.8186
PA	Lemont Furnace	39.9311	-79.6477
PA	Lemoyne	40.2472	-76.8976
PA	Lenhartsville	40.5753	-75.8500
PA	Lenni	39.8939	-75.4481
PA	Lenoxville	41.6677	-75.6319
PA	Leola	40.0964	-76.1921
PA	Levittown	40.1681	-74.8231
PA	Lewis Run	41.8211	-78.6805
PA	Lewisberry	40.1463	-76.8700
PA	Lewisburg	40.9702	-76.9099
PA	Lewistown	40.5994	-77.5756
PA	Lewisville	39.7225	-75.8753
PA	Liberty	41.5656	-77.1195
PA	Lickingville	41.3789	-79.3715
PA	Lightstreet	41.0361	-76.4239
PA	Ligonier	40.2451	-79.2367
PA	Lilly	40.4238	-78.6231
PA	Limekiln	40.3519	-75.7892
PA	Limeport	40.5089	-75.4475
PA	Limestone	41.1334	-79.2993
PA	Lincoln University	39.7809	-75.8818
PA	Linden	41.2472	-77.1527
PA	Line Lexington	40.2888	-75.2555
PA	Linesville	41.6635	-80.4269
PA	Lionville	40.0289	-75.6211
PA	Listie	40.0281	-79.0136
PA	Lititz	40.1626	-76.2993
PA	Little Meadows	41.9766	-76.1185
PA	Littlestown	39.7495	-77.1003
PA	Liverpool	40.5753	-77.0083
PA	Llewellyn	40.6728	-76.2794
PA	Lock Haven	41.1425	-77.4436
PA	Locust Gap	40.7717	-76.4417
PA	Locustdale	40.7786	-76.3767
PA	Loganton	41.0283	-77.3204
PA	Loganville	39.8556	-76.7078
PA	Long Pond	41.0677	-75.4482
PA	Lopez	41.4180	-76.3002
PA	Loretto	40.5105	-78.6294
PA	Lost Creek	40.8064	-76.2472
PA	Lowber	40.2458	-79.7711
PA	Loyalhanna	40.3020	-79.3442
PA	Loysburg	40.1746	-78.3864
PA	Loysville	40.3658	-77.4138
PA	Lucernemines	40.5453	-79.1573
PA	Lucinda	41.3124	-79.3754
PA	Ludlow	41.7284	-78.9243
PA	Lumberville	40.4071	-75.0552
PA	Lurgan	40.1274	-77.6351
PA	Luthersburg	41.0532	-78.7428
PA	Luxor	40.3342	-79.4783
PA	Luzerne	41.2843	-75.8935
PA	Lykens	40.5909	-76.7074
PA	Lyndell	40.0594	-75.7450
PA	Lyndora	40.8551	-79.9214
PA	Lyon Station	40.4806	-75.7589
PA	Mackeyville	41.0544	-77.4617
PA	Macungie	40.5285	-75.5666
PA	Madera	40.8271	-78.4275
PA	Madison	40.2467	-79.6760
PA	Madisonburg	40.9334	-77.4950
PA	Mahanoy City	40.8123	-76.1396
PA	Mahanoy Plane	40.7944	-76.2422
PA	Mainesburg	41.7900	-76.9682
PA	Mainland	40.2558	-75.3606
PA	Malvern	40.0371	-75.5330
PA	Mammoth	40.2008	-79.4633
PA	Manchester	40.0695	-76.7332
PA	Manheim	40.1702	-76.4168
PA	Manns Choice	39.9808	-78.6423
PA	Manor	40.3382	-79.6712
PA	Manorville	40.7863	-79.5213
PA	Mansfield	41.8123	-77.0716
PA	Mapleton Depot	40.3864	-77.9604
PA	Mar Lin	40.6783	-76.2456
PA	Marble	41.3261	-79.4459
PA	Marchand	40.8754	-79.0452
PA	Marcus Hook	39.8339	-75.4483
PA	Marianna	40.0331	-80.1145
PA	Marienville	41.4622	-79.1306
PA	Marietta	40.0664	-76.5645
PA	Marion	39.8572	-77.6956
PA	Marion Center	40.7814	-79.0252
PA	Marion Heights	40.8046	-76.4651
PA	Markleton	39.8691	-79.2879
PA	Markleysburg	39.7597	-79.4600
PA	Mars	40.7005	-80.0358
PA	Marshalls Creek	41.0431	-75.1278
PA	Marsteller	40.6500	-78.8134
PA	Martin	39.8064	-79.9100
PA	Martindale	40.1531	-76.0889
PA	Martins Creek	40.7833	-75.1867
PA	Martinsburg	40.2951	-78.3244
PA	Mary D	40.7600	-76.0564
PA	Marysville	40.3351	-76.9722
PA	Masontown	39.8349	-79.8938
PA	Matamoras	41.3674	-74.7154
PA	Mather	39.9452	-80.0854
PA	Mattawana	40.4961	-77.7297
PA	Maxatawny	40.5425	-75.6892
PA	Mayport	40.9906	-79.2617
PA	Maytown	40.0753	-76.5825
PA	Mc Alisterville	40.6469	-77.2602
PA	Mc Clellandtown	39.8902	-79.8590
PA	Mc Clure	40.6991	-77.3758
PA	Mc Connellsburg	39.9443	-77.9901
PA	Mc Connellstown	40.4622	-78.0594
PA	Mc Donald	40.3697	-80.2562
PA	Mc Elhattan	41.1617	-77.3550
PA	Mc Ewensville	41.0728	-76.8181
PA	Mc Grann	40.7693	-79.5309
PA	Mc Intyre	40.5672	-79.2958
PA	Mc Kean	41.9990	-80.1473
PA	Mc Kees Rocks	40.4717	-80.0876
PA	Mc Knightstown	39.8706	-77.3258
PA	Mc Sherrystown	39.8048	-77.0150
PA	Mc Veytown	40.5046	-77.7186
PA	Mcadoo	40.8979	-75.9971
PA	Mcgees Mills	40.8893	-78.7204
PA	Mckeesport	40.3411	-79.8105
PA	Meadow Lands	40.2192	-80.2208
PA	Meadville	41.6338	-80.1488
PA	Mechanicsburg	40.2142	-77.0089
PA	Mechanicsville	40.3438	-75.0630
PA	Media	39.9156	-75.4072
PA	Mehoopany	41.5587	-76.1035
PA	Melcroft	40.0648	-79.3587
PA	Mendenhall	39.8539	-75.6417
PA	Mentcle	40.6372	-78.8825
PA	Mercer	41.2325	-80.2340
PA	Mercersburg	39.8195	-77.9073
PA	Merion Station	40.0030	-75.2503
PA	Merrittstown	39.9649	-79.8744
PA	Mertztown	40.4992	-75.6872
PA	Meshoppen	41.6392	-76.0155
PA	Mexico	40.5375	-77.3536
PA	Meyersdale	39.7905	-79.0261
PA	Middleburg	40.7977	-77.0468
PA	Middlebury Center	41.8917	-77.3148
PA	Middleport	40.7294	-76.0858
PA	Middletown	40.2041	-76.7331
PA	Midland	40.6590	-80.4690
PA	Midway	40.3680	-80.2921
PA	Mifflin	40.5708	-77.4131
PA	Mifflinburg	40.9218	-77.0505
PA	Mifflintown	40.5727	-77.3761
PA	Mifflinville	41.0235	-76.2924
PA	Milan	41.8966	-76.5328
PA	Milanville	41.6492	-75.0882
PA	Mildred	41.4792	-76.3831
PA	Milesburg	40.9417	-77.7853
PA	Milford	41.3228	-74.8824
PA	Milford Square	40.4369	-75.3992
PA	Mill Creek	40.4471	-77.9177
PA	Mill Hall	41.0867	-77.4836
PA	Mill Run	39.9680	-79.4622
PA	Mill Village	41.8764	-79.9717
PA	Millersburg	40.5587	-76.9305
PA	Millerstown	40.5505	-77.1298
PA	Millersville	39.9982	-76.3566
PA	Millerton	41.9625	-76.9748
PA	Millheim	40.8963	-77.4505
PA	Millmont	40.8803	-77.1941
PA	Millrift	41.3583	-74.7739
PA	Mills	41.9025	-77.7621
PA	Millsboro	39.9867	-79.9939
PA	Millville	41.1261	-76.5208
PA	Milnesville	40.9903	-75.9831
PA	Milroy	40.7203	-77.5567
PA	Milton	41.0168	-76.8398
PA	Mineral Point	40.3793	-78.8352
PA	Mineral Springs	40.9981	-78.3639
PA	Minersville	40.6906	-76.2615
PA	Mingoville	40.9322	-77.6483
PA	Minisink Hills	40.9983	-75.1375
PA	Modena	39.9667	-75.8000
PA	Mohnton	40.2584	-75.9833
PA	Mohrsville	40.4783	-76.0125
PA	Monaca	40.6718	-80.2917
PA	Monessen	40.1524	-79.8835
PA	Monocacy Station	40.2617	-75.7669
PA	Monongahela	40.1937	-79.9241
PA	Monroeton	41.6994	-76.5010
PA	Monroeville	40.4290	-79.7623
PA	Mont Alto	39.8417	-77.5537
PA	Mont Clare	40.1364	-75.4999
PA	Montandon	40.9759	-76.8510
PA	Montgomery	41.1788	-76.8839
PA	Montgomeryville	40.2514	-75.2346
PA	Montoursville	41.2663	-76.9030
PA	Montrose	41.8396	-75.8821
PA	Moosic	41.3615	-75.7171
PA	Morann	40.7864	-78.3672
PA	Morgan	40.3604	-80.1541
PA	Morgantown	40.1552	-75.8998
PA	Morris	41.5475	-77.2920
PA	Morris Run	41.6729	-77.0278
PA	Morrisdale	41.0001	-78.2357
PA	Morrisville	40.2121	-74.8222
PA	Morton	39.9063	-75.3238
PA	Moscow	41.3432	-75.5301
PA	Moshannon	41.0342	-78.0095
PA	Mount Aetna	40.4192	-76.2956
PA	Mount Bethel	40.9008	-75.1115
PA	Mount Braddock	39.9428	-79.6447
PA	Mount Carmel	40.7955	-76.4195
PA	Mount Gretna	40.2475	-76.4697
PA	Mount Holly Springs	40.1184	-77.1908
PA	Mount Jewett	41.7247	-78.6446
PA	Mount Joy	40.1068	-76.5076
PA	Mount Morris	39.7443	-80.0968
PA	Mount Pleasant	40.1742	-79.5134
PA	Mount Pleasant Mills	40.7002	-77.0052
PA	Mount Pocono	41.1216	-75.3529
PA	Mount Union	40.3901	-77.8637
PA	Mount Wolf	40.0711	-76.6966
PA	Mountain Top	41.1350	-75.9376
PA	Mountainhome	41.2175	-75.2189
PA	Mountville	40.0427	-76.4277
PA	Muir	40.6136	-76.4682
PA	Muncy	41.2137	-76.7633
PA	Muncy Valley	41.3812	-76.5415
PA	Munson	40.9667	-78.1862
PA	Murrysville	40.4467	-79.6842
PA	Muse	40.2928	-80.2006
PA	Myerstown	40.3789	-76.3143
PA	Nanticoke	41.1963	-76.0044
PA	Nanty Glo	40.4704	-78.8375
PA	Narberth	40.0177	-75.2594
PA	Narvon	40.1252	-75.9756
PA	Natrona Heights	40.6289	-79.7256
PA	Nazareth	40.7450	-75.3199
PA	Needmore	39.8713	-78.1439
PA	Neelyton	40.1371	-77.8580
PA	Neffs	40.6944	-75.6100
PA	Nelson	41.9787	-77.2419
PA	Nemacolin	39.8783	-79.9250
PA	Nescopeck	41.0469	-76.1981
PA	Nesquehoning	40.8626	-75.8239
PA	New Albany	41.5987	-76.4398
PA	New Alexandria	40.3981	-79.3966
PA	New Baltimore	39.9858	-78.7731
PA	New Bedford	41.0972	-80.5050
PA	New Berlin	40.8802	-76.9861
PA	New Berlinville	40.3453	-75.6333
PA	New Bethlehem	40.9999	-79.3527
PA	New Bloomfield	40.4193	-77.1938
PA	New Brighton	40.7393	-80.2972
PA	New Buffalo	40.4542	-76.9700
PA	New Castle	40.9922	-80.3284
PA	New Columbia	41.0541	-76.9019
PA	New Cumberland	40.2151	-76.8689
PA	New Derry	40.3333	-79.3009
PA	New Eagle	40.2066	-79.9534
PA	New Enterprise	40.2000	-78.4259
PA	New Florence	40.3823	-79.0968
PA	New Freedom	39.7423	-76.6841
PA	New Freeport	39.7507	-80.4542
PA	New Galilee	40.8569	-80.3939
PA	New Geneva	39.7883	-79.9094
PA	New Germantown	40.3057	-77.5797
PA	New Holland	40.1005	-76.0801
PA	New Hope	40.3556	-74.9839
PA	New Kensington	40.5712	-79.7415
PA	New Kingstown	40.2331	-77.0800
PA	New London	39.7825	-75.8758
PA	New Milford	41.8664	-75.7171
PA	New Millport	40.8853	-78.4945
PA	New Oxford	39.8775	-77.0643
PA	New Paris	40.1189	-78.5886
PA	New Park	39.7600	-76.5042
PA	New Philadelphia	40.7227	-76.1135
PA	New Providence	39.9098	-76.2243
PA	New Ringgold	40.7149	-75.9484
PA	New Salem	39.9407	-79.8041
PA	New Stanton	40.2233	-79.6182
PA	New Tripoli	40.6545	-75.7417
PA	New Wilmington	41.1382	-80.3245
PA	Newburg	40.1333	-77.5669
PA	Newell	40.0756	-79.8983
PA	Newfoundland	41.3041	-75.3384
PA	Newmanstown	40.3179	-76.2426
PA	Newport	40.4827	-77.1659
PA	Newry	40.3936	-78.4358
PA	Newton Hamilton	40.3917	-77.8372
PA	Newtown	40.2458	-74.9431
PA	Newtown Square	39.9863	-75.4070
PA	Newville	40.1855	-77.4114
PA	Nicholson	41.6412	-75.7641
PA	Nicktown	40.6016	-78.8114
PA	Nineveh	39.9743	-80.3128
PA	Normalville	40.0418	-79.4151
PA	Norristown	40.0959	-75.3733
PA	North Apollo	40.5961	-79.5558
PA	North Bend	41.3500	-77.7025
PA	North East	42.2008	-79.8332
PA	North Springfield	41.9944	-80.4253
PA	North Versailles	40.3762	-79.8124
PA	North Wales	40.2166	-75.2565
PA	North Washington	41.0478	-79.8136
PA	Northampton	40.6998	-75.4874
PA	Northern Cambria	40.6733	-78.7771
PA	Northpoint	40.9037	-79.1257
PA	Northumberland	40.9044	-76.7908
PA	Norvelt	40.2081	-79.4978
PA	Norwood	39.8870	-75.2972
PA	Nottingham	39.7441	-76.0356
PA	Noxen	41.4181	-76.0460
PA	Nu Mine	40.7961	-79.2833
PA	Numidia	40.8806	-76.4025
PA	Nuremberg	40.9381	-76.1700
PA	Oak Ridge	41.0075	-79.2961
PA	Oakdale	40.4287	-80.2026
PA	Oakland Mills	40.6147	-77.3192
PA	Oakmont	40.5196	-79.8369
PA	Oaks	40.1317	-75.4600
PA	Ohiopyle	39.8732	-79.4885
PA	Oil City	41.4319	-79.6916
PA	Olanta	40.9056	-78.5001
PA	Old Forge	41.3701	-75.7391
PA	Old Zionsville	40.4864	-75.5206
PA	Oley	40.3833	-75.7706
PA	Oliveburg	40.9964	-79.0382
PA	Oliver	39.9117	-79.7156
PA	Olyphant	41.4677	-75.6015
PA	Oneida	40.9075	-76.1258
PA	Ono	40.4028	-76.5350
PA	Orangeville	41.1016	-76.3810
PA	Orbisonia	40.2389	-77.9069
PA	Orefield	40.6248	-75.5974
PA	Oreland	40.1132	-75.1869
PA	Orrstown	40.0731	-77.6398
PA	Orrtanna	39.8810	-77.3806
PA	Orson	41.8136	-75.4483
PA	Orviston	41.0754	-77.6203
PA	Orwigsburg	40.6431	-76.0840
PA	Osceola	41.9848	-77.3540
PA	Osceola Mills	40.8722	-78.2757
PA	Ottsville	40.4592	-75.1570
PA	Oxford	39.7827	-75.9815
PA	Palm	40.4317	-75.5331
PA	Palmerton	40.8170	-75.6011
PA	Palmyra	40.3011	-76.5886
PA	Paoli	40.0426	-75.4827
PA	Paradise	39.9852	-76.1081
PA	Parker	41.1009	-79.6889
PA	Parker Ford	40.1994	-75.5842
PA	Parkesburg	39.9654	-75.9260
PA	Parkhill	40.3594	-78.8694
PA	Parryville	40.8181	-75.6731
PA	Patton	40.6230	-78.6350
PA	Paupack	41.3812	-75.2303
PA	Paxinos	40.8448	-76.6350
PA	Paxtonville	40.7703	-77.0839
PA	Peach Bottom	39.7705	-76.1791
PA	Peach Glen	40.0231	-77.2303
PA	Peckville	41.4821	-75.5899
PA	Pen Argyl	40.8518	-75.2701
PA	Penfield	41.2085	-78.5791
PA	Penn	40.3301	-79.6413
PA	Penn Run	40.6268	-78.9716
PA	Penns Creek	40.8597	-77.0556
PA	Penns Park	40.2658	-74.9983
PA	Pennsburg	40.3911	-75.4866
PA	Pennsylvania Furnace	40.7282	-77.9541
PA	Penryn	40.2050	-76.3686
PA	Pequea	39.9058	-76.3209
PA	Perkasie	40.3765	-75.2648
PA	Perkiomenville	40.3157	-75.5022
PA	Perryopolis	40.0857	-79.7544
PA	Petersburg	40.6030	-77.9984
PA	Petrolia	41.0442	-79.7711
PA	Philadelphia	39.8650	-75.2752
PA	Philipsburg	40.8863	-78.2190
PA	Phoenixville	40.1267	-75.5272
PA	Picture Rocks	41.2797	-76.7133
PA	Pillow	40.6408	-76.8028
PA	Pine Forge	40.2828	-75.6911
PA	Pine Grove	40.5671	-76.3269
PA	Pine Grove Mills	40.7336	-77.8858
PA	Pineville	40.2961	-75.0061
PA	Pipersville	40.4262	-75.1074
PA	Pitcairn	40.4048	-79.7770
PA	Pitman	40.7049	-76.5233
PA	Pittsburgh	40.4745	-79.9525
PA	Pittsfield	41.8366	-79.4196
PA	Pittston	41.3175	-75.7885
PA	Plainfield	40.2031	-77.2903
PA	Pleasant Hall	40.0414	-77.7031
PA	Pleasant Mount	41.7322	-75.3989
PA	Pleasant Unity	40.2394	-79.4511
PA	Pleasantville	41.5867	-79.5685
PA	Plumsteadville	40.3872	-75.1469
PA	Plumville	40.7931	-79.1808
PA	Plymouth	41.2458	-75.9481
PA	Plymouth Meeting	40.1077	-75.2796
PA	Pocono Lake	41.1187	-75.5559
PA	Pocono Lake Preserve	41.1053	-75.4764
PA	Pocono Manor	41.1000	-75.3592
PA	Pocono Pines	41.1054	-75.4760
PA	Pocono Summit	41.1040	-75.4136
PA	Pocopson	39.9003	-75.6261
PA	Point Marion	39.7351	-79.8990
PA	Point Pleasant	40.4225	-75.0667
PA	Polk	41.3583	-79.9346
PA	Pomeroy	39.9642	-75.8869
PA	Port Allegany	41.8169	-78.2799
PA	Port Carbon	40.6977	-76.1660
PA	Port Clinton	40.5818	-76.0267
PA	Port Matilda	40.8018	-78.0788
PA	Port Royal	40.5107	-77.4310
PA	Port Trevorton	40.6996	-76.9082
PA	Portage	40.3842	-78.6718
PA	Porters Sideling	39.8253	-76.8950
PA	Portersville	40.9487	-80.1730
PA	Portland	40.9231	-75.0969
PA	Pottersdale	41.1868	-78.0341
PA	Potts Grove	40.9936	-76.7894
PA	Pottstown	40.2453	-75.6500
PA	Pottsville	40.6840	-76.2123
PA	Poyntelle	41.8206	-75.4203
PA	Presto	40.3847	-80.1209
PA	Preston Park	41.8673	-75.3831
PA	Pricedale	40.1314	-79.8444
PA	Prompton	41.5820	-75.3207
PA	Prospect	40.9049	-80.0679
PA	Prospect Park	39.8857	-75.3082
PA	Prosperity	40.0224	-80.2613
PA	Pulaski	41.0942	-80.4685
PA	Punxsutawney	40.9479	-78.9681
PA	Quakake	40.8493	-75.9825
PA	Quakertown	40.4411	-75.3507
PA	Quarryville	39.8949	-76.1465
PA	Quecreek	40.0897	-79.0794
PA	Queen	40.2592	-78.5078
PA	Quentin	40.2794	-76.4386
PA	Quincy	39.8033	-77.5747
PA	Railroad	39.7606	-76.6986
PA	Ralston	41.5038	-76.9583
PA	Ramey	40.8015	-78.3998
PA	Ransom	41.3942	-75.8222
PA	Ravine	40.5744	-76.4042
PA	Reading	40.3466	-75.9351
PA	Reamstown	40.2114	-76.1236
PA	Rebersburg	40.9549	-77.4053
PA	Rebuck	40.7125	-76.7406
PA	Rector	40.1864	-79.2473
PA	Red Hill	40.3758	-75.4846
PA	Red Lion	39.9026	-76.6081
PA	Reeders	40.9895	-75.2781
PA	Reedsville	40.6722	-77.6116
PA	Refton	39.9472	-76.2331
PA	Rehrersburg	40.4575	-76.2447
PA	Reinholds	40.2688	-76.1013
PA	Renfrew	40.8100	-79.9770
PA	Reno	41.4097	-79.7525
PA	Renovo	41.3334	-77.7448
PA	Republic	39.9614	-79.9029
PA	Revere	40.5153	-75.1614
PA	Revloc	40.4922	-78.7644
PA	Rew	41.9122	-78.5354
PA	Rexmont	40.2772	-76.3828
PA	Reynoldsville	41.0629	-78.8961
PA	Rheems	40.1300	-76.5708
PA	Rices Landing	39.9440	-79.9857
PA	Riceville	41.7775	-79.8031
PA	Richboro	40.2167	-75.0029
PA	Richeyville	40.0533	-80.0022
PA	Richfield	40.6884	-77.1223
PA	Richland	40.3806	-76.2654
PA	Richlandtown	40.4722	-75.3219
PA	Riddlesburg	40.1619	-78.2547
PA	Ridgway	41.4316	-78.7297
PA	Ridley Park	39.8784	-75.3215
PA	Riegelsville	40.5782	-75.2191
PA	Rillton	40.2825	-79.7282
PA	Rimersburg	41.0394	-79.5107
PA	Ringgold	40.9997	-79.1766
PA	Ringtown	40.8559	-76.2349
PA	Riverside	40.9513	-76.6375
PA	Rixford	41.9346	-78.4586
PA	Roaring Branch	41.5692	-76.9421
PA	Roaring Spring	40.3277	-78.3928
PA	Robertsdale	40.1787	-78.1117
PA	Robesonia	40.3553	-76.1366
PA	Robinson	40.4077	-79.1379
PA	Rochester	40.7157	-80.2603
PA	Rochester Mills	40.8195	-78.9980
PA	Rock Glen	40.9646	-76.1638
PA	Rockhill Furnace	40.2428	-77.9003
PA	Rockton	41.0806	-78.6577
PA	Rockwood	39.9373	-79.1865
PA	Rogersville	39.9005	-80.2837
PA	Rome	41.8634	-76.3015
PA	Ronco	39.8697	-79.9206
PA	Ronks	40.0208	-76.1661
PA	Roscoe	40.0787	-79.8656
PA	Rossiter	40.8846	-78.9414
PA	Rossville	40.0722	-76.9275
PA	Roulette	41.7738	-78.1538
PA	Rouseville	41.4689	-79.6911
PA	Rouzerville	39.7367	-77.5353
PA	Rowland	41.4711	-75.0425
PA	Roxbury	40.1103	-77.6622
PA	Royersford	40.1929	-75.5305
PA	Ruffs Dale	40.1585	-79.6277
PA	Rural Ridge	40.5856	-79.8289
PA	Rural Valley	40.7885	-79.2991
PA	Rushland	40.2575	-75.0311
PA	Russell	41.9461	-79.1271
PA	Russellton	40.6143	-79.8371
PA	Sabinsville	41.8564	-77.5378
PA	Sacramento	40.6352	-76.6128
PA	Sadsburyville	39.9817	-75.8917
PA	Saegertown	41.7268	-80.1479
PA	Sagamore	40.7800	-79.2281
PA	Saint Benedict	40.6118	-78.7383
PA	Saint Boniface	40.6667	-78.6811
PA	Saint Clair	40.7193	-76.1924
PA	Saint Johns	41.0281	-76.0064
PA	Saint Marys	41.4289	-78.5505
PA	Saint Michael	40.3362	-78.7830
PA	Saint Peters	40.1800	-75.7311
PA	Saint Petersburg	41.1617	-79.6531
PA	Saint Thomas	39.9241	-77.7908
PA	Salford	40.2958	-75.4547
PA	Salfordville	40.2933	-75.4333
PA	Salina	40.5217	-79.4983
PA	Salisbury	39.7531	-79.0835
PA	Salix	40.3006	-78.7437
PA	Salona	41.0842	-77.4633
PA	Saltillo	40.2106	-78.0069
PA	Saltsburg	40.4792	-79.4428
PA	Sandy Lake	41.3383	-80.0497
PA	Sandy Ridge	40.8147	-78.2358
PA	Sarver	40.7143	-79.7424
PA	Sassamansville	40.3419	-75.5725
PA	Saxonburg	40.7361	-79.8352
PA	Saxton	40.2233	-78.2471
PA	Saylorsburg	40.9172	-75.3748
PA	Sayre	41.9842	-76.5218
PA	Scenery Hill	40.0994	-80.0914
PA	Schaefferstown	40.2983	-76.2947
PA	Schellsburg	40.0487	-78.6482
PA	Schenley	40.6844	-79.6619
PA	Schnecksville	40.6819	-75.6239
PA	Schuylkill Haven	40.6306	-76.1700
PA	Schwenksville	40.2471	-75.4602
PA	Sciota	40.9283	-75.2938
PA	Scotland	39.9686	-77.5875
PA	Scotrun	41.0751	-75.3265
PA	Scottdale	40.1029	-79.5930
PA	Scranton	41.3731	-75.6841
PA	Seanor	40.2312	-78.8909
PA	Selinsgrove	40.8224	-76.8683
PA	Sellersville	40.3620	-75.3190
PA	Seltzer	40.6953	-76.2342
PA	Seminole	40.9547	-79.3431
PA	Seneca	41.3744	-79.6759
PA	Seven Valleys	39.8556	-76.7383
PA	Seward	40.4099	-79.0232
PA	Sewickley	40.5570	-80.1578
PA	Shade Gap	40.1730	-77.8680
PA	Shady Grove	39.7778	-77.6689
PA	Shamokin	40.7903	-76.5611
PA	Shamokin Dam	40.8486	-76.8200
PA	Shanksville	40.0178	-78.9075
PA	Sharon	41.2316	-80.4993
PA	Sharon Hill	39.9035	-75.2695
PA	Sharpsville	41.2676	-80.4656
PA	Shartlesville	40.5128	-76.1047
PA	Shavertown	41.2998	-75.9711
PA	Shawanese	41.3514	-76.0344
PA	Shawnee On Delaware	41.0122	-75.1111
PA	Shawville	41.0692	-78.3583
PA	Sheakleyville	41.4428	-80.2081
PA	Sheffield	41.7005	-79.0348
PA	Shelocta	40.6388	-79.3191
PA	Shenandoah	40.8167	-76.2035
PA	Sheppton	40.8881	-76.1380
PA	Shermans Dale	40.3299	-77.1809
PA	Shickshinny	41.1767	-76.1671
PA	Shinglehouse	41.9572	-78.1906
PA	Shippensburg	40.0514	-77.5195
PA	Shippenville	41.2475	-79.4332
PA	Shippingport	40.6260	-80.4199
PA	Shirleysburg	40.3168	-77.8701
PA	Shoemakersville	40.4955	-75.9603
PA	Shohola	41.4182	-74.9180
PA	Shrewsbury	39.7601	-76.6748
PA	Shunk	41.5536	-76.7455
PA	Sidman	40.3299	-78.7460
PA	Sigel	41.3099	-79.0540
PA	Silver Spring	40.0642	-76.4375
PA	Silverdale	40.3475	-75.2714
PA	Sinnamahoning	41.3762	-78.0661
PA	Sipesville	40.0992	-79.0914
PA	Six Mile Run	40.1576	-78.2108
PA	Skippack	40.2228	-75.3992
PA	Skytop	41.2278	-75.2386
PA	Slate Run	41.4728	-77.5019
PA	Slatedale	40.7444	-75.6569
PA	Slatington	40.7407	-75.6216
PA	Slickville	40.4653	-79.5067
PA	Sligo	41.1139	-79.4805
PA	Slippery Rock	41.0454	-80.0468
PA	Slovan	40.3631	-80.3992
PA	Smethport	41.8021	-78.4702
PA	Smicksburg	40.8372	-79.1614
PA	Smithfield	39.7923	-79.8127
PA	Smithmill	40.7678	-78.3994
PA	Smithton	40.1443	-79.7313
PA	Smock	39.9961	-79.7678
PA	Smokerun	40.7947	-78.4278
PA	Smoketown	40.0407	-76.2201
PA	Snow Shoe	41.0376	-77.9523
PA	Snydersburg	41.3328	-79.3558
PA	Snydertown	40.8741	-76.6749
PA	Solebury	40.3806	-75.0086
PA	Somerset	40.0248	-79.0808
PA	Souderton	40.3128	-75.3213
PA	South Canaan	41.5053	-75.4125
PA	South Fork	40.3629	-78.7887
PA	South Gibson	41.7544	-75.6067
PA	South Heights	40.5736	-80.2358
PA	South Montrose	41.7972	-75.8917
PA	South Mountain	39.8464	-77.4881
PA	South Park	40.2922	-80.0011
PA	South Sterling	41.2712	-75.3814
PA	Southampton	40.1902	-75.0060
PA	Southeastern	40.0631	-75.4047
PA	Southview	40.3278	-80.2592
PA	Southwest	40.1989	-79.5211
PA	Spangler	40.6481	-78.7691
PA	Spartansburg	41.7936	-79.6849
PA	Spinnerstown	40.4389	-75.4375
PA	Spraggs	39.7610	-80.2622
PA	Sprankle Mills	41.0185	-79.0778
PA	Spring Church	40.6153	-79.4545
PA	Spring City	40.1765	-75.5697
PA	Spring Creek	41.8468	-79.5655
PA	Spring Glen	40.6334	-76.6350
PA	Spring Grove	39.8572	-76.8774
PA	Spring House	40.1870	-75.2375
PA	Spring Mills	40.8578	-77.5740
PA	Spring Mount	40.2756	-75.4569
PA	Spring Run	40.1466	-77.7405
PA	Springboro	41.8113	-80.3753
PA	Springdale	40.5440	-79.7844
PA	Springfield	39.9296	-75.3338
PA	Springs	39.7489	-79.0889
PA	Springtown	40.5564	-75.2897
PA	Springville	41.7147	-75.9025
PA	Sproul	40.2725	-78.4608
PA	Spruce Creek	40.6218	-78.1361
PA	St Clairsville	40.1586	-78.5099
PA	Stahlstown	40.1386	-79.3445
PA	Star Junction	40.0832	-79.7555
PA	Starford	40.7010	-78.9803
PA	Starlight	41.9251	-75.3212
PA	Starrucca	41.8907	-75.4490
PA	State College	40.7925	-77.8523
PA	State Line	39.7247	-77.7247
PA	Sterling	41.3419	-75.3945
PA	Stevens	40.2194	-76.1626
PA	Stevensville	41.7718	-76.1717
PA	Stewartstown	39.7720	-76.5970
PA	Stillwater	41.1515	-76.3696
PA	Stockdale	40.0826	-79.8501
PA	Stockertown	40.7539	-75.2625
PA	Stoneboro	41.3439	-80.0976
PA	Stoystown	40.1099	-78.9560
PA	Strabane	40.2169	-80.1462
PA	Strasburg	39.9701	-76.1848
PA	Strattanville	41.1955	-79.3082
PA	Strausstown	40.4922	-76.1833
PA	Strongstown	40.5628	-78.9130
PA	Stroudsburg	40.9877	-75.2485
PA	Stump Creek	41.0125	-78.8375
PA	Sturgeon	40.3847	-80.2111
PA	Sugar Grove	41.9475	-79.3186
PA	Sugar Run	41.6041	-76.2598
PA	Sugarloaf	40.9971	-76.0717
PA	Summerdale	40.3089	-76.9278
PA	Summerhill	40.3890	-78.7560
PA	Summerville	41.1058	-79.1726
PA	Summit Hill	40.8255	-75.8693
PA	Summit Station	40.5639	-76.2047
PA	Sumneytown	40.3289	-75.4514
PA	Sunbury	40.8551	-76.7776
PA	Suplee	40.0994	-75.8794
PA	Susquehanna	41.9487	-75.5862
PA	Sutersville	40.2382	-79.7922
PA	Swarthmore	39.8967	-75.3474
PA	Sweet Valley	41.3066	-76.1339
PA	Swengel	40.8922	-77.1269
PA	Swiftwater	41.0879	-75.3483
PA	Sybertsville	41.0014	-76.0767
PA	Sycamore	39.9527	-80.2282
PA	Sykesville	41.0514	-78.8195
PA	Sylvania	41.8050	-76.8572
PA	Tafton	41.3694	-75.1016
PA	Talmage	40.0000	-76.2136
PA	Tamaqua	40.7983	-75.9735
PA	Tamiment	41.1681	-74.9526
PA	Tannersville	41.0482	-75.3100
PA	Tarentum	40.6187	-79.7852
PA	Tarrs	40.1619	-79.5661
PA	Tatamy	40.7408	-75.2575
PA	Taylor	41.3904	-75.7158
PA	Taylorstown	40.1597	-80.3783
PA	Telford	40.3205	-75.3520
PA	Temple	40.4025	-75.9046
PA	Templeton	40.9419	-79.4499
PA	Terre Hill	40.1585	-76.0511
PA	Thomasville	39.9346	-76.8822
PA	Thompson	41.8340	-75.5342
PA	Thompsontown	40.5908	-77.2076
PA	Thorndale	40.0001	-75.7629
PA	Thornton	39.9041	-75.5313
PA	Three Springs	40.1834	-77.9941
PA	Tidioute	41.7030	-79.3752
PA	Timblin	40.9684	-79.2014
PA	Tioga	41.9125	-77.1393
PA	Tiona	41.7469	-79.0675
PA	Tionesta	41.5116	-79.3663
PA	Tipton	40.6358	-78.2961
PA	Tire Hill	40.2686	-78.9161
PA	Titusville	41.6382	-79.6855
PA	Tobyhanna	41.1836	-75.3918
PA	Todd	40.2578	-78.1004
PA	Topton	40.5029	-75.7015
PA	Torrance	40.4172	-79.2231
PA	Toughkenamon	39.8251	-75.7825
PA	Towanda	41.7638	-76.4645
PA	Tower City	40.5845	-76.5500
PA	Townville	41.6856	-79.8767
PA	Trafford	40.3852	-79.7552
PA	Transfer	41.3244	-80.4197
PA	Treichlers	40.7342	-75.5442
PA	Tremont	40.6268	-76.3988
PA	Tresckow	40.9133	-75.9669
PA	Trevorton	40.7819	-76.6702
PA	Trexlertown	40.5544	-75.6023
PA	Trout Run	41.4125	-77.0098
PA	Troutville	41.0256	-78.7856
PA	Troxelville	40.8031	-77.2056
PA	Troy	41.7781	-76.7711
PA	Trumbauersville	40.4106	-75.3786
PA	Tunkhannock	41.5507	-75.9410
PA	Turbotville	41.1119	-76.7425
PA	Turkey City	41.1853	-79.6136
PA	Turtle Creek	40.4113	-79.8220
PA	Turtlepoint	41.8847	-78.3308
PA	Tuscarora	40.7700	-76.0378
PA	Twin Rocks	40.5183	-78.8605
PA	Tyler Hill	41.6709	-75.1542
PA	Tylersburg	41.3847	-79.3225
PA	Tylersport	40.3494	-75.3814
PA	Tylersville	40.9906	-77.4253
PA	Tyrone	40.6619	-78.2419
PA	Uledi	39.8961	-79.7906
PA	Ulster	41.8408	-76.4876
PA	Ulysses	41.8459	-77.7126
PA	Union City	41.8939	-79.8455
PA	Union Dale	41.7079	-75.5465
PA	Uniontown	39.8897	-79.7282
PA	Unionville	39.8953	-75.7347
PA	United	40.2183	-79.4881
PA	Unity House	41.1453	-75.0081
PA	Unityville	41.2436	-76.5183
PA	University Park	40.8019	-77.8567
PA	Upper Black Eddy	40.5411	-75.1259
PA	Upper Darby	39.9579	-75.2681
PA	Upperstrasburg	40.0580	-77.7368
PA	Ursina	39.8175	-79.3281
PA	Utica	41.4798	-79.9403
PA	Uwchland	40.0597	-75.6536
PA	Valencia	40.7018	-79.9235
PA	Valier	40.9229	-79.0833
PA	Valley Forge	40.0969	-75.4700
PA	Valley View	40.6445	-76.5448
PA	Van Voorhis	40.1561	-79.9744
PA	Vanderbilt	40.0246	-79.6955
PA	Vandergrift	40.6059	-79.5655
PA	Venango	41.7920	-80.1254
PA	Venetia	40.2755	-80.0598
PA	Venus	41.3761	-79.5048
PA	Verona	40.4927	-79.8345
PA	Vestaburg	40.0161	-79.9900
PA	Vicksburg	40.9386	-76.9883
PA	Villa Maria	41.0736	-80.5075
PA	Villanova	40.0399	-75.3459
PA	Vintondale	40.4939	-78.9427
PA	Virginville	40.5239	-75.8733
PA	Volant	41.0938	-80.2441
PA	Vowinckel	41.3786	-79.2746
PA	Wagontown	40.0106	-75.8431
PA	Wallaceton	40.9597	-78.2892
PA	Wallingford	39.8871	-75.3721
PA	Walnut Bottom	40.0860	-77.4090
PA	Walnutport	40.7615	-75.5657
PA	Walston	40.9650	-78.9950
PA	Waltersburg	39.9905	-79.7803
PA	Wampum	40.8819	-80.3392
PA	Wapwallopen	41.0680	-76.0857
PA	Warfordsburg	39.7698	-78.1986
PA	Warminster	40.2067	-75.0905
PA	Warren	41.8453	-79.1429
PA	Warren Center	41.9394	-76.1964
PA	Warrendale	40.6641	-80.0807
PA	Warrington	40.2464	-75.1354
PA	Warriors Mark	40.7414	-78.0775
PA	Washington	40.1717	-80.2560
PA	Washington Boro	39.9881	-76.4402
PA	Washington Crossing	40.2919	-74.8829
PA	Washingtonville	41.0517	-76.6750
PA	Waterfall	40.0739	-78.0477
PA	Waterford	41.9603	-79.9996
PA	Waterville	41.3114	-77.3604
PA	Watsontown	41.1020	-76.8532
PA	Wattsburg	42.0391	-79.8363
PA	Waverly	41.5264	-75.7058
PA	Waymart	41.5703	-75.4065
PA	Wayne	40.0435	-75.3880
PA	Waynesboro	39.7635	-77.5674
PA	Waynesburg	39.8917	-80.1795
PA	Weatherly	40.9411	-75.8306
PA	Webster	40.1850	-79.8489
PA	Weedville	41.2685	-78.4952
PA	Weikert	40.8583	-77.2956
PA	Wellersburg	39.7328	-78.8506
PA	Wells Tannery	40.1010	-78.1403
PA	Wellsboro	41.7373	-77.3080
PA	Wellsville	40.0557	-76.9443
PA	Wendel	40.2956	-79.6867
PA	Wernersville	40.3293	-76.0901
PA	West Alexander	40.1065	-80.4978
PA	West Chester	39.9845	-75.5962
PA	West Decatur	40.9493	-78.3129
PA	West Elizabeth	40.2708	-79.8994
PA	West Finley	39.9914	-80.4408
PA	West Grove	39.8253	-75.8374
PA	West Hickory	41.5686	-79.4083
PA	West Lebanon	40.6025	-79.3539
PA	West Leisenring	39.9592	-79.6975
PA	West Middlesex	41.1741	-80.4528
PA	West Middletown	40.2428	-80.4275
PA	West Mifflin	40.3665	-79.8943
PA	West Milton	40.9644	-76.8847
PA	West Newton	40.2075	-79.7580
PA	West Pittsburg	40.9328	-80.3636
PA	West Point	40.2067	-75.2997
PA	West Salisbury	39.7542	-79.0953
PA	West Springfield	41.9465	-80.4650
PA	West Sunbury	41.0026	-79.8751
PA	West Willow	39.9728	-76.2883
PA	Westfield	41.9191	-77.5310
PA	Westland	40.2772	-80.2733
PA	Westmoreland City	40.2768	-79.5477
PA	Weston	40.9414	-76.1425
PA	Westover	40.7615	-78.7355
PA	Westport	41.2745	-77.9315
PA	Westtown	39.9308	-75.5522
PA	Wexford	40.6120	-80.0649
PA	Wheatland	41.2008	-80.4981
PA	White	40.0726	-79.4251
PA	White Deer	41.0758	-76.8750
PA	White Haven	41.0790	-75.7715
PA	White Mills	41.5261	-75.2039
PA	Whitehall	40.6475	-75.4954
PA	Whitney	40.2533	-79.4106
PA	Wickhaven	40.1231	-79.7731
PA	Wiconisco	40.5675	-76.7091
PA	Widnoon	40.9611	-79.4675
PA	Wilburton	40.8121	-76.3929
PA	Wilcox	41.5735	-78.6823
PA	Wildwood	40.5942	-79.9703
PA	Wilkes Barre	41.2449	-75.8841
PA	Williamsburg	40.4374	-78.2255
PA	Williamson	39.8531	-77.7978
PA	Williamsport	41.2472	-77.0206
PA	Williamstown	40.5808	-76.6223
PA	Willow Grove	40.1467	-75.1213
PA	Willow Hill	40.1137	-77.7969
PA	Willow Street	39.9670	-76.2752
PA	Wilmerding	40.3934	-79.8030
PA	Wilmore	40.3886	-78.7189
PA	Winburne	40.9678	-78.1562
PA	Wind Gap	40.8169	-75.3264
PA	Wind Ridge	39.8971	-80.4647
PA	Windber	40.2287	-78.8303
PA	Windsor	39.9233	-76.5591
PA	Winfield	40.8908	-76.8718
PA	Witmer	40.0481	-76.2117
PA	Womelsdorf	40.3743	-76.1985
PA	Wood	40.1683	-78.1367
PA	Woodbury	40.2185	-78.3666
PA	Woodland	41.0098	-78.3214
PA	Woodlyn	39.8760	-75.3463
PA	Woodward	40.9116	-77.3483
PA	Woolrich	41.1887	-77.3313
PA	Worcester	40.2011	-75.3469
PA	Worthington	40.8344	-79.6385
PA	Worthville	41.0238	-79.1387
PA	Woxall	40.3106	-75.4492
PA	Wrightsville	39.9966	-76.5270
PA	Wyalusing	41.7015	-76.2754
PA	Wyano	40.1972	-79.6975
PA	Wycombe	40.2822	-75.0192
PA	Wyncote	40.0867	-75.1524
PA	Wynnewood	40.0000	-75.2760
PA	Wyoming	41.3197	-75.8541
PA	Wysox	41.7826	-76.3834
PA	Yatesboro	40.8000	-79.3344
PA	Yeagertown	40.6436	-77.5688
PA	York	39.9635	-76.7269
PA	York Haven	40.1222	-76.7737
PA	York New Salem	39.9031	-76.7892
PA	York Springs	40.0084	-77.1061
PA	Youngstown	40.2797	-79.3658
PA	Youngsville	41.8537	-79.3187
PA	Youngwood	40.2395	-79.5823
PA	Yukon	40.2155	-79.6849
PA	Zelienople	40.7314	-80.1286
PA	Zieglerville	40.2817	-75.4855
PA	Zion Grove	40.9372	-76.2310
PA	Zionhill	40.4842	-75.3942
PA	Zionsville	40.4734	-75.5261
PA	Zullinger	39.7700	-77.6300
PR	Adjuntas	18.1788	-66.7516
PR	Aguada	18.3814	-67.1886
PR	Aguadilla	18.4554	-67.1308
PR	Aguas Buenas	18.2583	-66.1050
PR	Aguirre	18.2500	-66.1031
PR	Aibonito	18.1417	-66.2650
PR	Anasco	18.2847	-67.1400
PR	Angeles	18.2869	-66.7997
PR	Arecibo	18.4389	-66.6924
PR	Arroyo	17.9633	-66.0633
PR	Bajadero	18.4286	-66.6836
PR	Barceloneta	18.4525	-66.5389
PR	Barranquitas	18.1883	-66.3083
PR	Bayamon	18.3406	-66.1663
PR	Boqueron	18.0289	-67.1694
PR	Cabo Rojo	18.0836	-67.1489
PR	Caguas	18.2297	-66.0458
PR	Camuy	18.4858	-66.8453
PR	Canovanas	18.3797	-65.9067
PR	Carolina	18.4353	-66.0143
PR	Castaner	18.2165	-66.8681
PR	Catano	18.4375	-66.1410
PR	Cayey	18.1134	-66.1521
PR	Ceiba	18.2531	-65.6560
PR	Ciales	18.3381	-66.4692
PR	Cidra	18.1767	-66.1617
PR	Coamo	18.0819	-66.3583
PR	Comerio	18.2183	-66.2250
PR	Corozal	18.3431	-66.3172
PR	Coto Laurel	18.0545	-66.5625
PR	Culebra	18.3050	-65.3014
PR	Dorado	18.4644	-66.2703
PR	Ensenada	17.9683	-66.9333
PR	Fajardo	18.3303	-65.6572
PR	Florida	18.3644	-66.5617
PR	Fort Buchanan	18.4600	-66.1100
PR	Garrochales	18.4597	-66.6114
PR	Guanica	17.9736	-66.9083
PR	Guayama	17.9856	-66.1307
PR	Guayanilla	18.0200	-66.7900
PR	Guaynabo	18.4326	-66.1173
PR	Gurabo	18.2550	-65.9775
PR	Hatillo	18.4883	-66.8258
PR	Hormigueros	18.1400	-67.1283
PR	Humacao	18.1415	-65.8216
PR	Isabela	18.4967	-67.0264
PR	Jayuya	18.2206	-66.5919
PR	Juana Diaz	18.0544	-66.5069
PR	Juncos	18.2294	-65.9214
PR	La Plata	18.1564	-66.2333
PR	Lajas	18.0500	-67.0617
PR	Lares	18.2967	-66.8775
PR	Las Marias	18.2953	-67.1467
PR	Las Piedras	18.1833	-65.8633
PR	Loiza	18.4333	-65.8806
PR	Luquillo	18.3744	-65.7169
PR	Manati	18.4258	-66.4717
PR	Maricao	18.1828	-66.9803
PR	Maunabo	18.0092	-65.8997
PR	Mayaguez	18.2011	-67.1172
PR	Mercedita	18.0052	-66.5602
PR	Moca	18.3950	-67.1633
PR	Morovis	18.3278	-66.4069
PR	Naguabo	18.2133	-65.7367
PR	Naranjito	18.3017	-66.2467
PR	Orocovis	18.2289	-66.3914
PR	Palmer	18.3725	-65.7744
PR	Patillas	18.0083	-66.0133
PR	Penuelas	18.0583	-66.7219
PR	Ponce	18.0156	-66.5800
PR	Puerto Real	18.0792	-67.1856
PR	Punta Santiago	18.1683	-65.7486
PR	Quebradillas	18.4758	-66.9389
PR	Rincon	18.3400	-67.2500
PR	Rio Blanco	18.2203	-65.7889
PR	Rio Grande	18.3794	-65.8389
PR	Roosevelt Roads	18.2674	-65.6483
PR	Rosario	18.1633	-67.0817
PR	Sabana Grande	18.0797	-66.9608
PR	Sabana Hoyos	18.4358	-66.6142
PR	Sabana Seca	18.4289	-66.1850
PR	Saint Just	18.3700	-66.0122
PR	Salinas	17.9794	-66.2983
PR	San Antonio	18.4475	-66.2981
PR	San German	18.0836	-67.0453
PR	San Juan	18.4652	-66.1071
PR	San Lorenzo	18.1914	-65.9614
PR	San Sebastian	18.3386	-66.9906
PR	Santa Isabel	17.9681	-66.4053
PR	Toa Alta	18.3664	-66.2333
PR	Toa Baja	18.4519	-66.1819
PR	Trujillo Alto	18.3440	-66.0053
PR	Utuado	18.2675	-66.7008
PR	Vega Alta	18.4142	-66.3317
PR	Vega Baja	18.4385	-66.3983
PR	Vieques	18.4264	-65.8356
PR	Villalba	18.1292	-66.4925
PR	Yabucoa	18.0525	-65.8797
PR	Yauco	18.0369	-66.8503
RI	Adamsville	41.5544	-71.1317
RI	Albion	41.9511	-71.4550
RI	Ashaway	41.4231	-71.7837
RI	Barrington	41.7443	-71.3175
RI	Block Island	41.1715	-71.5748
RI	Bradford	41.4114	-71.7465
RI	Bristol	41.6825	-71.2676
RI	Carolina	41.4694	-71.6503
RI	Central Falls	41.8883	-71.3945
RI	Charlestown	41.4007	-71.6615
RI	Chepachet	41.9155	-71.6795
RI	Clayville	41.7778	-71.6706
RI	Coventry	41.6914	-71.5768
RI	Cranston	41.7766	-71.4383
RI	Cumberland	41.9484	-71.4154
RI	East Greenwich	41.6498	-71.4740
RI	East Providence	41.8138	-71.3688
RI	Exeter	41.5740	-71.6076
RI	Fiskeville	41.7342	-71.5486
RI	Forestdale	41.9458	-71.7003
RI	Foster	41.7815	-71.7187
RI	Glendale	41.9761	-71.6331
RI	Greene	41.7062	-71.7356
RI	Greenville	41.8734	-71.5569
RI	Harmony	41.8878	-71.5972
RI	Harrisville	41.9764	-71.6534
RI	Hope	41.7516	-71.5612
RI	Hope Valley	41.5070	-71.7349
RI	Hopkinton	41.4611	-71.7781
RI	Jamestown	41.5164	-71.3761
RI	Johnston	41.8264	-71.4976
RI	Kenyon	41.4777	-71.6840
RI	Kingston	41.4803	-71.5292
RI	Lincoln	41.9089	-71.4348
RI	Little Compton	41.5220	-71.1612
RI	Manville	41.9689	-71.4741
RI	Mapleville	41.9481	-71.6492
RI	Middletown	41.5456	-71.2919
RI	Narragansett	41.4353	-71.4616
RI	Newport	41.5045	-71.3035
RI	North Kingstown	41.5894	-71.4625
RI	North Providence	41.8534	-71.4741
RI	North Scituate	41.8439	-71.6242
RI	North Smithfield	41.9667	-71.5500
RI	Oakland	41.9636	-71.6429
RI	Pascoag	41.9627	-71.7099
RI	Pawtucket	41.8729	-71.3907
RI	Peace Dale	41.4516	-71.5001
RI	Portsmouth	41.5944	-71.2520
RI	Providence	41.8255	-71.4114
RI	Prudence Island	41.6136	-71.3118
RI	Riverside	41.7723	-71.3542
RI	Rockville	41.5197	-71.7617
RI	Rumford	41.8425	-71.3559
RI	Saunderstown	41.5105	-71.4427
RI	Shannock	41.4483	-71.6372
RI	Slatersville	42.0015	-71.5682
RI	Slocum	41.5212	-71.5372
RI	Smithfield	41.8964	-71.5207
RI	Tiverton	41.6338	-71.1808
RI	Wakefield	41.4302	-71.5251
RI	Warren	41.7256	-71.2702
RI	Warwick	41.7026	-71.4476
RI	West Greenwich	41.6400	-71.6435
RI	West Kingston	41.5067	-71.5991
RI	West Warwick	41.7004	-71.5183
RI	Westerly	41.3691	-71.8126
RI	Wood River Junction	41.4538	-71.7095
RI	Woonsocket	41.9995	-71.5137
RI	Wyoming	41.5234	-71.6840
SC	Abbeville	34.1819	-82.3785
SC	Adams Run	32.7493	-80.3682
SC	Aiken	33.5530	-81.7194
SC	Alcolu	33.7684	-80.1788
SC	Allendale	33.0077	-81.3203
SC	Anderson	34.5261	-82.6304
SC	Andrews	33.4525	-79.5604
SC	Arcadia	34.9581	-81.9908
SC	Awendaw	32.9515	-79.6861
SC	Aynor	33.9823	-79.1777
SC	Ballentine	34.1242	-81.2375
SC	Bamberg	33.2779	-81.0177
SC	Barnwell	33.2335	-81.3523
SC	Batesburg	33.9386	-81.5490
SC	Bath	33.5044	-81.8692
SC	Beaufort	32.4335	-80.6728
SC	Beech Island	33.4272	-81.8911
SC	Belton	34.5087	-82.5101
SC	Bennettsville	34.6255	-79.6898
SC	Bethera	33.2014	-79.7883
SC	Bethune	34.4201	-80.3662
SC	Bishopville	34.2241	-80.2750
SC	Blacksburg	35.1150	-81.5080
SC	Blackstock	34.5779	-81.1249
SC	Blackville	33.3645	-81.2718
SC	Blair	34.4967	-81.3459
SC	Blenheim	34.5020	-79.6594
SC	Bluffton	32.2513	-80.8721
SC	Blythewood	34.1911	-80.9758
SC	Boiling Springs	35.0342	-81.9775
SC	Bonneau	33.2973	-79.9216
SC	Bowling Green	35.1497	-81.2125
SC	Bowman	33.3475	-80.6709
SC	Bradley	34.0326	-82.2027
SC	Branchville	33.2628	-80.8059
SC	Brunson	32.9413	-81.1807
SC	Buffalo	34.7247	-81.6826
SC	Cades	33.8120	-79.8176
SC	Calhoun Falls	34.0999	-82.5805
SC	Camden	34.2696	-80.5910
SC	Cameron	33.5578	-80.6466
SC	Campobello	35.1080	-82.1403
SC	Canadys	33.0567	-80.6200
SC	Carlisle	34.6143	-81.5091
SC	Cassatt	34.3424	-80.5000
SC	Catawba	34.8507	-80.9342
SC	Cayce	33.9626	-81.0671
SC	Centenary	34.0308	-79.3558
SC	Central	34.7401	-82.7947
SC	Chapin	34.1312	-81.3318
SC	Chappells	34.2358	-81.8353
SC	Charleston	32.9622	-79.8653
SC	Charleston Afb	32.8958	-80.0677
SC	Cheraw	34.6863	-79.9174
SC	Chesnee	35.1154	-81.8678
SC	Chester	34.7149	-81.2186
SC	Chesterfield	34.7278	-80.0958
SC	Clarks Hill	33.6505	-82.1488
SC	Clearwater	33.4967	-81.8922
SC	Clemson	34.6831	-82.8250
SC	Cleveland	35.0654	-82.6093
SC	Clifton	34.9794	-81.8181
SC	Clinton	34.4707	-81.8772
SC	Clio	34.5805	-79.5453
SC	Clover	35.1107	-81.1864
SC	Columbia	34.0726	-81.1796
SC	Conestee	34.7681	-82.3500
SC	Converse	34.9919	-81.8350
SC	Conway	33.8731	-79.0557
SC	Coosawhatchie	32.4831	-80.9831
SC	Cope	33.3726	-80.9631
SC	Cordesville	33.1621	-79.9205
SC	Cordova	33.4275	-80.8857
SC	Cottageville	32.9612	-80.4794
SC	Coward	33.9905	-79.7515
SC	Cowpens	35.0390	-81.8220
SC	Crocketville	32.9164	-81.0775
SC	Cross	33.3364	-80.1859
SC	Cross Anchor	34.6428	-81.8581
SC	Cross Hill	34.2693	-81.9843
SC	Dale	32.5564	-80.6900
SC	Dalzell	34.0144	-80.4665
SC	Darlington	34.3003	-79.8732
SC	Daufuskie Island	32.1042	-80.8856
SC	Davis Station	33.6025	-80.2647
SC	Denmark	33.3209	-81.1407
SC	Dillon	34.4146	-79.3770
SC	Donalds	34.3998	-82.3666
SC	Dorchester	33.1247	-80.4034
SC	Drayton	34.9678	-81.9067
SC	Due West	34.3344	-82.4002
SC	Duncan	34.9176	-82.1258
SC	Early Branch	32.6289	-81.0300
SC	Easley	34.8290	-82.5796
SC	Eastover	33.9153	-80.6996
SC	Edgefield	33.8056	-81.9660
SC	Edgemoor	34.7970	-80.9891
SC	Edisto Island	32.5486	-80.3070
SC	Effingham	34.0946	-79.7918
SC	Ehrhardt	33.1044	-81.0221
SC	Elgin	34.1620	-80.8113
SC	Elko	33.3803	-81.3797
SC	Elliott	34.1171	-80.1754
SC	Elloree	33.4906	-80.5678
SC	Enoree	34.6710	-81.9237
SC	Estill	32.7375	-81.2178
SC	Eutawville	33.3922	-80.3200
SC	Fair Play	34.5775	-82.9999
SC	Fairfax	32.9515	-81.2586
SC	Fairforest	34.9564	-82.0103
SC	Fingerville	35.1339	-82.0067
SC	Florence	34.1838	-79.7728
SC	Folly Beach	32.6550	-79.9406
SC	Fork	34.2873	-79.2501
SC	Fort Lawn	34.7006	-80.9092
SC	Fort Mill	35.0074	-80.9451
SC	Fountain Inn	34.6533	-82.2646
SC	Furman	32.6814	-81.1883
SC	Gable	33.8410	-80.0814
SC	Gadsden	33.8455	-80.7532
SC	Gaffney	35.0615	-81.6491
SC	Galivants Ferry	34.1238	-79.1059
SC	Garnett	32.6007	-81.2396
SC	Gaston	33.8337	-81.1174
SC	Georgetown	33.4308	-79.3235
SC	Gifford	32.8594	-81.2392
SC	Gilbert	33.9581	-81.3914
SC	Glendale	34.9447	-81.8378
SC	Gloverville	33.5258	-81.8303
SC	Goose Creek	32.9887	-80.0199
SC	Gramling	35.0767	-82.1328
SC	Graniteville	33.5630	-81.8147
SC	Gray Court	34.5810	-82.1570
SC	Great Falls	34.5705	-80.9133
SC	Greeleyville	33.5966	-79.9802
SC	Green Pond	32.6628	-80.5280
SC	Green Sea	34.2051	-79.0516
SC	Greenville	34.8472	-82.4060
SC	Greenwood	34.1758	-82.1562
SC	Greer	34.8968	-82.2674
SC	Gresham	33.9069	-79.3564
SC	Grover	33.1050	-80.5950
SC	Hamer	34.4846	-79.3779
SC	Hampton	32.8729	-81.0973
SC	Hardeeville	32.2635	-81.0669
SC	Harleyville	33.2205	-80.4501
SC	Hartsville	34.3756	-80.0842
SC	Heath Springs	34.6024	-80.7103
SC	Hemingway	33.7419	-79.4489
SC	Hickory Grove	34.9708	-81.4306
SC	Hilda	33.2733	-81.2472
SC	Hilton Head Island	32.1632	-80.7533
SC	Hodges	34.2882	-82.2142
SC	Holly Hill	33.3276	-80.4024
SC	Hollywood	32.7223	-80.2596
SC	Honea Path	34.4417	-82.4255
SC	Hopkins	33.9349	-80.8449
SC	Horatio	34.0211	-80.5661
SC	Huger	33.0184	-79.8073
SC	Inman	35.0528	-82.0540
SC	Irmo	34.1103	-81.1966
SC	Islandton	32.9503	-80.8916
SC	Isle Of Palms	32.7943	-79.7729
SC	Iva	34.3198	-82.6574
SC	Jackson	33.3389	-81.7976
SC	Jacksonboro	32.7700	-80.4547
SC	Jamestown	33.2288	-79.7156
SC	Jefferson	34.6546	-80.3639
SC	Jenkinsville	34.2717	-81.2712
SC	Joanna	34.4068	-81.8191
SC	Johns Island	32.7097	-80.0943
SC	Johnsonville	33.8299	-79.4783
SC	Johnston	33.8231	-81.7972
SC	Jonesville	34.8374	-81.6842
SC	Kershaw	34.5578	-80.5546
SC	Kinards	34.3552	-81.7198
SC	Kingstree	33.6878	-79.7832
SC	La France	34.6119	-82.7653
SC	Ladson	32.9930	-80.1257
SC	Ladys Island	32.4446	-80.6412
SC	Lake City	33.8655	-79.7418
SC	Lake View	34.3445	-79.1929
SC	Lamar	34.1890	-80.0301
SC	Lancaster	34.7490	-80.7616
SC	Lando	34.7761	-81.0103
SC	Landrum	35.1565	-82.2115
SC	Lane	33.5083	-79.8715
SC	Langley	33.5178	-81.8442
SC	Latta	34.3398	-79.4417
SC	Laurens	34.5007	-82.0268
SC	Leesville	33.9132	-81.4598
SC	Lexington	33.9814	-81.2364
SC	Liberty	34.7872	-82.6974
SC	Liberty Hill	34.4781	-80.8019
SC	Little Mountain	34.1676	-81.4184
SC	Little River	33.8768	-78.6508
SC	Little Rock	34.4048	-79.3269
SC	Lobeco	32.5525	-80.7436
SC	Lockhart	34.7864	-81.4622
SC	Lodge	32.9823	-80.9346
SC	Long Creek	34.7550	-83.1847
SC	Longs	33.9064	-78.7934
SC	Loris	34.0558	-78.9161
SC	Lowndesville	34.2662	-82.5710
SC	Lugoff	34.2296	-80.7147
SC	Luray	32.8618	-81.2235
SC	Lydia	34.2889	-80.1125
SC	Lyman	34.9684	-82.1435
SC	Lynchburg	34.0526	-80.0988
SC	Manning	33.6677	-80.2221
SC	Marietta	35.0296	-82.5136
SC	Marion	34.1562	-79.3898
SC	Martin	33.1093	-81.5003
SC	Mauldin	34.7807	-82.3035
SC	Mayesville	34.0465	-80.2349
SC	Mayo	35.0839	-81.8600
SC	Mc Bee	34.4606	-80.2544
SC	Mc Clellanville	33.1047	-79.4800
SC	Mc Coll	34.6704	-79.5597
SC	Mc Connells	34.8677	-81.2368
SC	Mc Cormick	33.9146	-82.2719
SC	Miley	32.9478	-81.0319
SC	Minturn	34.5169	-79.4725
SC	Modoc	33.7249	-82.2035
SC	Moncks Corner	33.1631	-80.0366
SC	Monetta	33.7747	-81.5363
SC	Montmorenci	33.5278	-81.6367
SC	Moore	34.8835	-82.0179
SC	Mount Carmel	33.9703	-82.4361
SC	Mount Croghan	34.7439	-80.2428
SC	Mount Pleasant	32.8162	-79.8520
SC	Mountain Rest	34.8541	-83.1134
SC	Mountville	34.3408	-81.9584
SC	Mullins	34.2044	-79.2542
SC	Murrells Inlet	33.5507	-79.0528
SC	Myrtle Beach	33.7587	-78.8044
SC	Neeses	33.5343	-81.0834
SC	Nesmith	33.5917	-79.5513
SC	New Ellenton	33.4172	-81.6874
SC	New Zion	33.7957	-80.0148
SC	Newberry	34.2847	-81.6157
SC	Newry	34.7250	-82.9100
SC	Nichols	34.2426	-79.1625
SC	Ninety Six	34.1652	-82.0292
SC	Norris	34.7655	-82.7555
SC	North	33.6211	-81.0601
SC	North Augusta	33.5178	-81.9348
SC	North Charleston	33.0562	-80.0759
SC	North Myrtle Beach	33.8228	-78.6779
SC	Norway	33.4534	-81.1097
SC	Okatie	32.3278	-80.8478
SC	Olanta	33.9285	-79.9153
SC	Olar	33.1836	-81.1640
SC	Orangeburg	33.5025	-80.8593
SC	Pacolet	34.9017	-81.7587
SC	Pacolet Mills	34.9225	-81.7428
SC	Pageland	34.7722	-80.3966
SC	Pamplico	33.9922	-79.5929
SC	Parksville	33.7861	-82.2197
SC	Patrick	34.5598	-80.0650
SC	Pauline	34.7748	-81.8579
SC	Pawleys Island	33.4508	-79.1341
SC	Peak	34.2406	-81.3236
SC	Pelion	33.7766	-81.2502
SC	Pelzer	34.6461	-82.4673
SC	Pendleton	34.6369	-82.7406
SC	Pickens	34.9024	-82.7058
SC	Piedmont	34.7244	-82.4702
SC	Pineland	32.6021	-81.1761
SC	Pineville	33.4199	-80.0932
SC	Pinewood	33.7642	-80.4978
SC	Pinopolis	33.2241	-80.0398
SC	Plum Branch	33.8329	-82.2480
SC	Pomaria	34.3063	-81.4500
SC	Port Royal	32.3842	-80.6928
SC	Prosperity	34.1832	-81.5324
SC	Rains	34.0975	-79.3158
SC	Ravenel	32.7881	-80.2223
SC	Reevesville	33.1872	-80.6672
SC	Reidville	34.8628	-82.1144
SC	Rembert	34.1085	-80.4945
SC	Richburg	34.6822	-80.9891
SC	Richland	34.6778	-83.0256
SC	Ridge Spring	33.8714	-81.6559
SC	Ridgeland	32.4919	-80.9494
SC	Ridgeville	33.1080	-80.3086
SC	Ridgeway	34.3167	-80.9288
SC	Rion	34.3069	-81.1253
SC	Rock Hill	34.9151	-81.0129
SC	Roebuck	34.8688	-81.9526
SC	Round O	32.9405	-80.5739
SC	Rowesville	33.3703	-80.8331
SC	Ruby	34.7379	-80.1910
SC	Ruffin	33.0103	-80.8137
SC	Russellville	33.3969	-79.9719
SC	Saint George	33.1845	-80.5732
SC	Saint Helena Island	32.3802	-80.5339
SC	Saint Matthews	33.6942	-80.8563
SC	Saint Stephen	33.4060	-79.9376
SC	Salem	34.8728	-82.9607
SC	Salley	33.5972	-81.3184
SC	Salters	33.5611	-79.8300
SC	Saluda	34.0175	-81.7754
SC	Sandy Springs	34.5953	-82.7500
SC	Santee	33.4835	-80.4805
SC	Sardinia	33.8342	-80.0831
SC	Scotia	32.6808	-81.2436
SC	Scranton	33.9281	-79.7731
SC	Seabrook	32.5269	-80.7408
SC	Sellers	34.2695	-79.4369
SC	Seneca	34.7347	-82.9482
SC	Sharon	34.9084	-81.3729
SC	Shaw A F B	33.9803	-80.4811
SC	Sheldon	32.6014	-80.7933
SC	Silverstreet	34.2356	-81.7037
SC	Simpsonville	34.7369	-82.2544
SC	Six Mile	34.8283	-82.8278
SC	Slater	35.0317	-82.4953
SC	Smoaks	33.0963	-80.8130
SC	Smyrna	35.0308	-81.3896
SC	Society Hill	34.4512	-79.8865
SC	Spartanburg	34.9352	-81.9654
SC	Springfield	33.5343	-81.2499
SC	Starr	34.3962	-82.6897
SC	Startex	34.9283	-82.0992
SC	State Park	34.0906	-80.9664
SC	Sullivans Island	32.7637	-79.8399
SC	Summerton	33.5946	-80.3606
SC	Summerville	33.0280	-80.1739
SC	Sumter	33.9282	-80.3210
SC	Sunset	34.9706	-82.8076
SC	Swansea	33.7339	-81.0933
SC	Sycamore	33.0356	-81.2222
SC	Tamassee	34.8982	-82.9861
SC	Tatum	34.6439	-79.5867
SC	Taylors	34.9245	-82.3197
SC	Tigerville	35.0944	-82.3582
SC	Tillman	32.4927	-81.0776
SC	Timmonsville	34.1012	-79.9378
SC	Townville	34.5226	-82.8963
SC	Travelers Rest	35.0039	-82.4272
SC	Trenton	33.6938	-81.8534
SC	Troy	33.9557	-82.2941
SC	Turbeville	33.8786	-79.9852
SC	Ulmer	33.0576	-81.2213
SC	Una	34.9689	-81.9706
SC	Union	34.7269	-81.6202
SC	Van Wyck	34.8583	-80.8461
SC	Vance	33.4139	-80.4617
SC	Varnville	32.8349	-81.0288
SC	Vaucluse	33.6125	-81.8100
SC	Wadmalaw Island	32.6529	-80.1829
SC	Wagener	33.6494	-81.3995
SC	Walhalla	34.7689	-83.0388
SC	Wallace	34.7307	-79.8011
SC	Walterboro	32.8974	-80.6792
SC	Ward	33.8849	-81.7283
SC	Ware Shoals	34.4025	-82.2678
SC	Warrenville	33.5199	-81.8294
SC	Waterloo	34.3367	-82.0880
SC	Wedgefield	33.9430	-80.4987
SC	Wellford	34.9514	-82.0927
SC	West Columbia	33.9950	-81.0888
SC	West Union	34.7516	-83.0399
SC	Westminster	34.6589	-83.1108
SC	Westville	34.4492	-80.5796
SC	White Rock	34.1450	-81.2758
SC	White Stone	34.9028	-81.8172
SC	Whitmire	34.4955	-81.6060
SC	Williams	33.0344	-80.8428
SC	Williamston	34.6206	-82.5110
SC	Williston	33.3926	-81.4161
SC	Windsor	33.4674	-81.5136
SC	Winnsboro	34.3810	-81.1090
SC	Woodruff	34.7579	-82.0447
SC	Yemassee	32.6430	-80.8129
SC	York	34.9947	-81.2245
SD	Aberdeen	45.4661	-98.4856
SD	Agar	44.8393	-100.0712
SD	Akaska	45.3324	-100.1186
SD	Alcester	43.0047	-96.6332
SD	Alexandria	43.6238	-97.7821
SD	Allen	43.2908	-101.9329
SD	Alpena	44.1709	-98.3962
SD	Amherst	45.7074	-97.9301
SD	Andover	45.4222	-97.9175
SD	Arlington	44.3668	-97.0687
SD	Armour	43.3160	-98.3414
SD	Artesian	44.0354	-97.9540
SD	Ashton	45.0128	-98.4425
SD	Astoria	44.5735	-96.5416
SD	Aurora	44.2838	-96.7043
SD	Avon	43.0397	-98.0283
SD	Badger	44.4918	-97.2184
SD	Baltic	43.7309	-96.7563
SD	Barnard	45.7205	-98.5534
SD	Batesland	43.0790	-102.1738
SD	Bath	45.4564	-98.3552
SD	Belle Fourche	44.6723	-103.8396
SD	Belvidere	43.8860	-101.2387
SD	Beresford	43.0874	-96.7813
SD	Big Stone City	45.2850	-96.5614
SD	Bison	45.5161	-102.4827
SD	Black Hawk	44.1512	-103.3486
SD	Blunt	44.5026	-99.9463
SD	Bonesteel	43.0695	-98.9880
SD	Bowdle	45.4329	-99.6360
SD	Box Elder	44.1199	-103.0682
SD	Bradley	45.0751	-97.6387
SD	Brandon	43.5964	-96.5782
SD	Brandt	44.6738	-96.6435
SD	Brentford	45.1531	-98.3193
SD	Bridgewater	43.5543	-97.4959
SD	Bristol	45.3090	-97.7466
SD	Britton	45.8023	-97.7418
SD	Brookings	44.3056	-96.7914
SD	Bruce	44.4675	-96.9110
SD	Bryant	44.5987	-97.4537
SD	Buffalo	45.5740	-103.5826
SD	Buffalo Gap	43.4958	-103.3157
SD	Bullhead	45.7667	-101.0833
SD	Burbank	42.7638	-96.8466
SD	Burke	43.2106	-99.2690
SD	Camp Crook	45.5953	-103.9632
SD	Canistota	43.5856	-97.2889
SD	Canova	43.8855	-97.5342
SD	Canton	43.3038	-96.5938
SD	Caputa	43.9801	-103.0234
SD	Carpenter	44.6648	-97.9168
SD	Carthage	44.1496	-97.7116
SD	Castlewood	44.7313	-97.0204
SD	Cavour	44.3650	-98.0208
SD	Centerville	43.1176	-96.9636
SD	Chamberlain	43.7953	-99.3118
SD	Chancellor	43.4080	-96.9827
SD	Cherry Creek	44.6210	-101.6518
SD	Chester	43.8981	-96.9759
SD	Claire City	45.8755	-97.1073
SD	Claremont	45.6661	-98.0404
SD	Clark	44.8780	-97.7265
SD	Clear Lake	44.7637	-96.7005
SD	Colman	43.9558	-96.8189
SD	Colome	43.2273	-99.6933
SD	Colton	43.7951	-96.9572
SD	Columbia	45.6717	-98.2952
SD	Conde	45.1551	-98.0343
SD	Corona	45.3595	-96.6649
SD	Corsica	43.4213	-98.3564
SD	Cresbard	45.1691	-98.9411
SD	Crooks	43.6451	-96.8183
SD	Custer	43.7409	-103.6185
SD	Dallas	43.2351	-99.5140
SD	Dante	42.9967	-98.1746
SD	Davis	43.2864	-96.9792
SD	De Smet	44.3852	-97.5634
SD	Deadwood	44.3566	-103.6999
SD	Dell Rapids	43.8228	-96.7223
SD	Delmont	43.2573	-98.1596
SD	Dimock	43.4705	-97.9988
SD	Doland	44.8159	-98.0947
SD	Draper	43.9260	-100.5085
SD	Dupree	45.0079	-101.6337
SD	Eagle Butte	45.0239	-101.1042
SD	Eden	45.6211	-97.3741
SD	Edgemont	43.2874	-103.8110
SD	Egan	43.9866	-96.6493
SD	Elk Point	42.7382	-96.6870
SD	Elkton	44.2350	-96.5011
SD	Ellsworth Afb	44.1447	-103.0759
SD	Emery	43.5656	-97.6475
SD	Enning	44.5389	-102.6208
SD	Erwin	44.4915	-97.4103
SD	Estelline	44.5770	-96.9237
SD	Ethan	43.5427	-98.0591
SD	Eureka	45.7698	-99.6159
SD	Fairburn	43.6623	-103.2133
SD	Fairfax	43.0351	-98.8308
SD	Fairview	43.2090	-96.5743
SD	Faith	44.9926	-102.0541
SD	Faulkton	45.0684	-99.1341
SD	Fedora	43.9841	-97.7890
SD	Ferney	45.3306	-98.0975
SD	Flandreau	44.0658	-96.6222
SD	Florence	45.0554	-97.2866
SD	Fort Meade	44.4091	-103.4723
SD	Fort Pierre	44.3426	-100.4043
SD	Fort Thompson	44.0517	-99.3973
SD	Frankfort	44.8084	-98.2935
SD	Frederick	45.8493	-98.5176
SD	Freeman	43.3605	-97.4601
SD	Fulton	43.7588	-97.8712
SD	Gann Valley	44.0693	-99.0543
SD	Garden City	44.9474	-97.5680
SD	Garretson	43.7162	-96.5196
SD	Gary	44.8270	-96.5044
SD	Gayville	42.8835	-97.1830
SD	Geddes	43.2597	-98.6926
SD	Gettysburg	45.0259	-99.9766
SD	Glencross	45.4505	-100.8944
SD	Glenham	45.5335	-100.2716
SD	Goodwin	44.8862	-96.8114
SD	Gregory	43.2269	-99.4302
SD	Grenville	45.4897	-97.4155
SD	Groton	45.4503	-98.1058
SD	Hamill	43.6439	-99.6918
SD	Harrisburg	43.4460	-96.6864
SD	Harrison	43.4549	-98.5233
SD	Harrold	44.5215	-99.7382
SD	Hartford	43.6155	-96.9501
SD	Hayes	44.4219	-100.7359
SD	Hayti	44.6647	-97.2305
SD	Hazel	44.7572	-97.3083
SD	Hecla	45.8725	-98.1918
SD	Henry	44.8858	-97.4442
SD	Hermosa	43.8188	-103.2060
SD	Herreid	45.8452	-100.0490
SD	Herrick	43.1012	-99.2173
SD	Highmore	44.5326	-99.4543
SD	Hill City	43.9377	-103.5782
SD	Hitchcock	44.5834	-98.4509
SD	Holabird	44.5173	-99.5943
SD	Hosmer	45.5690	-99.4857
SD	Hot Springs	43.4223	-103.4766
SD	Houghton	45.7967	-98.0952
SD	Hoven	45.2278	-99.7763
SD	Howard	44.0293	-97.5160
SD	Howes	44.5350	-102.2158
SD	Hudson	43.1284	-96.5306
SD	Humboldt	43.6120	-97.0697
SD	Hurley	43.2893	-97.1904
SD	Huron	44.3590	-98.2163
SD	Ideal	43.5596	-99.9279
SD	Interior	43.7319	-101.9642
SD	Ipswich	45.4489	-99.0148
SD	Irene	43.1027	-97.2558
SD	Iroquois	44.3455	-97.8542
SD	Isabel	45.0640	-101.2736
SD	Java	45.4135	-99.8352
SD	Jefferson	42.6013	-96.5784
SD	Kadoka	43.8446	-101.5523
SD	Kaylor	43.2024	-97.8201
SD	Keldron	45.9022	-101.9395
SD	Kennebec	43.8921	-99.8502
SD	Keystone	43.9696	-103.3352
SD	Kimball	43.7129	-98.9343
SD	Kranzburg	44.8793	-96.9470
SD	Kyle	43.4394	-102.2124
SD	Labolt	45.0415	-96.6892
SD	Lake Andes	43.1303	-98.4964
SD	Lake City	45.6899	-97.3481
SD	Lake Norden	44.5844	-97.2009
SD	Lake Preston	44.3673	-97.3563
SD	Lane	44.0674	-98.4065
SD	Langford	45.6174	-97.7925
SD	Lantry	40.0167	-101.4333
SD	Lead	44.3490	-103.7698
SD	Lebanon	45.0123	-99.7366
SD	Lemmon	45.9159	-102.1928
SD	Lennox	43.3451	-96.8821
SD	Leola	45.7323	-98.9015
SD	Lesterville	43.0550	-97.5483
SD	Letcher	43.8923	-98.1743
SD	Little Eagle	45.6733	-100.8083
SD	Lodgepole	45.8232	-102.7599
SD	Long Valley	43.5698	-101.3821
SD	Longlake	45.7968	-99.2507
SD	Lower Brule	44.0937	-99.6139
SD	Ludlow	45.8747	-103.3111
SD	Lyons	43.7231	-96.8675
SD	Madison	44.0054	-97.1149
SD	Manderson	43.3098	-102.3745
SD	Mansfield	45.2267	-98.6066
SD	Marion	43.4188	-97.2771
SD	Martin	43.1785	-101.7408
SD	Marty	42.9764	-98.4224
SD	Marvin	45.2727	-96.9100
SD	Mc Intosh	45.8124	-101.5004
SD	Mc Laughlin	45.7489	-100.8776
SD	Meadow	45.3538	-102.2844
SD	Mellette	45.1631	-98.4824
SD	Menno	43.2340	-97.5650
SD	Midland	44.2374	-101.2924
SD	Milbank	45.2061	-96.6255
SD	Milesville	44.4283	-101.7523
SD	Miller	44.4966	-98.9894
SD	Mission	43.2850	-100.5954
SD	Mission Hill	42.9836	-97.3349
SD	Mitchell	43.7109	-98.0270
SD	Mobridge	45.5407	-100.4315
SD	Monroe	43.4779	-97.2182
SD	Montrose	43.7063	-97.1885
SD	Morristown	45.9006	-101.6998
SD	Mound City	45.6786	-100.0479
SD	Mount Vernon	43.7204	-98.2633
SD	Mud Butte	45.0310	-102.8031
SD	Murdo	43.8961	-100.7121
SD	Nemo	44.2097	-103.5449
SD	New Effington	45.8659	-96.9150
SD	New Holland	43.4310	-98.6287
SD	New Underwood	44.0874	-102.8136
SD	Newell	44.7410	-103.3914
SD	Nisland	44.6665	-103.5402
SD	Norris	43.4662	-101.1517
SD	North Sioux City	42.5327	-96.5076
SD	Northville	45.1611	-98.6589
SD	Nunda	44.1525	-96.9942
SD	Oacoma	43.7950	-99.3967
SD	Oelrichs	43.1551	-103.2162
SD	Oglala	43.1886	-102.7392
SD	Okaton	43.9342	-100.9351
SD	Okreek	43.3617	-100.3867
SD	Oldham	44.2457	-97.2696
SD	Olivet	43.2928	-97.7184
SD	Onaka	45.1965	-99.4551
SD	Onida	44.7125	-100.0957
SD	Oral	43.3876	-103.1832
SD	Orient	44.8343	-99.1058
SD	Ortley	45.3406	-97.1770
SD	Owanka	44.0631	-102.5628
SD	Parker	43.4020	-97.1333
SD	Parkston	43.3978	-97.9678
SD	Parmelee	43.3117	-101.0081
SD	Peever	45.5206	-97.0012
SD	Philip	44.0550	-101.6876
SD	Pickstown	43.0650	-98.5317
SD	Piedmont	44.2287	-103.3688
SD	Pierpont	45.4960	-97.8128
SD	Pierre	44.3695	-100.3211
SD	Pine Ridge	43.1124	-102.5984
SD	Plankinton	43.7373	-98.4694
SD	Platte	43.4024	-98.8897
SD	Pollock	45.8890	-100.2875
SD	Porcupine	43.2940	-102.2234
SD	Prairie City	45.5813	-102.8085
SD	Presho	43.8995	-100.0746
SD	Pringle	43.6083	-103.5917
SD	Pukwana	43.7783	-99.1779
SD	Quinn	44.0772	-102.0697
SD	Ralph	45.8554	-103.0356
SD	Ramona	44.1229	-97.2349
SD	Rapid City	44.0770	-103.2003
SD	Raymond	44.8637	-97.9168
SD	Redfield	44.8719	-98.5112
SD	Redig	45.2711	-103.5478
SD	Ree Heights	44.5603	-99.2286
SD	Reliance	43.8302	-99.4857
SD	Renner	43.6366	-96.7119
SD	Reva	45.5277	-103.0692
SD	Revillo	45.0221	-96.5624
SD	Ridgeview	45.1433	-100.6517
SD	Rockham	44.9716	-98.7687
SD	Roscoe	45.4271	-99.3326
SD	Rosebud	43.2300	-100.8550
SD	Rosholt	45.8753	-96.7174
SD	Roslyn	45.5006	-97.5401
SD	Rowena	43.5203	-96.5556
SD	Rutland	44.0683	-96.9519
SD	Saint Charles	43.1089	-99.0910
SD	Saint Francis	43.1910	-100.8850
SD	Saint Lawrence	44.5215	-98.8754
SD	Saint Onge	44.5522	-103.7344
SD	Salem	43.7356	-97.3797
SD	Scenic	43.7994	-102.5353
SD	Scotland	43.1212	-97.7296
SD	Selby	45.4786	-100.0541
SD	Seneca	45.0262	-99.4610
SD	Sinai	44.2397	-97.0543
SD	Sioux Falls	43.4880	-96.7343
SD	Sisseton	45.6644	-97.0232
SD	Smithwick	43.2684	-103.1988
SD	South Shore	45.1049	-96.9859
SD	Spearfish	44.4946	-103.8650
SD	Spencer	43.7557	-97.5936
SD	Springfield	42.8687	-97.9288
SD	Stephan	44.2481	-99.4528
SD	Stickney	43.5842	-98.5088
SD	Stockholm	45.1031	-96.8106
SD	Strandburg	45.0389	-96.7901
SD	Stratford	45.2866	-98.2792
SD	Sturgis	44.4131	-103.4772
SD	Summit	45.3521	-97.0427
SD	Tabor	42.9383	-97.6923
SD	Tea	43.4711	-96.8177
SD	Timber Lake	45.3927	-101.0351
SD	Tolstoy	45.1702	-99.6176
SD	Toronto	44.5786	-96.7077
SD	Trail City	45.4401	-100.6829
SD	Trent	43.8942	-96.6326
SD	Tripp	43.2404	-97.9713
SD	Tulare	44.7305	-98.5539
SD	Turton	45.0379	-98.0996
SD	Tuthill	43.1196	-101.4701
SD	Twin Brooks	45.2115	-96.9956
SD	Tyndall	42.9900	-97.8633
SD	Union Center	44.6380	-102.7980
SD	Utica	42.9366	-97.4551
SD	Vale	44.6222	-103.3795
SD	Valley Springs	43.5773	-96.4956
SD	Veblen	45.8535	-97.3122
SD	Vermillion	42.7951	-96.9258
SD	Viborg	43.1815	-97.1140
SD	Vienna	44.6900	-97.5456
SD	Virgil	44.3256	-98.3921
SD	Vivian	43.9535	-100.2860
SD	Volga	44.3224	-96.9251
SD	Volin	42.9696	-97.2282
SD	Wagner	43.0819	-98.2819
SD	Wakonda	42.9960	-97.0694
SD	Wakpala	45.7006	-100.5332
SD	Walker	45.9103	-101.0900
SD	Wall	43.9812	-102.2245
SD	Wallace	45.0815	-97.4458
SD	Wanblee	43.5589	-101.7219
SD	Warner	45.3486	-98.4757
SD	Wasta	44.0937	-102.3471
SD	Watauga	45.9276	-101.5129
SD	Watertown	44.9043	-97.1240
SD	Waubay	45.3784	-97.2950
SD	Webster	45.3226	-97.5153
SD	Wentworth	43.9852	-96.9615
SD	Wessington	44.4128	-98.6920
SD	Wessington Springs	44.0699	-98.6116
SD	Westport	45.6250	-98.5856
SD	White	44.4132	-96.6150
SD	White Lake	43.7564	-98.7076
SD	White Owl	44.6182	-102.4452
SD	White River	43.5666	-100.7449
SD	Whitehorse	45.2700	-100.8883
SD	Whitewood	44.4589	-103.6370
SD	Willow Lake	44.6272	-97.6747
SD	Wilmot	45.4125	-96.8560
SD	Winfred	43.9595	-97.3093
SD	Winner	43.3555	-99.8619
SD	Witten	43.4498	-100.0783
SD	Wolsey	44.3991	-98.4743
SD	Wood	43.5366	-100.4379
SD	Woonsocket	44.0572	-98.2430
SD	Worthing	43.2925	-96.7529
SD	Wounded Knee	43.1852	-102.4022
SD	Yale	44.4956	-97.9932
SD	Yankton	42.8821	-97.3986
TN	Adams	36.5582	-87.1226
TN	Adamsville	35.2556	-88.4134
TN	Afton	36.2042	-82.7467
TN	Alamo	35.8017	-89.1765
TN	Alcoa	35.7852	-83.9809
TN	Alexandria	36.0711	-86.0372
TN	Allardt	36.3749	-84.8508
TN	Allons	36.4970	-85.3197
TN	Allred	36.3668	-85.1761
TN	Alpine	36.3803	-85.1522
TN	Altamont	35.4258	-85.7635
TN	Andersonville	36.1915	-84.0544
TN	Antioch	36.0600	-86.6722
TN	Apison	35.0149	-85.0164
TN	Ardmore	35.0574	-86.8796
TN	Arlington	35.2752	-89.7295
TN	Arnold A F B	35.3433	-86.2394
TN	Arrington	35.9049	-86.5645
TN	Arthur	36.5481	-83.6708
TN	Ashland City	36.2731	-87.0447
TN	Athens	35.4574	-84.6043
TN	Atoka	35.4213	-89.8216
TN	Atwood	35.9663	-88.6247
TN	Auburntown	35.9744	-86.1075
TN	Bakewell	35.3822	-85.1089
TN	Bath Springs	35.4521	-88.1286
TN	Baxter	36.1249	-85.6378
TN	Bean Station	36.3249	-83.3142
TN	Beech Bluff	35.5922	-88.6396
TN	Beechgrove	35.6447	-86.2046
TN	Beersheba Springs	35.4704	-85.6821
TN	Belfast	35.4069	-86.7095
TN	Bell Buckle	35.6381	-86.3949
TN	Bells	35.7198	-89.0729
TN	Belvidere	35.1415	-86.1728
TN	Benton	35.1730	-84.6544
TN	Bethel Springs	35.2289	-88.6440
TN	Bethpage	36.5186	-86.3146
TN	Big Rock	36.5716	-87.7378
TN	Big Sandy	36.2285	-88.0627
TN	Birchwood	35.3520	-84.9618
TN	Blaine	36.1583	-83.6783
TN	Bloomington Springs	36.2195	-85.6479
TN	Blountville	36.5356	-82.3656
TN	Bluff City	36.4774	-82.2362
TN	Bogota	36.1639	-89.4383
TN	Bolivar	35.2461	-89.0007
TN	Bon Aqua	35.9471	-87.2996
TN	Braden	35.3794	-89.5681
TN	Bradford	36.0645	-88.8046
TN	Bradyville	35.7053	-86.0912
TN	Brentwood	36.0331	-86.7828
TN	Briceville	36.1854	-84.2160
TN	Brighton	35.4703	-89.7525
TN	Bristol	36.5686	-82.1819
TN	Brownsville	35.6100	-89.2624
TN	Bruceton	36.0268	-88.2518
TN	Brunswick	35.2672	-89.7686
TN	Brush Creek	36.1107	-86.0203
TN	Buchanan	36.4146	-88.1515
TN	Buena Vista	35.9431	-88.2926
TN	Buffalo Valley	36.1833	-85.7589
TN	Bulls Gap	36.3257	-83.0315
TN	Bumpus Mills	36.6226	-87.8614
TN	Burlison	35.5399	-89.8177
TN	Burns	36.0471	-87.3061
TN	Butler	36.3282	-81.9856
TN	Bybee	36.0740	-83.1631
TN	Byrdstown	36.5709	-85.1456
TN	Calhoun	35.3746	-84.7381
TN	Camden	36.0556	-88.1119
TN	Campaign	35.7708	-85.6286
TN	Carthage	36.2556	-85.9697
TN	Caryville	36.2854	-84.1898
TN	Castalian Springs	36.3821	-86.3155
TN	Cedar Grove	35.8613	-88.5517
TN	Cedar Hill	36.5062	-87.0275
TN	Celina	36.5475	-85.4966
TN	Centerville	35.7797	-87.4775
TN	Chapel Hill	35.6354	-86.6836
TN	Chapmansboro	36.3781	-87.1113
TN	Charleston	35.2556	-84.7666
TN	Charlotte	36.2326	-87.2816
TN	Chattanooga	35.0455	-85.3081
TN	Chestnut Mound	36.1929	-85.8374
TN	Chewalla	35.0133	-88.6464
TN	Christiana	35.7409	-86.4079
TN	Chuckey	36.2211	-82.6674
TN	Church Hill	36.5399	-82.7252
TN	Clairfield	36.5650	-83.9397
TN	Clarkrange	36.2112	-84.9777
TN	Clarksburg	35.8717	-88.3931
TN	Clarksville	36.5220	-87.3490
TN	Cleveland	35.1313	-84.8750
TN	Clifton	35.3819	-87.9500
TN	Clinton	36.0869	-84.1897
TN	Coalfield	36.0289	-84.4208
TN	Coalmont	35.3862	-85.6551
TN	Cokercreek	35.2656	-84.2858
TN	College Grove	35.7832	-86.7495
TN	Collegedale	35.0531	-85.0503
TN	Collierville	35.0551	-89.6767
TN	Collinwood	35.1635	-87.7185
TN	Columbia	35.6156	-87.0380
TN	Como	36.2931	-88.5122
TN	Conasauga	35.0044	-84.7294
TN	Cookeville	36.1743	-85.4953
TN	Copperhill	35.0250	-84.3840
TN	Cordova	35.1776	-89.7738
TN	Cornersville	35.3409	-86.8286
TN	Corryton	36.1200	-83.8130
TN	Cosby	35.8347	-83.2187
TN	Cottage Grove	36.3479	-88.4614
TN	Cottontown	36.4912	-86.6033
TN	Counce	35.0394	-88.2936
TN	Covington	35.5598	-89.6501
TN	Cowan	35.1701	-86.0190
TN	Crab Orchard	35.8898	-84.8586
TN	Crawford	36.2361	-85.1688
TN	Crockett Mills	35.8675	-89.1692
TN	Cross Plains	36.5531	-86.6761
TN	Crossville	35.9440	-85.0172
TN	Crump	35.2216	-88.3356
TN	Culleoka	35.4749	-87.0005
TN	Cumberland City	36.3669	-87.6349
TN	Cumberland Furnace	36.3161	-87.4066
TN	Cumberland Gap	36.5504	-83.6810
TN	Cunningham	36.3789	-87.4245
TN	Cypress Inn	35.0579	-87.7883
TN	Dandridge	36.0018	-83.4044
TN	Darden	35.6630	-88.2177
TN	Dayton	35.5002	-85.0135
TN	Decatur	35.5072	-84.8081
TN	Decaturville	35.5585	-88.1334
TN	Decherd	35.2326	-86.0589
TN	Deer Lodge	36.2176	-84.8191
TN	Del Rio	35.8830	-83.0150
TN	Delano	35.2612	-84.6024
TN	Dellrose	35.0037	-86.9100
TN	Denmark	35.5571	-88.9759
TN	Dickson	36.0760	-87.3995
TN	Dixon Springs	36.4455	-86.0533
TN	Dover	36.5075	-87.8383
TN	Dowelltown	35.9725	-85.9055
TN	Doyle	35.8722	-85.4990
TN	Dresden	36.2950	-88.6963
TN	Drummonds	35.4452	-89.9236
TN	Duck River	35.7386	-87.3423
TN	Ducktown	35.0358	-84.3828
TN	Duff	36.4110	-84.0125
TN	Dukedom	36.4796	-88.6926
TN	Dunlap	35.3842	-85.3925
TN	Dyer	36.0716	-89.0192
TN	Dyersburg	36.0444	-89.3836
TN	Eads	35.1551	-89.6760
TN	Eagan	36.5519	-83.9769
TN	Eagleville	35.7492	-86.6327
TN	Eaton	35.9689	-89.1319
TN	Eidson	36.4995	-83.0827
TN	Elgin	36.3322	-84.6063
TN	Elizabethton	36.3445	-82.2015
TN	Elkton	35.0522	-86.8886
TN	Ellendale	35.2306	-89.8258
TN	Elmwood	36.2355	-85.8808
TN	Elora	35.0295	-86.3481
TN	Englewood	35.4272	-84.4833
TN	Enville	35.4393	-88.4206
TN	Erin	36.3067	-87.6790
TN	Erwin	36.1342	-82.4163
TN	Estill Springs	35.2705	-86.1396
TN	Ethridge	35.3326	-87.3039
TN	Etowah	35.3314	-84.5283
TN	Eva	36.0788	-88.0280
TN	Evensville	35.6153	-85.0228
TN	Fairview	35.9755	-87.1321
TN	Fall Branch	36.4158	-82.6256
TN	Farner	35.1449	-84.3209
TN	Fayetteville	35.1527	-86.5664
TN	Finger	35.3252	-88.6067
TN	Finley	36.0169	-89.5134
TN	Five Points	35.0310	-87.2961
TN	Flag Pond	36.0085	-82.5623
TN	Flintville	35.0428	-86.4980
TN	Fosterville	35.6550	-86.4031
TN	Frankewing	35.1779	-86.7818
TN	Franklin	35.9328	-86.8788
TN	Friendship	35.8976	-89.2041
TN	Friendsville	35.7523	-84.1061
TN	Fruitvale	35.7467	-89.0306
TN	Gadsden	35.7799	-88.9929
TN	Gainesboro	36.3438	-85.6355
TN	Gallatin	36.3834	-86.4512
TN	Gallaway	35.3258	-89.6161
TN	Gates	35.8439	-89.4592
TN	Gatlinburg	35.7290	-83.4874
TN	Georgetown	35.2932	-84.9127
TN	Germantown	35.0883	-89.8053
TN	Gibson	35.8753	-88.8467
TN	Gladeville	36.1125	-86.4164
TN	Gleason	36.2117	-88.6184
TN	Goodlettsville	36.3231	-86.7133
TN	Goodspring	35.1167	-87.1278
TN	Gordonsville	36.1843	-86.0008
TN	Grand Junction	35.0659	-89.1534
TN	Grandview	35.7608	-84.8615
TN	Granville	36.2768	-85.7475
TN	Graysville	35.4484	-85.1790
TN	Greenback	35.6567	-84.1710
TN	Greenbrier	36.4229	-86.7914
TN	Greeneville	36.1608	-82.8331
TN	Greenfield	36.1485	-88.7453
TN	Grimsley	36.2434	-85.0155
TN	Gruetli Laager	35.3635	-85.6698
TN	Guild	35.0178	-85.5116
TN	Guys	35.0142	-88.5208
TN	Halls	35.8862	-89.4147
TN	Hampshire	35.5915	-87.3251
TN	Hampton	36.2577	-82.1891
TN	Harriman	35.9348	-84.5155
TN	Harrison	35.1679	-85.0945
TN	Harrogate	36.5767	-83.6073
TN	Hartford	35.8256	-83.0996
TN	Hartsville	36.3947	-86.1704
TN	Heiskell	36.1150	-84.0438
TN	Helenwood	36.4329	-84.5381
TN	Henderson	35.4269	-88.6398
TN	Hendersonville	36.3054	-86.6072
TN	Henning	35.6829	-89.6375
TN	Henry	36.2013	-88.4536
TN	Hermitage	36.1848	-86.6002
TN	Hickman	36.1197	-85.9023
TN	Hickory Valley	35.1580	-89.1309
TN	Hilham	36.3915	-85.4369
TN	Hillsboro	35.3699	-85.9724
TN	Hixson	35.1591	-85.2182
TN	Hohenwald	35.5408	-87.5546
TN	Holladay	35.8951	-88.0912
TN	Hollow Rock	36.0565	-88.2901
TN	Hornbeak	36.3596	-89.3056
TN	Hornsby	35.2197	-88.8263
TN	Humboldt	35.8370	-88.9057
TN	Huntingdon	36.0062	-88.4202
TN	Huntland	35.0512	-86.2694
TN	Huntsville	36.3983	-84.4288
TN	Huron	35.6144	-88.5195
TN	Hurricane Mills	35.9749	-87.7671
TN	Idlewild	36.0297	-88.8081
TN	Indian Mound	36.4946	-87.6804
TN	Iron City	35.0563	-87.6473
TN	Jacks Creek	35.4782	-88.5019
TN	Jacksboro	36.3266	-84.1928
TN	Jackson	35.6102	-88.8140
TN	Jamestown	36.4245	-84.9357
TN	Jasper	35.0666	-85.6147
TN	Jefferson City	36.1163	-83.4810
TN	Jellico	36.5544	-84.1181
TN	Joelton	36.3290	-86.9163
TN	Johnson City	36.3339	-82.3408
TN	Jonesborough	36.2954	-82.4902
TN	Kelso	35.1024	-86.4683
TN	Kenton	36.1906	-89.0229
TN	Kingsport	36.5528	-82.5540
TN	Kingston	35.8528	-84.4971
TN	Kingston Springs	36.0953	-87.1156
TN	Knoxville	35.9609	-83.9189
TN	Kodak	35.9722	-83.6171
TN	Kyles Ford	36.5721	-83.0507
TN	La Follette	36.3690	-84.1116
TN	La Grange	35.0453	-89.2436
TN	La Vergne	36.0127	-86.5600
TN	Laconia	35.2822	-89.2519
TN	Lafayette	36.5390	-86.0242
TN	Lake City	36.2032	-84.1386
TN	Lancaster	36.0954	-85.8551
TN	Lancing	36.1456	-84.7135
TN	Lascassas	35.9495	-86.3112
TN	Laurel Bloomery	36.5749	-81.7255
TN	Lavinia	35.8583	-88.6324
TN	Lawrenceburg	35.2507	-87.3526
TN	Lebanon	36.2098	-86.3024
TN	Lenoir City	35.8104	-84.2665
TN	Lenox	36.0892	-89.4983
TN	Leoma	35.1382	-87.3168
TN	Lewisburg	35.4596	-86.7812
TN	Lexington	35.6512	-88.3927
TN	Liberty	35.9746	-85.9854
TN	Limestone	36.2370	-82.6171
TN	Linden	35.5998	-87.8656
TN	Livingston	36.3890	-85.3205
TN	Lobelville	35.7467	-87.8251
TN	Lone Mountain	36.3906	-83.5850
TN	Lookout Mountain	34.9948	-85.3506
TN	Loretto	35.0728	-87.4270
TN	Loudon	35.7292	-84.3436
TN	Louisville	35.8375	-84.0089
TN	Lowland	36.1640	-83.2446
TN	Lupton City	35.1056	-85.2642
TN	Luray	35.5988	-88.5784
TN	Luttrell	36.2001	-83.7600
TN	Lutts	35.1138	-87.8923
TN	Lyles	35.8922	-87.3172
TN	Lynchburg	35.2706	-86.3720
TN	Lynnville	35.3792	-87.0629
TN	Macon	35.1531	-89.4897
TN	Madison	36.2604	-86.7046
TN	Madisonville	35.5009	-84.3519
TN	Manchester	35.4817	-86.0886
TN	Mansfield	36.1847	-88.2859
TN	Martin	36.3425	-88.8554
TN	Maryville	35.7824	-83.9145
TN	Mascot	36.0844	-83.7411
TN	Mason	35.4380	-89.5518
TN	Maury City	35.8147	-89.2256
TN	Maynardville	36.2343	-83.8403
TN	Mc Donald	35.0869	-84.9892
TN	Mc Ewen	36.1185	-87.6422
TN	Mc Kenzie	36.1272	-88.5134
TN	Mc Lemoresville	35.9878	-88.5767
TN	Mc Minnville	35.6974	-85.7916
TN	Medina	35.8081	-88.7627
TN	Medon	35.4718	-88.8717
TN	Memphis	35.0337	-89.9343
TN	Mercer	35.4818	-89.0373
TN	Michie	35.0603	-88.4405
TN	Middleton	35.0818	-88.9046
TN	Midway	36.1510	-83.0281
TN	Milan	35.9251	-88.7688
TN	Milledgeville	35.3452	-88.3991
TN	Milligan College	36.3000	-82.2942
TN	Millington	35.3185	-89.9054
TN	Milton	35.9221	-86.1824
TN	Minor Hill	35.0500	-87.1522
TN	Mitchellville	36.6319	-86.5408
TN	Mohawk	36.1869	-83.0902
TN	Monroe	36.4642	-85.2164
TN	Monteagle	35.2402	-85.8228
TN	Monterey	36.1509	-85.2542
TN	Mooresburg	36.3621	-83.2095
TN	Morris Chapel	35.3026	-88.3176
TN	Morrison	35.6000	-85.8899
TN	Morristown	36.1957	-83.2755
TN	Moscow	35.0588	-89.3595
TN	Mosheim	36.1839	-82.9674
TN	Moss	36.5966	-85.6772
TN	Mount Carmel	36.5629	-82.6532
TN	Mount Juliet	36.2000	-86.5186
TN	Mount Pleasant	35.5301	-87.2037
TN	Mountain City	36.4657	-81.8140
TN	Mountain Home	36.3106	-82.3733
TN	Mulberry	35.1941	-86.4217
TN	Munford	35.4492	-89.8150
TN	Murfreesboro	35.7913	-86.3570
TN	Nashville	36.1670	-86.7784
TN	New Johnsonville	36.0088	-87.9547
TN	New Market	36.0810	-83.5673
TN	New Tazewell	36.4425	-83.5997
TN	Newbern	36.1009	-89.2514
TN	Newcomb	36.5428	-84.1798
TN	Newport	35.9544	-83.2027
TN	Niota	35.5819	-84.5721
TN	Nolensville	35.9307	-86.6829
TN	Norene	36.0567	-86.2425
TN	Normandy	35.4296	-86.2557
TN	Norris	36.1956	-84.0681
TN	Nunnelly	35.8763	-87.5067
TN	Oak Ridge	36.0159	-84.2623
TN	Oakdale	36.0100	-84.5753
TN	Oakfield	35.7548	-88.8021
TN	Oakland	35.2229	-89.5518
TN	Obion	36.2657	-89.2805
TN	Ocoee	35.1025	-84.7136
TN	Old Hickory	36.2416	-86.6117
TN	Oldfort	35.0365	-84.7219
TN	Olivehill	35.2667	-88.0390
TN	Oliver Springs	36.0366	-84.3486
TN	Oneida	36.5053	-84.5293
TN	Only	35.8679	-87.6655
TN	Ooltewah	35.0781	-85.0635
TN	Orlinda	36.6110	-86.6990
TN	Pall Mall	36.5781	-85.0384
TN	Palmer	35.3741	-85.5643
TN	Palmersville	36.3948	-88.6142
TN	Palmyra	36.4176	-87.4914
TN	Paris	36.3005	-88.3093
TN	Parrottsville	35.9983	-83.0736
TN	Parsons	35.6664	-88.1195
TN	Pegram	36.1129	-87.0316
TN	Pelham	35.3140	-85.8441
TN	Petersburg	35.2924	-86.6447
TN	Petros	36.0559	-84.4399
TN	Philadelphia	35.6642	-84.4502
TN	Pickwick Dam	35.0519	-88.2417
TN	Pigeon Forge	35.7922	-83.5638
TN	Pikeville	35.6408	-85.2077
TN	Piney Flats	36.4461	-82.3340
TN	Pinson	35.4781	-88.7304
TN	Pioneer	36.4695	-84.2907
TN	Pleasant Hill	36.0112	-85.1669
TN	Pleasant Shade	36.3489	-85.9081
TN	Pleasant View	36.3783	-87.0395
TN	Pocahontas	35.0315	-88.8116
TN	Portland	36.5673	-86.5059
TN	Powder Springs	36.2549	-83.6729
TN	Powell	36.0435	-84.0400
TN	Primm Springs	35.8104	-87.2530
TN	Prospect	35.0666	-87.0174
TN	Pruden	36.5861	-83.9011
TN	Pulaski	35.2093	-87.0393
TN	Puryear	36.4456	-88.3472
TN	Quebeck	35.8254	-85.5382
TN	Ramer	35.0642	-88.6017
TN	Readyville	35.7989	-86.2415
TN	Reagan	35.5096	-88.3508
TN	Red Boiling Springs	36.5313	-85.8463
TN	Reliance	35.1807	-84.5410
TN	Riceville	35.3446	-84.6462
TN	Rickman	36.3019	-85.3806
TN	Riddleton	36.3506	-86.0335
TN	Ridgely	36.2638	-89.4858
TN	Ridgetop	36.3950	-86.7794
TN	Ripley	35.7527	-89.5350
TN	Rives	36.2637	-89.0376
TN	Roan Mountain	36.1773	-82.0810
TN	Robbins	36.3527	-84.5904
TN	Rock Island	35.7438	-85.6352
TN	Rockford	35.8305	-83.9412
TN	Rockvale	35.7450	-86.5352
TN	Rockwood	35.8587	-84.6842
TN	Rogersville	36.4162	-83.0108
TN	Rossville	35.0768	-89.5678
TN	Rugby	36.2734	-84.7032
TN	Russellville	36.2567	-83.1914
TN	Rutherford	36.1300	-88.9849
TN	Rutledge	36.2501	-83.5125
TN	Saint Joseph	35.0376	-87.5018
TN	Sale Creek	35.3858	-85.1023
TN	Saltillo	35.3815	-88.2472
TN	Samburg	36.3808	-89.3547
TN	Santa Fe	35.7588	-87.1515
TN	Sardis	35.4386	-88.3058
TN	Saulsbury	35.0498	-89.0769
TN	Savannah	35.2023	-88.2005
TN	Scotts Hill	35.5050	-88.2405
TN	Selmer	35.1691	-88.5958
TN	Sequatchie	35.1634	-85.6371
TN	Sevierville	35.8452	-83.5386
TN	Sewanee	35.2011	-85.9126
TN	Seymour	35.8700	-83.7495
TN	Shady Valley	36.5272	-81.9068
TN	Sharon	36.2395	-88.8477
TN	Sharps Chapel	36.3685	-83.8127
TN	Shawanee	36.5806	-83.6389
TN	Shelbyville	35.4883	-86.4634
TN	Sherwood	35.0992	-85.9238
TN	Shiloh	35.1195	-88.3507
TN	Signal Mountain	35.1494	-85.3362
TN	Silerton	35.3403	-88.8061
TN	Silver Point	36.1006	-85.7338
TN	Slayden	36.2947	-87.4703
TN	Smartt	35.6403	-85.8367
TN	Smithville	35.9299	-85.8046
TN	Smyrna	35.9656	-86.5048
TN	Sneedville	36.5275	-83.2529
TN	Soddy Daisy	35.2527	-85.1630
TN	Somerville	35.2772	-89.3918
TN	South Fulton	36.4814	-88.8808
TN	South Pittsburg	35.0280	-85.7225
TN	Southside	36.3626	-87.3061
TN	Sparta	35.9547	-85.4786
TN	Speedwell	36.4797	-83.8135
TN	Spencer	35.7279	-85.4287
TN	Spring City	35.6821	-84.8420
TN	Spring Creek	35.7667	-88.6772
TN	Spring Hill	35.7173	-86.9048
TN	Springfield	36.5018	-86.8769
TN	Springville	36.2650	-88.1459
TN	Stanton	35.4482	-89.3326
TN	Stantonville	35.1809	-88.4364
TN	Stewart	36.3241	-87.8725
TN	Strawberry Plains	36.0415	-83.6777
TN	Sugar Tree	35.7920	-88.0322
TN	Summertown	35.4307	-87.3198
TN	Summitville	35.5594	-85.9925
TN	Sunbright	36.2622	-84.6984
TN	Surgoinsville	36.4741	-82.8306
TN	Sweetwater	35.5957	-84.4304
TN	Taft	35.0517	-86.6447
TN	Talbott	36.1600	-83.4129
TN	Tallassee	35.5837	-84.0033
TN	Tazewell	36.4710	-83.5552
TN	Telford	36.2451	-82.5369
TN	Tellico Plains	35.3562	-84.3068
TN	Ten Mile	35.6862	-84.6548
TN	Tennessee Ridge	36.3297	-87.7808
TN	Thompsons Station	35.8310	-87.0049
TN	Thorn Hill	36.3917	-83.3660
TN	Tigrett	35.9514	-89.2400
TN	Tipton	35.4136	-89.8197
TN	Tiptonville	36.3846	-89.4649
TN	Toone	35.3574	-88.9353
TN	Townsend	35.6784	-83.7572
TN	Tracy City	35.2721	-85.7362
TN	Trade	36.3683	-81.7572
TN	Trenton	35.9712	-88.9507
TN	Trezevant	36.0172	-88.6100
TN	Trimble	36.2011	-89.1863
TN	Troy	36.3416	-89.1611
TN	Tullahoma	35.3584	-86.2207
TN	Turtletown	35.1081	-84.3544
TN	Unicoi	36.2066	-82.3220
TN	Union City	36.4263	-89.0667
TN	Unionville	35.6224	-86.5639
TN	Vanleer	36.2237	-87.4565
TN	Viola	35.5383	-85.8592
TN	Vonore	35.5354	-84.1778
TN	Walland	35.7533	-83.8243
TN	Walling	35.8695	-85.6185
TN	Wartburg	36.1016	-84.5652
TN	Wartrace	35.5123	-86.3277
TN	Washburn	36.3106	-83.5937
TN	Watauga	36.3702	-82.2683
TN	Watertown	36.0953	-86.1434
TN	Waverly	36.0997	-87.7991
TN	Waynesboro	35.3220	-87.7395
TN	Westmoreland	36.5756	-86.2353
TN	Westpoint	35.1393	-87.5380
TN	Westport	35.9169	-88.3364
TN	White Bluff	36.1253	-87.2190
TN	White House	36.4600	-86.6705
TN	White Pine	36.0903	-83.2879
TN	Whites Creek	36.2744	-86.8292
TN	Whitesburg	36.2621	-83.1458
TN	Whiteside	35.0663	-85.3985
TN	Whiteville	35.3191	-89.1337
TN	Whitleyville	36.5158	-85.6899
TN	Whitwell	35.1972	-85.5011
TN	Wilder	36.2305	-85.0747
TN	Wildersville	35.7698	-88.4388
TN	Williamsport	35.6494	-87.2257
TN	Williston	35.1666	-89.3906
TN	Winchester	35.1864	-86.1130
TN	Winfield	36.5598	-84.4340
TN	Woodbury	35.8143	-86.0500
TN	Woodland Mills	36.4883	-89.1150
TN	Woodlawn	36.5147	-87.5393
TN	Wynnburg	36.3286	-89.4733
TN	Yorkville	36.0994	-89.1189
TN	Yuma	35.8680	-88.3819
TX	Abbott	31.8916	-97.0671
TX	Abernathy	33.8500	-101.8611
TX	Abilene	32.4682	-99.7182
TX	Ace	30.5361	-94.8242
TX	Ackerly	32.6091	-101.7951
TX	Addison	32.9617	-96.8289
TX	Adkins	29.3805	-98.2650
TX	Adrian	35.2758	-102.6970
TX	Afton	33.7718	-100.8021
TX	Agua Dulce	27.7814	-97.9083
TX	Aiken	34.1422	-101.5253
TX	Alamo	26.1906	-98.1164
TX	Alanreed	35.2125	-100.7339
TX	Alba	32.7652	-95.5971
TX	Albany	32.7190	-99.3196
TX	Aledo	32.7004	-97.6039
TX	Alice	27.7432	-98.0836
TX	Alief	29.7108	-95.5961
TX	Allen	33.0934	-96.6454
TX	Alleyton	29.7453	-96.4631
TX	Allison	35.6058	-100.1003
TX	Alpine	30.2631	-103.6541
TX	Altair	29.5711	-96.4539
TX	Alto	31.6478	-95.0798
TX	Alvarado	32.4395	-97.2130
TX	Alvin	29.4120	-95.2515
TX	Alvord	33.3698	-97.6885
TX	Amarillo	35.2032	-101.8421
TX	Amherst	33.9976	-102.4416
TX	Anahuac	29.7810	-94.5548
TX	Anderson	30.5443	-96.0018
TX	Andrews	32.3201	-102.5409
TX	Angleton	29.1810	-95.4467
TX	Anna	33.3445	-96.5639
TX	Annona	33.5535	-94.8992
TX	Anson	32.7489	-99.8953
TX	Anthony	31.9907	-106.5976
TX	Anton	33.8043	-102.1652
TX	Apple Springs	31.2269	-94.9812
TX	Aquilla	31.8589	-97.2258
TX	Aransas Pass	27.9092	-97.1497
TX	Archer City	33.5956	-98.6253
TX	Argyle	33.1062	-97.1600
TX	Arlington	32.6336	-97.1469
TX	Armstrong	26.7387	-97.7093
TX	Arp	32.2418	-95.0639
TX	Art	30.7754	-99.0937
TX	Artesia Wells	28.2797	-99.2842
TX	Arthur City	33.8400	-95.4940
TX	Asherton	28.4364	-99.7486
TX	Aspermont	33.1301	-100.2344
TX	Atascosa	29.2705	-98.7421
TX	Athens	32.1935	-95.8432
TX	Atlanta	33.1090	-94.1646
TX	Aubrey	33.2920	-96.9879
TX	Austin	30.2107	-97.9427
TX	Austwell	28.3900	-96.8419
TX	Avalon	32.2053	-96.7897
TX	Avery	33.5339	-94.7867
TX	Avinger	32.8485	-94.5795
TX	Avoca	32.8832	-99.6964
TX	Axtell	31.6610	-96.9882
TX	Azle	32.8925	-97.5367
TX	Bacliff	29.5055	-94.9893
TX	Bagwell	33.8361	-95.1487
TX	Bailey	33.4319	-96.1656
TX	Baird	32.3916	-99.3777
TX	Ballinger	31.7468	-99.9589
TX	Balmorhea	31.0124	-103.6933
TX	Bandera	29.7276	-99.0453
TX	Bangs	31.7684	-99.1077
TX	Banquete	27.8058	-97.7958
TX	Bardwell	32.2689	-96.6958
TX	Barker	29.7842	-95.6847
TX	Barksdale	29.7085	-100.0710
TX	Barnhart	31.1596	-101.1918
TX	Barry	32.1014	-96.6251
TX	Barstow	31.4639	-103.3971
TX	Bartlett	30.7991	-97.4263
TX	Bastrop	30.1388	-97.2921
TX	Batesville	28.9286	-99.6115
TX	Batson	30.2250	-94.6096
TX	Bay City	28.9825	-95.9692
TX	Bayside	28.0968	-97.2106
TX	Baytown	29.7461	-94.9653
TX	Beasley	29.4790	-95.9681
TX	Beaumont	30.0688	-94.1039
TX	Beckville	32.2452	-94.4555
TX	Bedford	32.8536	-97.1358
TX	Bedias	30.7641	-95.9336
TX	Beeville	28.4222	-97.7616
TX	Bellaire	29.7023	-95.4611
TX	Bellevue	33.5879	-98.1574
TX	Bells	33.6178	-96.4237
TX	Bellville	29.9658	-96.2531
TX	Belmont	29.5231	-97.6836
TX	Belton	31.0723	-97.4720
TX	Ben Bolt	27.6472	-98.0811
TX	Ben Franklin	33.4741	-95.7591
TX	Ben Wheeler	32.4126	-95.6371
TX	Benavides	27.5986	-98.4078
TX	Bend	31.1123	-98.4821
TX	Benjamin	33.5839	-99.7919
TX	Berclair	28.5306	-97.5908
TX	Bergheim	29.8399	-98.5933
TX	Bertram	30.7411	-98.0529
TX	Big Bend National Park	29.1477	-103.3306
TX	Big Lake	31.2406	-101.4788
TX	Big Sandy	32.6168	-95.0880
TX	Big Spring	32.2418	-101.4675
TX	Big Wells	28.5693	-99.5781
TX	Bigfoot	29.0531	-98.8582
TX	Bishop	27.5886	-97.7830
TX	Bivins	32.9660	-94.1404
TX	Blackwell	32.0820	-100.3111
TX	Blanco	30.0874	-98.4107
TX	Blanket	31.7882	-98.8311
TX	Bledsoe	33.6192	-103.0208
TX	Bleiblerville	29.9676	-96.4187
TX	Blessing	28.8649	-96.2180
TX	Bloomburg	33.1339	-94.0647
TX	Blooming Grove	32.0758	-96.7010
TX	Bloomington	28.6890	-96.8841
TX	Blossom	33.6945	-95.3823
TX	Blue Ridge	33.3061	-96.3901
TX	Bluegrove	33.6739	-98.2297
TX	Bluff Dale	32.4018	-98.1638
TX	Bluffton	30.8256	-98.5150
TX	Blum	32.1052	-97.3652
TX	Boerne	29.7777	-98.7134
TX	Bogata	33.4699	-95.1937
TX	Boling	29.2529	-95.9740
TX	Bon Wier	30.6876	-93.7665
TX	Bonham	33.5806	-96.1836
TX	Booker	36.4429	-100.5238
TX	Borger	35.6643	-101.4032
TX	Bovina	34.4815	-102.8061
TX	Bowie	33.5568	-97.8373
TX	Boyd	33.0594	-97.5868
TX	Boys Ranch	35.5314	-102.2536
TX	Brackettville	29.3096	-100.4155
TX	Brady	31.1283	-99.3372
TX	Brandon	32.0456	-96.9603
TX	Brashear	33.1155	-95.7345
TX	Brazoria	29.0236	-95.5867
TX	Breckenridge	32.7532	-98.9099
TX	Bremond	31.1560	-96.6697
TX	Brenham	30.1774	-96.4028
TX	Bridge City	30.0405	-93.8473
TX	Bridgeport	33.1870	-97.7810
TX	Briggs	30.9325	-97.9702
TX	Briscoe	35.5855	-100.1679
TX	Broaddus	31.2952	-94.2156
TX	Bronson	31.3391	-93.9993
TX	Bronte	31.8789	-100.2988
TX	Brookeland	31.1063	-94.0036
TX	Brookesmith	31.5176	-99.1277
TX	Brookshire	29.8072	-95.9755
TX	Brookston	33.6246	-95.6888
TX	Brownfield	33.1698	-102.2762
TX	Brownsboro	32.2905	-95.6229
TX	Brownsville	25.9337	-97.5174
TX	Brownwood	31.7047	-98.9752
TX	Bruceville	31.3267	-97.2342
TX	Bruni	27.4353	-98.8501
TX	Bryan	30.6327	-96.3662
TX	Bryson	33.1595	-98.3703
TX	Buchanan Dam	30.7598	-98.4532
TX	Buckholts	30.8858	-97.1241
TX	Buda	30.0918	-97.8534
TX	Buffalo	31.4572	-96.0585
TX	Buffalo Gap	32.2792	-99.8297
TX	Bula	33.8970	-102.6564
TX	Bullard	32.1357	-95.3750
TX	Bulverde	29.7802	-98.4378
TX	Buna	30.4132	-93.9913
TX	Burkburnett	34.0860	-98.5708
TX	Burkett	31.9986	-99.2553
TX	Burkeville	31.0099	-93.6585
TX	Burleson	32.5316	-97.3090
TX	Burlington	30.9457	-96.8853
TX	Burnet	30.7766	-98.2642
TX	Burton	30.1767	-96.5925
TX	Bushland	35.1919	-102.0642
TX	Byers	34.0728	-98.1839
TX	Bynum	31.9907	-96.9837
TX	Cactus	36.0528	-101.9122
TX	Caddo	32.6886	-98.6590
TX	Caddo Mills	33.0683	-96.2391
TX	Caldwell	30.5298	-96.7143
TX	Call	30.5741	-93.8334
TX	Calliham	28.4177	-98.4079
TX	Calvert	30.9782	-96.6711
TX	Camden	30.9169	-94.7342
TX	Cameron	30.8527	-96.9766
TX	Camp Wood	29.6795	-100.0084
TX	Campbell	33.1510	-95.9439
TX	Campbellton	28.7670	-98.2566
TX	Canadian	35.8859	-100.3539
TX	Canton	32.5143	-95.9047
TX	Canutillo	31.9344	-106.5929
TX	Canyon	34.9772	-101.9247
TX	Canyon Lake	29.8710	-98.2494
TX	Carbon	32.2701	-98.8348
TX	Carlsbad	31.5980	-100.6275
TX	Carlton	31.9114	-98.1525
TX	Carmine	30.1404	-96.6861
TX	Carrizo Springs	28.5278	-99.8635
TX	Carrollton	32.9657	-96.8825
TX	Carthage	32.1544	-94.3527
TX	Cason	33.0386	-94.8147
TX	Castell	30.6974	-98.9319
TX	Castroville	29.3553	-98.8824
TX	Cat Spring	29.7512	-96.3900
TX	Catarina	28.3453	-99.6131
TX	Cayuga	31.9569	-95.9744
TX	Cedar Creek	30.0966	-97.4976
TX	Cedar Hill	32.5885	-96.9438
TX	Cedar Lane	28.9383	-95.7364
TX	Cedar Park	30.4772	-97.8176
TX	Cee Vee	34.2231	-100.4453
TX	Celeste	33.2649	-96.2076
TX	Celina	33.3103	-96.7673
TX	Center	31.7865	-94.1869
TX	Center Point	29.9397	-99.0071
TX	Centerville	31.2720	-95.9213
TX	Centralia	31.2578	-95.0397
TX	Chandler	32.2706	-95.5025
TX	Channelview	29.7914	-95.1317
TX	Channing	35.7826	-102.3343
TX	Chapman Ranch	27.5861	-97.4531
TX	Chappell Hill	30.1833	-96.2347
TX	Charlotte	28.8649	-98.7070
TX	Chatfield	32.2954	-96.3887
TX	Cherokee	30.9806	-98.6633
TX	Chester	30.9285	-94.4581
TX	Chico	33.3193	-97.8031
TX	Chicota	33.8689	-95.5708
TX	Childress	34.4281	-100.2102
TX	Chillicothe	34.2439	-99.5157
TX	Chilton	31.3100	-97.0900
TX	China	30.0478	-94.3356
TX	China Spring	31.6673	-97.3002
TX	Chireno	31.5119	-94.4302
TX	Chriesman	30.5992	-96.7706
TX	Christine	28.7889	-98.4969
TX	Christoval	31.2346	-100.5203
TX	Cibolo	29.5750	-98.2280
TX	Cisco	32.3800	-98.9865
TX	Clarendon	34.9529	-100.8952
TX	Clarksville	33.6236	-95.0461
TX	Claude	35.0967	-101.3813
TX	Clayton	32.0981	-94.4747
TX	Cleburne	32.3429	-97.3980
TX	Cleveland	30.3300	-95.0202
TX	Clifton	31.7997	-97.5153
TX	Clint	31.5494	-106.2038
TX	Clute	29.0325	-95.4026
TX	Clyde	32.3803	-99.5184
TX	Coahoma	32.2942	-101.3197
TX	Coldspring	30.6027	-95.1086
TX	Coleman	31.8287	-99.4270
TX	College Station	30.6045	-96.3123
TX	Collegeport	28.7250	-96.1747
TX	Colleyville	32.8872	-97.1460
TX	Collinsville	33.5580	-96.9014
TX	Colmesneil	30.9092	-94.4218
TX	Colorado City	32.3987	-100.8609
TX	Columbus	29.7032	-96.5527
TX	Comanche	31.9116	-98.6082
TX	Combes	26.2483	-97.7336
TX	Comfort	29.9791	-98.8438
TX	Commerce	33.2493	-95.9097
TX	Como	33.0642	-95.3627
TX	Comstock	29.7484	-101.2628
TX	Concan	29.5241	-99.6842
TX	Concepcion	27.5443	-98.3815
TX	Concord	31.2631	-96.1026
TX	Conroe	30.3125	-95.4527
TX	Converse	29.5173	-98.3217
TX	Cookville	33.1819	-94.8733
TX	Coolidge	31.7438	-96.6577
TX	Cooper	33.3812	-95.6623
TX	Copeville	33.0794	-96.4153
TX	Coppell	32.9673	-96.9805
TX	Copperas Cove	31.1258	-97.9121
TX	Corpus Christi	27.7941	-97.4030
TX	Corrigan	31.0007	-94.7959
TX	Corsicana	32.0322	-96.3483
TX	Cost	29.4321	-97.5531
TX	Cotton Center	33.9931	-101.9925
TX	Cotulla	28.4398	-99.2328
TX	Coupland	30.5324	-97.3304
TX	Covington	32.1595	-97.2591
TX	Coyanosa	31.2295	-103.0538
TX	Crandall	32.5975	-96.4637
TX	Crane	31.3969	-102.3544
TX	Cranfills Gap	31.7811	-97.7854
TX	Crawford	31.5598	-97.3900
TX	Cresson	32.5307	-97.6519
TX	Crockett	31.3151	-95.4683
TX	Crosby	29.9378	-95.0752
TX	Crosbyton	33.6562	-101.2287
TX	Cross Plains	32.1482	-99.1872
TX	Crowell	33.9912	-99.6983
TX	Crowley	32.5814	-97.3703
TX	Crp Christi	27.7683	-97.4013
TX	Crystal City	28.6870	-99.8264
TX	Cuero	29.0910	-97.2812
TX	Cumby	33.1118	-95.7945
TX	Cuney	32.0319	-95.4172
TX	Cunningham	33.4264	-95.3572
TX	Cushing	31.7978	-94.8539
TX	Cypress	29.9689	-95.6969
TX	D Hanis	29.3398	-99.2835
TX	Daingerfield	33.0313	-94.7359
TX	Daisetta	30.1131	-94.6428
TX	Dale	29.9528	-97.5810
TX	Dalhart	36.0732	-102.5177
TX	Dallardsville	30.6283	-94.6317
TX	Dallas	32.9968	-96.7921
TX	Damon	29.3014	-95.7036
TX	Danbury	29.2291	-95.3435
TX	Danciger	29.1714	-95.8186
TX	Danevang	29.0670	-96.1976
TX	Darrouzett	36.4461	-100.3244
TX	Davilla	30.7675	-97.2009
TX	Dawn	34.9103	-102.1994
TX	Dawson	31.8974	-96.7085
TX	Dayton	30.0102	-94.8787
TX	De Berry	32.2543	-94.1356
TX	De Kalb	33.4727	-94.6211
TX	De Leon	32.1087	-98.5489
TX	Deanville	30.4319	-96.7558
TX	Decatur	33.2351	-97.5740
TX	Deer Park	29.6826	-95.1222
TX	Del Rio	29.3739	-100.8916
TX	Del Valle	30.1745	-97.6134
TX	Dell City	31.9240	-105.2099
TX	Delmita	26.6566	-98.3966
TX	Denison	33.7450	-96.5496
TX	Dennis	32.6186	-97.9264
TX	Denton	33.2289	-97.1314
TX	Denver City	32.9711	-102.8313
TX	Deport	33.5221	-95.3654
TX	Desdemona	32.2819	-98.5673
TX	Desoto	32.5932	-96.8547
TX	Detroit	33.6627	-95.2385
TX	Devers	29.9978	-94.5746
TX	Devine	29.1521	-98.9090
TX	Deweyville	30.2893	-93.7730
TX	Diana	32.7046	-94.6981
TX	Diboll	31.1950	-94.7729
TX	Dickens	33.6280	-100.8197
TX	Dickinson	29.4660	-95.0345
TX	Dike	33.1965	-95.4711
TX	Dilley	28.6782	-99.1747
TX	Dime Box	30.3579	-96.8248
TX	Dimmitt	34.5341	-102.3046
TX	Dinero	28.2261	-97.9614
TX	Dobbin	30.3653	-95.7758
TX	Dodd City	33.5647	-96.0619
TX	Dodge	30.7453	-95.3978
TX	Dodson	34.7644	-100.0286
TX	Donie	31.4873	-96.2387
TX	Donna	26.1671	-98.0529
TX	Doole	31.4157	-99.5506
TX	Doss	30.4613	-99.1707
TX	Doucette	30.8181	-94.4286
TX	Dougherty	33.9417	-101.0861
TX	Douglass	31.6578	-94.8696
TX	Douglassville	33.1758	-94.3467
TX	Driftwood	30.1594	-98.0524
TX	Dripping Springs	30.2268	-98.1029
TX	Driscoll	27.6742	-97.7483
TX	Dryden	30.1651	-102.3321
TX	Dublin	32.0909	-98.3455
TX	Dumas	35.8823	-101.9680
TX	Duncanville	32.6587	-96.9114
TX	Dunn	32.5669	-100.8850
TX	Dyess Afb	32.4190	-99.8221
TX	Eagle Lake	29.5842	-96.3354
TX	Eagle Pass	28.7028	-100.4818
TX	Early	31.7419	-98.9453
TX	Earth	34.2415	-102.4213
TX	East Bernard	29.4705	-96.1211
TX	Eastland	32.3994	-98.8071
TX	Easton	32.3867	-94.5856
TX	Ecleto	29.0201	-97.7412
TX	Ector	33.5819	-96.2735
TX	Edcouch	26.3042	-97.9755
TX	Eddy	31.3267	-97.2709
TX	Eden	31.2192	-99.8407
TX	Edgewood	32.7003	-95.8780
TX	Edinburg	26.3042	-98.1569
TX	Edmonson	34.2825	-101.8997
TX	Edna	28.9527	-96.6488
TX	Edroy	27.9733	-97.6758
TX	Egypt	29.4047	-96.2367
TX	El Campo	29.2008	-96.2743
TX	El Indio	28.5117	-100.3108
TX	El Paso	31.7584	-106.4783
TX	Eldorado	30.8667	-100.5889
TX	Electra	34.0362	-98.9155
TX	Elgin	30.3231	-97.3737
TX	Elkhart	31.6351	-95.5532
TX	Ellinger	29.8459	-96.6966
TX	Elm Mott	31.6725	-97.1138
TX	Elmaton	28.8321	-96.1335
TX	Elmendorf	29.2308	-98.3720
TX	Elmo	32.7219	-96.1647
TX	Elsa	26.2931	-97.9928
TX	Elysian Fields	32.3683	-94.1828
TX	Emory	32.8750	-95.7418
TX	Encinal	28.0513	-99.3409
TX	Encino	26.9249	-98.1922
TX	Energy	31.7628	-98.3689
TX	Enloe	33.4328	-95.6572
TX	Ennis	32.3321	-96.6224
TX	Enochs	33.8502	-102.7641
TX	Eola	31.4298	-100.0729
TX	Era	33.5010	-97.2924
TX	Estelline	34.5467	-100.4378
TX	Etoile	31.3867	-94.4358
TX	Euless	32.8582	-97.0832
TX	Eustace	32.2965	-96.0137
TX	Evadale	30.3547	-94.0725
TX	Evant	31.4040	-98.0552
TX	Fabens	31.5022	-106.1581
TX	Fairfield	31.7361	-96.1572
TX	Falcon Heights	26.5586	-99.1228
TX	Falfurrias	27.2242	-98.1408
TX	Falls City	28.9814	-98.0156
TX	Fannin	28.6953	-97.2356
TX	Farmersville	33.1659	-96.3686
TX	Farnsworth	36.3211	-100.9658
TX	Farwell	34.3860	-102.9901
TX	Fate	32.9414	-96.3811
TX	Fayetteville	29.8868	-96.6463
TX	Fentress	29.7558	-97.7761
TX	Ferris	32.5223	-96.6643
TX	Fieldton	34.0919	-102.2697
TX	Fischer	29.9696	-98.2583
TX	Flat	31.3065	-97.5898
TX	Flatonia	29.7095	-97.0987
TX	Flint	32.2079	-95.3948
TX	Flomot	34.2321	-101.0038
TX	Florence	30.7814	-97.8344
TX	Floresville	29.1693	-98.1936
TX	Flower Mound	33.0238	-97.1044
TX	Floydada	33.9743	-101.3346
TX	Fluvanna	32.7810	-101.0420
TX	Flynn	31.1508	-96.1242
TX	Follett	36.4309	-100.2068
TX	Forestburg	33.5398	-97.5848
TX	Forney	32.7491	-96.4598
TX	Forreston	32.2811	-96.8875
TX	Forsan	32.1097	-101.3658
TX	Fort Bliss	31.8017	-106.4244
TX	Fort Davis	30.6131	-103.9364
TX	Fort Hancock	31.2969	-105.8234
TX	Fort Mc Kavett	30.8290	-100.0809
TX	Fort Stockton	30.8908	-102.8799
TX	Fort Worth	32.7469	-97.3268
TX	Fowlerton	28.4887	-98.8518
TX	Francitas	28.8594	-96.3383
TX	Franklin	31.0350	-96.4426
TX	Frankston	32.0535	-95.5163
TX	Fred	30.5987	-94.1859
TX	Fredericksburg	30.2817	-98.8799
TX	Fredonia	30.9214	-99.1216
TX	Freeport	28.9697	-95.3714
TX	Freer	27.8800	-98.6061
TX	Fresno	29.5293	-95.4626
TX	Friendswood	29.5224	-95.1879
TX	Friona	34.6403	-102.7191
TX	Frisco	33.1506	-96.8233
TX	Fritch	35.6441	-101.5845
TX	Frost	32.0275	-96.7684
TX	Fruitvale	32.6770	-95.7899
TX	Fulshear	29.7217	-95.8977
TX	Fulton	28.2234	-96.8084
TX	Gail	32.7523	-101.4500
TX	Gainesville	33.6259	-97.1032
TX	Galena Park	29.7392	-95.2400
TX	Gallatin	31.8908	-95.1453
TX	Galveston	29.2983	-94.7930
TX	Ganado	29.0308	-96.5031
TX	Garciasville	26.3129	-98.6691
TX	Garden City	31.8491	-101.5269
TX	Gardendale	32.0245	-102.3572
TX	Garland	32.9227	-96.6248
TX	Garrison	31.8111	-94.5266
TX	Garwood	29.4760	-96.4919
TX	Gary	32.0198	-94.2815
TX	Gatesville	31.4476	-97.7243
TX	Gause	30.7850	-96.7211
TX	George West	28.3204	-98.1162
TX	Georgetown	30.6330	-97.6707
TX	Geronimo	29.6628	-97.9667
TX	Giddings	30.1777	-96.9332
TX	Gilchrist	29.5122	-94.4889
TX	Gillett	29.0514	-97.8343
TX	Gilmer	32.7246	-94.9714
TX	Girard	33.3632	-100.6937
TX	Girvin	31.0628	-102.3881
TX	Gladewater	32.5559	-94.9320
TX	Glen Flora	29.3472	-96.1931
TX	Glen Rose	32.2298	-97.7629
TX	Glidden	29.7006	-96.5861
TX	Gober	32.4689	-96.0883
TX	Godley	32.4282	-97.5349
TX	Golden	32.7294	-95.5628
TX	Goldsboro	32.0482	-99.6775
TX	Goldsmith	31.9541	-102.6250
TX	Goldthwaite	31.4458	-98.5744
TX	Goliad	28.6993	-97.3783
TX	Gonzales	29.5086	-97.4495
TX	Goodfellow Afb	31.4322	-100.4114
TX	Goodrich	30.6079	-94.9592
TX	Gordon	32.5478	-98.3632
TX	Gordonville	33.8343	-96.8403
TX	Goree	33.4748	-99.5258
TX	Gorman	32.2234	-98.6834
TX	Gouldbusk	31.5511	-99.5136
TX	Graford	32.9242	-98.3370
TX	Graham	33.0993	-98.5832
TX	Granbury	32.4250	-97.7742
TX	Grand Prairie	32.7649	-97.0112
TX	Grand Saline	32.6635	-95.7064
TX	Grandfalls	31.3459	-102.8568
TX	Grandview	32.2779	-97.2351
TX	Granger	30.7398	-97.4451
TX	Grapeland	31.4972	-95.4447
TX	Grapevine	32.9314	-97.0962
TX	Greenville	33.1175	-96.1024
TX	Greenwood	33.3808	-97.4742
TX	Gregory	27.9219	-97.2897
TX	Groesbeck	31.5357	-96.5234
TX	Groom	35.2168	-101.1285
TX	Groves	29.9448	-93.9152
TX	Groveton	31.0651	-95.0969
TX	Grulla	26.2937	-98.5960
TX	Gruver	36.2868	-101.4089
TX	Guerra	26.9128	-98.9189
TX	Gunter	33.4495	-96.7341
TX	Gustine	31.8724	-98.3835
TX	Guthrie	33.6206	-100.3225
TX	Guy	29.3327	-95.7702
TX	Hale Center	34.0669	-101.8736
TX	Hallettsville	29.4426	-96.9234
TX	Hallsville	32.5073	-94.5333
TX	Haltom City	32.8087	-97.2709
TX	Hamilton	31.6781	-98.1131
TX	Hamlin	32.8799	-100.1280
TX	Hamshire	29.8668	-94.3187
TX	Hankamer	29.8752	-94.5938
TX	Happy	34.7219	-101.8256
TX	Hardin	30.1522	-94.7389
TX	Hargill	26.4338	-97.9993
TX	Harker Heights	31.0642	-97.6521
TX	Harleton	32.6579	-94.4652
TX	Harlingen	26.1951	-97.6890
TX	Harper	30.2816	-99.2410
TX	Harrold	34.0971	-99.0351
TX	Hart	34.3878	-102.1155
TX	Hartley	35.9311	-102.5221
TX	Harwood	29.6661	-97.4906
TX	Haskell	33.1580	-99.7309
TX	Haslet	32.9557	-97.3372
TX	Hawkins	32.6439	-95.2220
TX	Hawley	32.5950	-99.7960
TX	Hearne	30.8669	-96.5843
TX	Hebbronville	27.2997	-98.6829
TX	Hedley	34.8698	-100.6806
TX	Heidenheimer	31.0181	-97.3025
TX	Helotes	29.5922	-98.7035
TX	Hemphill	31.3161	-93.7905
TX	Hempstead	30.0920	-96.0716
TX	Henderson	32.1524	-94.7920
TX	Henrietta	33.8196	-98.2600
TX	Hereford	34.8370	-102.4050
TX	Hermleigh	32.6294	-100.7547
TX	Hewitt	31.4582	-97.1966
TX	Hext	30.8816	-99.5540
TX	Hico	31.9597	-98.0249
TX	Hidalgo	26.1028	-98.2536
TX	Higgins	36.1365	-100.0952
TX	High Island	29.5667	-94.3933
TX	Highlands	29.8296	-95.0393
TX	Hillister	30.6899	-94.4076
TX	Hillsboro	32.0149	-97.1198
TX	Hitchcock	29.3398	-94.9926
TX	Hobson	28.9445	-97.9707
TX	Hochheim	29.3122	-97.2914
TX	Hockley	30.0729	-95.8104
TX	Holland	30.8800	-97.3857
TX	Holliday	33.6751	-98.6576
TX	Hondo	29.3561	-99.1276
TX	Honey Grove	33.5985	-95.9109
TX	Hooks	33.4775	-94.2692
TX	Horseshoe Bay	30.5781	-98.2725
TX	Houston	29.5962	-95.4587
TX	Howe	33.5349	-96.6407
TX	Hubbard	31.8436	-96.8000
TX	Huffman	30.0565	-95.1051
TX	Hufsmith	30.1219	-95.5964
TX	Hughes Springs	33.0168	-94.6228
TX	Hull	30.1334	-94.6604
TX	Humble	30.0041	-95.2825
TX	Hungerford	29.3989	-96.0767
TX	Hunt	30.0027	-99.4823
TX	Huntington	31.2837	-94.5662
TX	Huntsville	30.7947	-95.5337
TX	Hurst	32.8211	-97.1756
TX	Hutchins	32.6396	-96.7070
TX	Hutto	30.5257	-97.5672
TX	Hye	30.2269	-98.5396
TX	Idalou	33.6504	-101.6786
TX	Imperial	31.2373	-102.7109
TX	Industry	29.9718	-96.5188
TX	Inez	28.8994	-96.8003
TX	Ingleside	27.8682	-97.2069
TX	Ingram	30.0731	-99.2690
TX	Iola	30.7326	-96.0911
TX	Iowa Park	33.9423	-98.6745
TX	Ira	32.6213	-101.0254
TX	Iraan	30.9156	-101.9152
TX	Iredell	31.9722	-97.8793
TX	Irene	31.9919	-96.8711
TX	Irving	32.8420	-96.9719
TX	Italy	32.1785	-96.8823
TX	Itasca	32.1636	-97.1460
TX	Ivanhoe	33.6736	-96.1698
TX	Jacksboro	33.2347	-98.1681
TX	Jacksonville	31.9618	-95.2703
TX	Jarrell	30.7484	-97.6008
TX	Jasper	30.9253	-94.0215
TX	Jayton	33.2518	-100.5825
TX	Jefferson	32.7799	-94.3712
TX	Jermyn	33.2636	-98.3931
TX	Jewett	31.3739	-96.1918
TX	Joaquin	31.9440	-94.0608
TX	Johnson City	30.2948	-98.3691
TX	Joinerville	32.1778	-94.9006
TX	Jonesboro	31.5996	-97.7752
TX	Jonesville	32.4978	-94.1108
TX	Josephine	33.0611	-96.3069
TX	Joshua	32.4663	-97.4011
TX	Jourdanton	28.9030	-98.5440
TX	Judson	32.5825	-94.7533
TX	Junction	30.4754	-99.7473
TX	Justiceburg	33.0428	-101.2025
TX	Justin	33.0734	-97.3093
TX	Kamay	33.8578	-98.8078
TX	Karnack	32.6205	-94.2001
TX	Karnes City	28.8828	-97.9071
TX	Katy	29.7509	-95.8117
TX	Kaufman	32.5460	-96.2852
TX	Keene	32.3937	-97.3287
TX	Keller	32.9344	-97.2514
TX	Kemah	29.5438	-95.0392
TX	Kemp	32.3691	-96.2578
TX	Kempner	31.0731	-97.9721
TX	Kendalia	29.9406	-98.5166
TX	Kendleton	29.4506	-95.9944
TX	Kenedy	28.8046	-97.8456
TX	Kennard	31.3384	-95.1541
TX	Kennedale	32.6432	-97.2139
TX	Kenney	30.0475	-96.3267
TX	Kerens	32.1275	-96.2298
TX	Kermit	31.8550	-103.0913
TX	Kerrick	36.4956	-102.2422
TX	Kerrville	30.0416	-99.1408
TX	Kildare	32.9431	-94.2481
TX	Kilgore	32.3836	-94.8653
TX	Killeen	31.1170	-97.7261
TX	Kingsbury	29.6726	-97.8306
TX	Kingsland	30.6662	-98.4475
TX	Kingsville	27.5074	-97.8596
TX	Kingwood	30.0683	-95.2163
TX	Kirbyville	30.6882	-93.9279
TX	Kirvin	31.7664	-96.3300
TX	Klondike	33.3034	-95.8018
TX	Knickerbocker	31.2664	-100.6228
TX	Knippa	29.2911	-99.6372
TX	Knott	32.4125	-101.6517
TX	Knox City	33.4183	-99.8137
TX	Kopperl	32.1035	-97.5421
TX	Kosse	31.3147	-96.6195
TX	Kountze	30.3703	-94.3259
TX	Kress	34.3737	-101.7370
TX	Krum	33.2734	-97.2675
TX	Kurten	30.7869	-96.2639
TX	Kyle	30.0043	-97.8371
TX	La Blanca	26.2925	-98.0375
TX	La Coste	29.3082	-98.8125
TX	La Feria	26.1666	-97.8261
TX	La Grange	29.9040	-96.8860
TX	La Joya	26.2467	-98.4811
TX	La Marque	29.3676	-94.9742
TX	La Porte	29.6601	-95.0572
TX	La Pryor	28.9488	-99.8507
TX	La Salle	28.7914	-96.6689
TX	La Vernia	29.3509	-98.1130
TX	La Villa	26.2983	-97.9283
TX	La Ward	28.8436	-96.4639
TX	Ladonia	33.4245	-95.9455
TX	Laguna Park	31.8592	-97.3794
TX	Laird Hill	32.3531	-94.9053
TX	Lake Creek	33.4675	-95.6221
TX	Lake Dallas	33.1219	-97.0237
TX	Lake Jackson	29.0393	-95.4401
TX	Lakehills	29.6315	-98.9221
TX	Lakeview	34.6724	-100.7259
TX	Lamesa	32.7367	-101.9569
TX	Lampasas	31.0680	-98.1834
TX	Lancaster	32.6161	-96.7830
TX	Lane City	29.2158	-96.0261
TX	Laneville	31.9508	-94.8660
TX	Langtry	29.8083	-101.5583
TX	Laredo	27.5155	-99.4986
TX	Larue	32.1608	-95.5927
TX	Lasara	26.4644	-97.9108
TX	Latexo	31.3950	-95.4739
TX	Laughlin A F B	29.3564	-100.7891
TX	Lavon	33.0275	-96.4339
TX	Lawn	32.1360	-99.7351
TX	Lazbuddie	34.3931	-102.6108
TX	League City	29.5173	-95.0963
TX	Leakey	29.7690	-99.7479
TX	Leander	30.4598	-97.9702
TX	Ledbetter	30.2383	-96.7613
TX	Leesburg	32.9763	-95.1079
TX	Leesville	29.3961	-97.7566
TX	Lefors	35.4364	-100.8053
TX	Leggett	30.8178	-94.8703
TX	Lelia Lake	34.9011	-100.7703
TX	Leming	29.0728	-98.4839
TX	Lenorah	32.4392	-101.7611
TX	Leona	31.1421	-95.9284
TX	Leonard	33.4044	-96.2238
TX	Leroy	31.7314	-97.0175
TX	Levelland	33.5788	-102.3676
TX	Lewisville	33.0461	-96.9939
TX	Lexington	30.4191	-97.0524
TX	Liberty	30.0728	-94.7638
TX	Liberty Hill	30.6630	-97.9316
TX	Lillian	32.5064	-97.1872
TX	Lincoln	30.3177	-96.9702
TX	Lindale	32.5172	-95.4299
TX	Linden	33.0048	-94.3605
TX	Lindsay	33.6360	-97.2214
TX	Lingleville	32.2444	-98.3772
TX	Linn	26.5421	-98.1799
TX	Lipan	32.5072	-97.9536
TX	Lipscomb	36.2230	-100.2702
TX	Lissie	29.5558	-96.2250
TX	Little Elm	33.1783	-96.9678
TX	Little River Academy	30.9839	-97.3514
TX	Littlefield	33.9212	-102.3207
TX	Liverpool	29.3115	-95.2408
TX	Livingston	30.7180	-94.9353
TX	Llano	30.7225	-98.6527
TX	Lockhart	29.8868	-97.6769
TX	Lockney	34.1458	-101.4259
TX	Lodi	32.8761	-94.2794
TX	Lohn	31.3173	-99.3833
TX	Lolita	28.7724	-96.4793
TX	Lometa	31.2167	-98.4006
TX	London	30.6171	-99.6255
TX	Lone Oak	32.9916	-95.9434
TX	Lone Star	32.9470	-94.7183
TX	Long Branch	32.0502	-94.4720
TX	Longview	32.5269	-94.7233
TX	Loop	32.9162	-102.4221
TX	Lopeno	26.7111	-99.1097
TX	Loraine	32.3850	-100.7285
TX	Lorena	31.4093	-97.2302
TX	Lorenzo	33.6666	-101.5277
TX	Los Ebanos	26.2431	-98.5614
TX	Los Fresnos	26.0911	-97.4904
TX	Los Indios	26.0489	-97.7447
TX	Lott	31.1925	-97.0581
TX	Louise	29.1491	-96.3924
TX	Lovelady	31.0564	-95.5501
TX	Loving	33.2689	-98.5024
TX	Lowake	31.5661	-100.0756
TX	Lozano	26.1889	-97.5408
TX	Lubbock	33.5865	-101.8606
TX	Lueders	32.7623	-99.6728
TX	Lufkin	31.3360	-94.7342
TX	Luling	29.6826	-97.6499
TX	Lumberton	30.2531	-94.1897
TX	Lyford	26.4089	-97.7817
TX	Lyons	30.3861	-96.5631
TX	Lytle	29.2366	-98.7945
TX	Mabank	32.3664	-96.1006
TX	Macdona	29.3256	-98.6908
TX	Madisonville	30.9533	-95.9091
TX	Magnolia	30.1857	-95.6772
TX	Malakoff	32.1705	-96.0060
TX	Malone	31.9240	-96.8907
TX	Manchaca	30.1273	-97.8538
TX	Manor	30.3388	-97.5323
TX	Mansfield	32.5773	-97.1416
TX	Manvel	29.4694	-95.3503
TX	Maple	33.8622	-102.9266
TX	Marathon	30.1886	-103.2214
TX	Marble Falls	30.5723	-98.3070
TX	Marfa	30.2930	-104.0848
TX	Marietta	33.1796	-94.5421
TX	Marion	29.5683	-98.1517
TX	Markham	28.9547	-96.0928
TX	Marlin	31.3036	-96.8889
TX	Marquez	31.2309	-96.2375
TX	Marshall	32.5338	-94.3619
TX	Mart	31.5458	-96.8381
TX	Martindale	29.7933	-97.7933
TX	Martinsville	31.6425	-94.4139
TX	Maryneal	32.2026	-100.4972
TX	Mason	30.7434	-99.2261
TX	Masterson	35.6853	-102.3328
TX	Matador	34.0525	-100.8361
TX	Matagorda	28.7649	-95.9519
TX	Mathis	28.0802	-97.8097
TX	Maud	33.3550	-94.4823
TX	Mauriceville	30.2033	-93.8661
TX	Maxwell	29.8786	-97.8529
TX	May	31.9571	-98.9656
TX	Maydelle	31.8006	-95.3022
TX	Maypearl	32.3279	-96.9880
TX	Mc Camey	31.1319	-102.2153
TX	Mc Caulley	32.7787	-100.2168
TX	Mc Dade	30.2968	-97.2386
TX	Mc Gregor	31.4431	-97.3943
TX	Mc Leod	32.9594	-94.0708
TX	Mc Neil	30.4550	-97.7167
TX	Mc Queeney	29.6057	-98.0376
TX	Mcadoo	33.7413	-100.9833
TX	Mcallen	26.2154	-98.2359
TX	Mcfaddin	28.7219	-97.0503
TX	Mckinney	33.1966	-96.6085
TX	Mclean	35.2341	-100.6113
TX	Meadow	33.3321	-102.2492
TX	Medina	29.7907	-99.3064
TX	Megargel	33.4508	-98.9242
TX	Melissa	33.2841	-96.5740
TX	Melvin	31.1851	-99.5439
TX	Memphis	34.7122	-100.5347
TX	Menard	30.9119	-99.7847
TX	Mentone	31.7384	-103.5503
TX	Mercedes	26.1513	-97.9185
TX	Mereta	31.4863	-100.1834
TX	Meridian	31.9290	-97.6443
TX	Merit	33.2167	-96.2872
TX	Merkel	32.4444	-99.9924
TX	Mertens	32.0275	-96.8981
TX	Mertzon	31.2829	-100.8221
TX	Mesquite	32.7678	-96.6082
TX	Mexia	31.6784	-96.4952
TX	Meyersville	28.9229	-97.3042
TX	Miami	35.7193	-100.7027
TX	Mico	29.5910	-98.8821
TX	Midfield	28.9362	-96.2265
TX	Midkiff	31.3068	-101.9269
TX	Midland	31.9896	-102.0626
TX	Midlothian	32.4757	-96.9936
TX	Midway	30.9806	-95.7089
TX	Milam	31.4700	-93.8318
TX	Milano	30.7366	-96.8035
TX	Miles	31.6121	-100.1823
TX	Milford	32.1482	-96.9612
TX	Millersview	31.4167	-99.7171
TX	Millican	30.4683	-96.2022
TX	Millsap	32.6700	-97.8784
TX	Minden	32.0497	-94.7630
TX	Mineola	32.6661	-95.4870
TX	Mineral	28.5483	-97.9039
TX	Mineral Wells	32.8103	-98.0631
TX	Mingus	32.5627	-98.4263
TX	Mirando City	27.4450	-99.0011
TX	Mission	26.2415	-98.3426
TX	Missouri City	29.5704	-95.5423
TX	Mobeetie	35.5297	-100.4242
TX	Monahans	31.5813	-102.9003
TX	Mont Belvieu	29.8475	-94.8906
TX	Montague	33.6639	-97.7282
TX	Montalba	31.9222	-95.7593
TX	Montgomery	30.3881	-95.6961
TX	Moody	31.2533	-97.4100
TX	Moore	29.0354	-98.9874
TX	Moran	32.5549	-99.1656
TX	Morgan	32.0195	-97.5608
TX	Morgan Mill	32.3881	-98.1669
TX	Morse	36.0596	-101.4729
TX	Morton	33.7157	-102.7796
TX	Moscow	30.9179	-94.8544
TX	Moulton	29.5700	-97.1031
TX	Mound	31.3517	-97.6372
TX	Mount Calm	31.7575	-96.8944
TX	Mount Enterprise	31.9125	-94.6235
TX	Mount Pleasant	33.1733	-94.9695
TX	Mount Vernon	33.1702	-95.2181
TX	Mountain Home	30.2132	-99.3186
TX	Muenster	33.6595	-97.3624
TX	Muldoon	29.7993	-97.1006
TX	Muleshoe	34.2193	-102.7496
TX	Mullin	31.5748	-98.6635
TX	Mumford	30.7342	-96.5647
TX	Munday	33.4561	-99.6326
TX	Murchison	32.3257	-95.7737
TX	Myra	33.6239	-97.3142
TX	Nacogdoches	31.6185	-94.6511
TX	Nada	29.4047	-96.3861
TX	Naples	33.1912	-94.6891
TX	Nash	33.4398	-94.1422
TX	Natalia	29.2117	-98.8552
TX	Naval Air Station/ Jrb	32.7718	-97.4355
TX	Navasota	30.3878	-96.0875
TX	Nazareth	34.5444	-102.1069
TX	Neches	31.8667	-95.4956
TX	Nederland	29.9716	-94.0012
TX	Needville	29.4117	-95.8273
TX	Nemo	32.2713	-97.6567
TX	Nevada	33.0593	-96.3877
TX	New Baden	31.0508	-96.4289
TX	New Boston	33.4621	-94.4339
TX	New Braunfels	29.6947	-98.1130
TX	New Caney	30.1579	-95.1980
TX	New Deal	33.7372	-101.8361
TX	New Home	33.3264	-101.9117
TX	New London	32.2386	-94.9403
TX	New Summerfield	31.9806	-95.0936
TX	New Ulm	29.8142	-96.5380
TX	New Waverly	30.5354	-95.4532
TX	Newark	33.0071	-97.5107
TX	Newcastle	33.1901	-98.7446
TX	Newton	30.8351	-93.7497
TX	Nixon	29.3016	-97.7529
TX	Nocona	33.7982	-97.7270
TX	Nolan	32.2793	-100.2671
TX	Nolanville	31.0833	-97.5941
TX	Nome	30.0356	-94.4242
TX	Nordheim	28.9142	-97.5946
TX	Normangee	31.0875	-96.1473
TX	Normanna	28.5294	-97.7819
TX	North Houston	29.9253	-95.5150
TX	North Richland Hills	32.8540	-97.2207
TX	North Zulch	30.9285	-96.0925
TX	Norton	31.8795	-100.1315
TX	Notrees	31.9172	-102.7553
TX	Novice	32.0009	-99.5935
TX	Nursery	28.9233	-97.0983
TX	O Brien	33.3749	-99.8473
TX	Oakhurst	30.7126	-95.3095
TX	Oakland	29.6014	-96.8297
TX	Oakville	28.4644	-98.0554
TX	Oakwood	31.6023	-95.9022
TX	Odell	34.3458	-99.4186
TX	Odem	27.9403	-97.5838
TX	Odessa	31.8465	-102.3663
TX	Odonnell	32.9773	-101.8271
TX	Oglesby	31.4438	-97.5501
TX	Oilton	27.4656	-98.9739
TX	Oklaunion	34.1204	-99.1602
TX	Old Glory	33.1842	-100.1532
TX	Old Ocean	29.0797	-95.7494
TX	Olden	32.4189	-98.7506
TX	Olmito	26.0392	-97.5561
TX	Olney	33.3601	-98.7427
TX	Olton	34.1844	-102.1414
TX	Omaha	33.1808	-94.7639
TX	Onalaska	30.8056	-95.1161
TX	Orange	30.1252	-93.7719
TX	Orange Grove	27.9487	-97.9838
TX	Orangefield	30.0747	-93.8556
TX	Orchard	29.6039	-95.9694
TX	Ore City	32.7856	-94.7514
TX	Orla	31.8250	-103.9083
TX	Ottine	29.5978	-97.5839
TX	Ovalo	32.1553	-99.8229
TX	Overton	32.2690	-94.9529
TX	Ozona	30.7164	-101.2388
TX	Paducah	34.0192	-100.3059
TX	Paige	30.1858	-97.1198
TX	Paint Rock	31.5048	-99.9139
TX	Palacios	28.7150	-96.2154
TX	Palestine	31.7588	-95.6342
TX	Palmer	32.4387	-96.6794
TX	Palo Pinto	32.7253	-98.2703
TX	Paluxy	32.2706	-97.9072
TX	Pampa	35.5380	-100.9579
TX	Pandora	29.2500	-97.8375
TX	Panhandle	35.3808	-101.4304
TX	Panna Maria	28.9581	-97.8972
TX	Panola	32.3578	-94.0911
TX	Paradise	33.0826	-97.6974
TX	Paris	33.6581	-95.5379
TX	Pasadena	29.6920	-95.2005
TX	Pattison	29.8250	-95.9947
TX	Pattonville	33.5702	-95.3908
TX	Pawnee	28.6525	-98.0025
TX	Pearland	29.5617	-95.2721
TX	Pearsall	28.8923	-99.0944
TX	Peaster	32.8719	-97.8664
TX	Pecan Gap	33.4196	-95.8262
TX	Pecos	31.4144	-103.5081
TX	Peggy	28.7394	-98.1783
TX	Pendleton	31.1950	-97.3483
TX	Penelope	31.8551	-96.9372
TX	Penitas	26.2303	-98.4444
TX	Pennington	31.1618	-95.1587
TX	Penwell	31.7397	-102.5911
TX	Pep	33.8104	-102.5656
TX	Perrin	33.0585	-98.0440
TX	Perryton	36.3748	-100.8156
TX	Petersburg	33.8768	-101.6046
TX	Petrolia	34.0273	-98.2692
TX	Pettus	28.6178	-97.8019
TX	Petty	33.6098	-95.7891
TX	Pflugerville	30.4421	-97.6299
TX	Pharr	26.1771	-98.1870
TX	Pickton	33.0424	-95.4630
TX	Pierce	29.2389	-96.1997
TX	Pilot Point	33.3710	-96.9446
TX	Pinehurst	30.1581	-95.6814
TX	Pineland	31.2418	-93.9754
TX	Pittsburg	32.9623	-94.9603
TX	Placedo	28.6911	-96.8278
TX	Plains	33.1894	-102.8294
TX	Plainview	34.1962	-101.7259
TX	Plano	33.0550	-96.7365
TX	Plantersville	30.2969	-95.8498
TX	Pleasanton	28.9924	-98.4831
TX	Pledger	29.1792	-95.8986
TX	Plum	29.9347	-96.9672
TX	Point	32.9007	-95.8903
TX	Point Comfort	28.6794	-96.5600
TX	Pointblank	30.7593	-95.2295
TX	Pollok	31.4291	-94.8254
TX	Ponder	33.1774	-97.2848
TX	Pontotoc	30.8906	-99.0212
TX	Poolville	32.9680	-97.8472
TX	Port Aransas	27.8336	-97.0608
TX	Port Arthur	29.8826	-93.9626
TX	Port Bolivar	29.4598	-94.6117
TX	Port Isabel	26.0876	-97.2544
TX	Port Lavaca	28.6011	-96.6259
TX	Port Mansfield	26.5552	-97.4280
TX	Port Neches	29.9770	-93.9626
TX	Port O Connor	28.1400	-96.7751
TX	Porter	30.1237	-95.2686
TX	Portland	27.8935	-97.3169
TX	Post	33.2017	-101.3922
TX	Poteet	29.0994	-98.6241
TX	Poth	29.0619	-98.0825
TX	Pottsboro	33.8095	-96.6906
TX	Pottsville	31.6837	-98.3561
TX	Powderly	33.7779	-95.5307
TX	Powell	32.1196	-96.3327
TX	Poynor	32.0742	-95.5981
TX	Prairie Hill	31.6591	-96.8094
TX	Prairie Lea	29.7322	-97.7533
TX	Prairie View	30.0931	-95.9875
TX	Premont	27.3544	-98.1330
TX	Presidio	29.5573	-104.3551
TX	Price	32.1008	-94.9415
TX	Priddy	31.6874	-98.5015
TX	Princeton	33.1555	-96.4981
TX	Proctor	31.9872	-98.4294
TX	Progreso	26.0919	-97.9569
TX	Prosper	33.2362	-96.7954
TX	Purdon	31.9483	-96.5856
TX	Purmela	31.4726	-97.8889
TX	Putnam	32.3708	-99.1922
TX	Pyote	31.5395	-103.1397
TX	Quail	34.9180	-100.4252
TX	Quanah	34.2955	-99.7494
TX	Queen City	33.1874	-94.1548
TX	Quemado	28.9427	-100.5742
TX	Quinlan	32.8983	-96.1261
TX	Quitaque	34.3796	-101.0465
TX	Quitman	32.8049	-95.4302
TX	Rainbow	32.2812	-97.7065
TX	Ralls	33.6790	-101.3827
TX	Randolph	33.4839	-96.2522
TX	Ranger	32.4681	-98.6747
TX	Rankin	31.2225	-101.9375
TX	Ransom Canyon	33.5330	-101.6908
TX	Ratcliff	31.3914	-95.1394
TX	Ravenna	33.7098	-96.1452
TX	Raymondville	26.4792	-97.7967
TX	Raywood	30.0417	-94.6719
TX	Reagan	31.2297	-96.7419
TX	Realitos	27.4163	-98.5355
TX	Red Oak	32.5161	-96.8203
TX	Red Rock	29.9906	-97.4081
TX	Redford	29.5606	-104.3717
TX	Redwater	33.3581	-94.2542
TX	Refugio	28.3169	-97.2767
TX	Reklaw	31.8859	-95.0118
TX	Rhome	33.0540	-97.4817
TX	Rice	32.2258	-96.4606
TX	Richards	30.5382	-95.8611
TX	Richardson	32.9660	-96.7452
TX	Richland	31.9018	-96.4373
TX	Richland Springs	31.2753	-98.8507
TX	Richmond	29.5819	-95.7606
TX	Riesel	31.5002	-96.9476
TX	Ringgold	33.8164	-97.9440
TX	Rio Frio	29.6583	-99.7723
TX	Rio Grande City	26.3942	-98.8104
TX	Rio Hondo	26.2339	-97.5513
TX	Rio Medina	29.4904	-98.8669
TX	Rio Vista	32.2532	-97.3678
TX	Rising Star	32.1280	-98.9859
TX	Riverside	30.8528	-95.4033
TX	Riviera	27.3217	-97.7787
TX	Roanoke	32.9864	-97.2053
TX	Roans Prairie	30.4869	-95.9867
TX	Roaring Springs	33.8977	-100.8528
TX	Robert Lee	31.8951	-100.5104
TX	Robstown	27.7984	-97.6995
TX	Roby	32.7220	-100.4008
TX	Rochelle	31.3000	-99.1572
TX	Rochester	33.3105	-99.8594
TX	Rock Island	29.5308	-96.5750
TX	Rockdale	30.6583	-97.0079
TX	Rockport	28.0203	-97.0542
TX	Rocksprings	30.0188	-100.2310
TX	Rockwall	32.9311	-96.4594
TX	Rockwood	31.5037	-99.3746
TX	Rogers	30.9550	-97.2228
TX	Roma	26.4215	-99.0025
TX	Romayor	30.4511	-94.8431
TX	Roosevelt	30.5322	-99.9165
TX	Ropesville	33.4575	-102.1584
TX	Rosanky	29.9241	-97.3119
TX	Roscoe	32.4276	-100.5391
TX	Rosebud	31.0922	-96.9755
TX	Rosenberg	29.5497	-95.7982
TX	Rosharon	29.4203	-95.4537
TX	Ross	31.7183	-97.1189
TX	Rosser	32.4625	-96.4531
TX	Rosston	33.4838	-97.4542
TX	Rotan	32.8555	-100.4705
TX	Round Mountain	30.4429	-98.4365
TX	Round Rock	30.5145	-97.6680
TX	Round Top	30.0411	-96.7341
TX	Rowena	31.6436	-100.0191
TX	Rowlett	32.9027	-96.5636
TX	Roxton	33.5429	-95.7416
TX	Royse City	32.9628	-96.3648
TX	Rule	33.1842	-99.8894
TX	Runge	28.8876	-97.7138
TX	Rusk	31.8098	-95.1732
TX	Rye	30.4525	-94.7686
TX	Sabinal	29.3267	-99.4781
TX	Sabine Pass	29.7333	-93.8942
TX	Sachse	32.9736	-96.5915
TX	Sacul	31.8247	-94.9186
TX	Sadler	33.7310	-96.8400
TX	Saint Hedwig	29.4353	-98.1952
TX	Saint Jo	33.7440	-97.5568
TX	Salado	30.9494	-97.5330
TX	Salineno	26.5161	-99.1119
TX	Salt Flat	31.3590	-104.6115
TX	Saltillo	33.1767	-95.3433
TX	Sam Norwood	35.0522	-100.2803
TX	San Angelo	31.4782	-100.4818
TX	San Antonio	29.4685	-98.5264
TX	San Augustine	31.5152	-94.1326
TX	San Benito	26.1337	-97.6447
TX	San Diego	27.7654	-98.2503
TX	San Elizario	31.5850	-106.2722
TX	San Felipe	29.7928	-96.1006
TX	San Isidro	26.7214	-98.4161
TX	San Juan	26.2044	-98.1537
TX	San Marcos	29.8754	-97.9404
TX	San Perlita	26.4832	-97.6157
TX	San Saba	31.1627	-98.7309
TX	San Ygnacio	27.0625	-99.4271
TX	Sanderson	30.1422	-102.3936
TX	Sandia	28.0709	-97.8978
TX	Sanford	35.7019	-101.5342
TX	Sanger	33.3563	-97.1814
TX	Santa Anna	31.7215	-99.3212
TX	Santa Elena	26.7336	-98.5194
TX	Santa Fe	29.3719	-95.0894
TX	Santa Maria	26.0783	-97.8492
TX	Santa Rosa	26.2555	-97.8257
TX	Santo	32.5979	-98.1797
TX	Saragosa	31.0239	-103.6611
TX	Saratoga	30.3398	-94.5717
TX	Sarita	27.1496	-97.8576
TX	Satin	31.3464	-97.0314
TX	Savoy	33.6066	-96.3502
TX	Schertz	29.5682	-98.2722
TX	Schulenburg	29.6882	-96.9106
TX	Schwertner	30.8153	-97.5139
TX	Scotland	33.6535	-98.4650
TX	Scottsville	32.5403	-94.2381
TX	Scroggins	32.9912	-95.2397
TX	Scurry	32.4818	-96.3925
TX	Seabrook	29.5729	-95.0287
TX	Seadrift	28.4101	-96.7023
TX	Seagoville	32.6525	-96.5580
TX	Seagraves	32.9317	-102.5781
TX	Sealy	29.7826	-96.1592
TX	Sebastian	26.3452	-97.7747
TX	Seguin	29.5613	-97.9628
TX	Selman City	32.1873	-94.9508
TX	Seminole	32.7210	-102.6828
TX	Seymour	33.5914	-99.2587
TX	Shallowater	33.6919	-101.9836
TX	Shamrock	35.2206	-100.2622
TX	Sheffield	30.6935	-101.8600
TX	Shelbyville	31.7131	-93.9698
TX	Shepherd	30.4834	-95.0929
TX	Sheppard Afb	33.9824	-98.5088
TX	Sheridan	29.4933	-96.6708
TX	Sherman	33.6435	-96.6075
TX	Shiner	29.4280	-97.1640
TX	Shiro	30.6131	-95.8881
TX	Sidney	31.9320	-98.7680
TX	Sierra Blanca	31.1938	-105.3219
TX	Silsbee	30.3244	-94.1907
TX	Silver	32.0484	-100.6922
TX	Silverton	34.4641	-101.3169
TX	Simms	33.4987	-94.6039
TX	Simonton	29.6792	-95.9769
TX	Sinton	28.0339	-97.5196
TX	Skellytown	35.5685	-101.1721
TX	Skidmore	28.2306	-97.6661
TX	Slaton	33.4368	-101.6519
TX	Slidell	33.3597	-97.3914
TX	Smiley	29.2655	-97.6227
TX	Smithville	30.0178	-97.1494
TX	Smyer	33.5842	-102.1628
TX	Snook	30.4886	-96.4642
TX	Snyder	32.7151	-100.9075
TX	Somerset	29.2116	-98.6214
TX	Somerville	30.4076	-96.5358
TX	Sonora	30.5558	-100.6307
TX	Sour Lake	30.1491	-94.3733
TX	South Bend	32.9597	-98.7650
TX	South Houston	29.6601	-95.2258
TX	South Padre Island	26.1111	-97.1673
TX	South Plains	34.2244	-101.3092
TX	Southlake	32.9565	-97.1481
TX	Southmayd	33.6303	-96.7689
TX	Spade	33.9261	-102.1531
TX	Spearman	36.1927	-101.1952
TX	Spicewood	30.3899	-98.0539
TX	Splendora	30.2326	-95.1993
TX	Spring	30.0532	-95.3773
TX	Spring Branch	29.9238	-98.3788
TX	Springlake	34.2393	-102.3090
TX	Springtown	32.9660	-97.6350
TX	Spur	33.4790	-100.8571
TX	Spurger	30.7781	-94.2127
TX	Stafford	29.6228	-95.5678
TX	Stamford	32.9453	-99.7859
TX	Stanton	32.1400	-101.8099
TX	Staples	29.7811	-97.8358
TX	Star	31.4790	-98.4158
TX	Stephenville	32.2214	-98.2224
TX	Sterling City	31.8351	-101.0017
TX	Stinnett	35.8377	-101.4500
TX	Stockdale	29.2319	-97.9351
TX	Stonewall	30.2249	-98.6555
TX	Stowell	29.7897	-94.3831
TX	Stratford	36.3335	-101.9886
TX	Strawn	32.5945	-98.4995
TX	Streetman	31.8885	-96.2988
TX	Sublime	29.4786	-96.7972
TX	Sudan	34.0697	-102.5255
TX	Sugar Land	29.6342	-95.6219
TX	Sullivan City	26.2720	-98.5627
TX	Sulphur Bluff	33.3334	-95.3740
TX	Sulphur Springs	33.1345	-95.5922
TX	Summerfield	34.7272	-102.4992
TX	Sumner	33.7589	-95.6807
TX	Sundown	33.4561	-102.4889
TX	Sunnyvale	32.8019	-96.5670
TX	Sunray	36.0097	-101.8123
TX	Sunset	33.4539	-97.7709
TX	Sutherland Springs	29.2778	-98.0708
TX	Sweeny	29.0415	-95.7004
TX	Sweet Home	29.3450	-97.0714
TX	Sweetwater	32.4726	-100.3979
TX	Sylvester	32.7179	-100.2425
TX	Taft	27.9765	-97.3966
TX	Tahoka	33.1988	-101.8220
TX	Talco	33.3344	-95.0497
TX	Talpa	31.8034	-99.6747
TX	Tarpley	29.6455	-99.2469
TX	Tarzan	32.3575	-101.9607
TX	Tatum	32.3266	-94.5960
TX	Taylor	30.5807	-97.4401
TX	Teague	31.6328	-96.2778
TX	Tehuacana	31.7411	-96.5467
TX	Telegraph	30.3674	-99.9284
TX	Telephone	33.7979	-96.0449
TX	Telferner	28.8486	-96.8903
TX	Tell	34.3782	-100.3965
TX	Temple	31.0895	-97.3343
TX	Tenaha	31.9408	-94.2488
TX	Tennessee Colony	31.7929	-95.8998
TX	Tennyson	31.7417	-100.2858
TX	Terlingua	29.3165	-103.5597
TX	Terrell	32.7143	-96.2513
TX	Texarkana	33.4074	-94.1182
TX	Texas City	29.3970	-94.9203
TX	Texline	36.3740	-102.9845
TX	The Colony	33.0940	-96.8836
TX	Thicket	30.3956	-94.6300
TX	Thomaston	28.9972	-97.1547
TX	Thompsons	29.4975	-95.5847
TX	Thorndale	30.6082	-97.1764
TX	Thornton	31.4083	-96.5024
TX	Thrall	30.5920	-97.2893
TX	Three Rivers	28.4756	-98.1782
TX	Throckmorton	33.1794	-99.1838
TX	Tilden	28.4198	-98.5693
TX	Timpson	31.8841	-94.3967
TX	Tioga	33.4675	-96.9097
TX	Tivoli	28.4401	-96.8872
TX	Tokio	33.1826	-102.5768
TX	Tolar	32.3772	-97.8802
TX	Tom Bean	33.5200	-96.4836
TX	Tomball	30.0739	-95.6201
TX	Tornillo	31.4453	-106.0878
TX	Tow	30.8609	-98.4596
TX	Toyah	31.3147	-103.7928
TX	Toyahvale	30.9442	-103.7889
TX	Trent	32.4898	-100.1195
TX	Trenton	33.4235	-96.3398
TX	Trinidad	32.1383	-96.0831
TX	Trinity	30.9420	-95.3403
TX	Troup	32.1040	-95.1227
TX	Troy	31.1759	-97.2852
TX	Tuleta	28.5706	-97.7969
TX	Tulia	34.5403	-101.7629
TX	Turkey	34.4036	-100.8449
TX	Tuscola	32.2350	-99.8244
TX	Tye	32.4477	-99.8684
TX	Tyler	32.3254	-95.2922
TX	Tynan	28.1693	-97.7549
TX	Umbarger	34.9544	-102.1050
TX	Universal City	29.5516	-98.3067
TX	Utopia	29.5972	-99.5585
TX	Uvalde	29.2172	-99.7931
TX	Valentine	30.6200	-104.4811
TX	Valera	31.7731	-99.5640
TX	Valley Mills	31.6599	-97.4935
TX	Valley Spring	30.8369	-98.8325
TX	Valley View	33.5022	-97.2311
TX	Van	32.5283	-95.6545
TX	Van Alstyne	33.4292	-96.5486
TX	Van Horn	31.0429	-104.8322
TX	Van Vleck	29.0139	-95.9389
TX	Vancourt	31.3404	-100.1804
TX	Vanderbilt	28.8228	-96.6172
TX	Vanderpool	29.7418	-99.5555
TX	Vega	35.3732	-102.3566
TX	Venus	32.4330	-97.1087
TX	Veribest	31.4764	-100.2592
TX	Vernon	34.1491	-99.3030
TX	Victoria	28.8090	-96.9993
TX	Vidor	30.1502	-94.0008
TX	Village Mills	30.4936	-94.3972
TX	Voca	30.9959	-99.1682
TX	Von Ormy	29.2750	-98.6677
TX	Voss	31.6392	-99.5385
TX	Votaw	30.4353	-94.6731
TX	Waco	31.5525	-97.1396
TX	Wadsworth	28.6143	-95.9713
TX	Waelder	29.6868	-97.2958
TX	Waka	36.2817	-101.0472
TX	Walburg	30.7367	-97.5800
TX	Wall	31.3694	-100.3221
TX	Waller	30.0860	-95.9613
TX	Wallis	29.6397	-96.0456
TX	Wallisville	29.8591	-94.6759
TX	Walnut Springs	32.0593	-97.7514
TX	Warda	30.0550	-96.9136
TX	Waring	29.9506	-98.8028
TX	Warren	30.5978	-94.4120
TX	Warrenton	30.0172	-96.7317
TX	Washington	30.3182	-96.2249
TX	Waskom	32.4672	-94.1379
TX	Water Valley	31.6675	-100.7167
TX	Waxahachie	32.3808	-96.8374
TX	Wayside	34.8034	-101.5454
TX	Weatherford	32.8435	-97.7047
TX	Webster	29.5564	-95.1440
TX	Weesatche	28.8469	-97.4478
TX	Weimar	29.6787	-96.7550
TX	Weinert	33.3249	-99.6664
TX	Weir	30.6736	-97.5844
TX	Welch	32.8938	-102.1068
TX	Wellborn	30.5350	-96.3014
TX	Wellington	34.8717	-100.2207
TX	Wellman	33.0483	-102.4275
TX	Wells	31.4998	-94.9694
TX	Weslaco	26.1694	-97.9887
TX	West	31.7754	-97.1258
TX	West Columbia	29.1408	-95.6694
TX	West Point	29.9523	-97.0361
TX	Westbrook	32.3532	-100.9907
TX	Westhoff	29.0550	-97.3511
TX	Westminster	33.3625	-96.4617
TX	Weston	33.3489	-96.6692
TX	Wharton	29.3205	-96.0858
TX	Wheeler	35.4319	-100.2568
TX	Wheelock	30.8975	-96.3897
TX	White Deer	35.4278	-101.1740
TX	White Oak	32.5372	-94.8621
TX	Whiteface	33.5866	-102.6389
TX	Whitehouse	32.2220	-95.2266
TX	Whitesboro	33.6590	-96.8790
TX	Whitewright	33.5190	-96.4510
TX	Whitharral	33.7375	-102.3267
TX	Whitney	31.9592	-97.3350
TX	Whitsett	28.6373	-98.2565
TX	Whitt	32.9555	-98.0210
TX	Wichita Falls	33.9053	-98.4976
TX	Wickett	31.5700	-103.0006
TX	Wiergate	31.0414	-93.8039
TX	Wildorado	35.1916	-102.2118
TX	Willis	30.4247	-95.4797
TX	Willow City	30.4549	-98.6646
TX	Wills Point	32.7283	-96.0079
TX	Wilmer	32.5981	-96.6838
TX	Wilson	33.3299	-101.7122
TX	Wimberley	30.0265	-98.1123
TX	Windom	33.5633	-96.0020
TX	Windthorst	33.5796	-98.4376
TX	Winfield	33.1615	-95.0790
TX	Wingate	32.0318	-100.1183
TX	Wink	31.7527	-103.1561
TX	Winnie	29.8157	-94.3395
TX	Winnsboro	32.9146	-95.2726
TX	Winona	32.4662	-95.1246
TX	Winters	31.9620	-99.9551
TX	Woden	31.5031	-94.5264
TX	Wolfe City	33.3605	-96.0691
TX	Wolfforth	33.5304	-102.0261
TX	Woodlake	31.0286	-95.0328
TX	Woodlawn	32.6681	-94.3456
TX	Woodsboro	28.2232	-97.3192
TX	Woodson	33.3020	-99.0160
TX	Woodville	30.7751	-94.4255
TX	Woodway	31.5051	-97.2311
TX	Wortham	31.7865	-96.4202
TX	Wrightsboro	29.3578	-97.5035
TX	Wylie	33.0041	-96.5394
TX	Yancey	29.1404	-99.1428
TX	Yantis	32.9257	-95.5311
TX	Yoakum	29.2840	-97.1306
TX	Yorktown	28.9892	-97.5121
TX	Zapata	26.8897	-99.2506
TX	Zavalla	31.1569	-94.3871
TX	Zephyr	31.6694	-98.8182
UT	Alpine	40.4616	-111.7689
UT	Altamont	40.3702	-110.4464
UT	Alton	37.4699	-112.5484
UT	Altonah	40.4419	-110.4385
UT	American Fork	40.3928	-111.7941
UT	Aneth	37.2147	-109.2983
UT	Annabella	38.7092	-112.0592
UT	Antimony	38.1015	-111.9930
UT	Aurora	38.9222	-111.9333
UT	Axtell	39.0532	-111.8243
UT	Bear River City	41.6147	-112.1258
UT	Beaver	38.2807	-112.6299
UT	Beryl	37.9601	-113.6196
UT	Bicknell	38.3408	-111.5433
UT	Bingham Canyon	40.5646	-112.0977
UT	Blanding	37.5863	-109.4866
UT	Bluebell	40.3517	-110.2941
UT	Bluff	37.2844	-109.5511
UT	Bonanza	40.0211	-109.1767
UT	Boulder	37.9166	-111.4266
UT	Bountiful	40.8775	-111.8727
UT	Brian Head	37.6985	-112.8437
UT	Brigham City	41.5079	-112.0152
UT	Bryce	37.5700	-112.2950
UT	Cache Junction	41.8356	-112.0019
UT	Cannonville	37.5669	-112.0531
UT	Castle Dale	39.2122	-111.0189
UT	Cedar City	37.6895	-113.0745
UT	Cedar Valley	40.1425	-111.9690
UT	Centerfield	39.1251	-111.8185
UT	Centerville	40.9268	-111.8770
UT	Central	37.5677	-113.7172
UT	Chester	39.4653	-111.5717
UT	Circleville	38.1717	-112.2697
UT	Cisco	38.9700	-109.3200
UT	Clarkston	41.9188	-112.0486
UT	Clawson	39.1331	-111.0964
UT	Clearfield	41.1294	-112.0482
UT	Cleveland	39.3489	-110.8508
UT	Coalville	40.9244	-111.4071
UT	Collinston	41.7878	-112.1242
UT	Corinne	41.5450	-112.1514
UT	Cornish	41.9702	-111.9542
UT	Croydon	41.0689	-111.5231
UT	Dammeron Valley	37.2849	-113.6586
UT	Delta	39.3755	-112.5319
UT	Deweyville	41.6972	-112.0947
UT	Draper	40.5046	-111.8810
UT	Duchesne	39.9540	-110.6181
UT	Duck Creek Village	37.5236	-112.6622
UT	Dugway	40.5269	-112.8729
UT	Dutch John	40.9322	-109.3543
UT	Eagle Mountain	40.3472	-111.9888
UT	East Carbon	39.5461	-110.4113
UT	Echo	40.9778	-111.4425
UT	Eden	41.3303	-111.8558
UT	Elberta	39.9528	-111.9556
UT	Elmo	39.3897	-110.8144
UT	Elsinore	38.6828	-112.1475
UT	Emery	38.9231	-111.2481
UT	Enterprise	37.5736	-113.7183
UT	Ephraim	39.3600	-111.5823
UT	Escalante	37.7698	-111.6037
UT	Eureka	39.9541	-112.1174
UT	Fairview	39.6453	-111.4953
UT	Farmington	40.9889	-111.8938
UT	Fayette	39.2315	-111.8497
UT	Ferron	39.0692	-111.1467
UT	Fielding	41.8118	-112.1190
UT	Fillmore	38.9805	-112.3313
UT	Fort Duchesne	40.3014	-109.8637
UT	Fountain Green	39.6300	-111.6344
UT	Fruitland	40.2128	-110.8389
UT	Garden City	41.9376	-111.4070
UT	Garland	41.7413	-112.1516
UT	Garrison	39.0744	-113.8949
UT	Glendale	37.3219	-112.6035
UT	Glenwood	38.7633	-111.9894
UT	Goshen	39.9531	-111.9000
UT	Grantsville	40.6005	-112.4618
UT	Green River	39.0002	-110.1598
UT	Greenville	38.2636	-112.7084
UT	Greenwich	38.4311	-111.9222
UT	Grouse Creek	41.6297	-113.8540
UT	Gunlock	37.2861	-113.7625
UT	Gunnison	39.1545	-111.8167
UT	Hanksville	38.2521	-110.8137
UT	Hanna	40.4501	-110.8097
UT	Hatch	37.6497	-112.4336
UT	Heber City	40.4947	-111.4051
UT	Helper	39.6737	-110.8560
UT	Henefer	41.0167	-111.4975
UT	Henrieville	37.5628	-111.9936
UT	Herriman	40.5032	-112.0340
UT	Hildale	37.0036	-112.9661
UT	Hill Afb	41.1170	-111.9956
UT	Hinckley	39.3308	-112.6716
UT	Holden	39.0989	-112.2700
UT	Honeyville	41.6238	-112.0974
UT	Hooper	41.1827	-112.0904
UT	Howell	41.7961	-112.4436
UT	Huntington	39.2920	-110.9741
UT	Huntsville	41.2721	-111.7618
UT	Hurricane	37.1691	-113.2247
UT	Hyde Park	41.7989	-111.8183
UT	Hyrum	41.6311	-111.8490
UT	Ibapah	40.0367	-113.9844
UT	Ivins	37.1686	-113.6786
UT	Jensen	40.3787	-109.3510
UT	Joseph	38.6221	-112.2251
UT	Junction	38.2375	-112.2192
UT	Kamas	40.6414	-111.2619
UT	Kanab	37.0721	-112.3454
UT	Kanarraville	37.5389	-113.1833
UT	Kanosh	38.8014	-112.4367
UT	Kaysville	41.0375	-111.9326
UT	Kenilworth	39.6883	-110.8050
UT	Kingston	38.2158	-112.2049
UT	Koosharem	38.5103	-111.8806
UT	La Sal	38.3122	-109.2475
UT	La Verkin	37.2011	-113.2689
UT	Lake Powell	37.4599	-110.5069
UT	Laketown	41.8107	-111.2689
UT	Lapoint	40.4003	-109.8041
UT	Layton	41.0846	-111.9274
UT	Leamington	39.5347	-112.2828
UT	Leeds	37.2386	-113.3583
UT	Lehi	40.3958	-111.8506
UT	Levan	39.5586	-111.8611
UT	Lewiston	41.9701	-111.8768
UT	Lindon	40.3412	-111.7144
UT	Loa	38.4173	-111.6292
UT	Logan	41.7470	-111.8226
UT	Lyman	38.3969	-111.5889
UT	Lynndyl	39.5192	-112.3750
UT	Magna	40.7009	-112.0809
UT	Manila	40.9685	-109.7235
UT	Manti	39.2354	-111.6514
UT	Mantua	41.4975	-111.9416
UT	Mapleton	40.1337	-111.5801
UT	Marysvale	38.4449	-112.2518
UT	Mayfield	39.1142	-111.7100
UT	Meadow	38.8858	-112.4097
UT	Mendon	41.7100	-111.9817
UT	Mexican Hat	37.1184	-109.9919
UT	Midvale	40.6152	-111.8851
UT	Midway	40.5093	-111.4776
UT	Milford	38.3311	-112.9934
UT	Millville	41.6817	-111.8222
UT	Minersville	38.2142	-112.9228
UT	Moab	38.5677	-109.5271
UT	Modena	37.7995	-113.9193
UT	Mona	39.8382	-111.8480
UT	Monroe	38.6453	-112.1324
UT	Montezuma Creek	37.2728	-109.3372
UT	Monticello	37.9217	-109.3153
UT	Monument Valley	37.0614	-110.4273
UT	Morgan	41.0678	-111.7163
UT	Moroni	39.5250	-111.5897
UT	Mount Carmel	37.2378	-112.6700
UT	Mount Pleasant	39.5232	-111.5039
UT	Mountain Home	40.1920	-110.7670
UT	Myton	40.1940	-110.0481
UT	Neola	40.4491	-110.0372
UT	Nephi	39.6923	-111.8359
UT	New Harmony	37.4794	-113.3089
UT	Newcastle	37.7360	-113.6615
UT	Newton	41.8628	-111.9900
UT	North Salt Lake	40.8441	-111.9041
UT	Oak City	39.3750	-112.3347
UT	Oakley	40.7147	-111.3000
UT	Ogden	41.2443	-112.0072
UT	Orangeville	39.2272	-111.0528
UT	Orderville	37.2744	-112.6420
UT	Orem	40.3134	-111.6953
UT	Panguitch	37.8078	-112.4369
UT	Paradise	41.5600	-111.8297
UT	Paragonah	37.8917	-112.7740
UT	Park City	40.6957	-111.5280
UT	Park Valley	41.8551	-113.3478
UT	Parowan	37.8449	-112.8323
UT	Payson	40.0449	-111.7321
UT	Peoa	40.7209	-111.3025
UT	Pine Valley	37.3898	-113.5177
UT	Pleasant Grove	40.3720	-111.7333
UT	Plymouth	41.8756	-112.1433
UT	Portage	41.9758	-112.2386
UT	Price	39.6020	-110.8081
UT	Providence	41.6952	-111.8244
UT	Provo	40.2319	-111.6755
UT	Randlett	40.2186	-109.7301
UT	Randolph	41.6563	-111.1856
UT	Redmond	39.0061	-111.8611
UT	Richfield	38.7571	-112.0623
UT	Richmond	41.9282	-111.8069
UT	Riverside	41.7889	-112.1481
UT	Riverton	40.5379	-111.9547
UT	Rockville	37.1611	-113.0375
UT	Roosevelt	40.3102	-110.0108
UT	Roy	41.1724	-112.0382
UT	Rush Valley	40.2336	-112.7440
UT	Saint George	37.1067	-113.5953
UT	Salem	40.0427	-111.6591
UT	Salina	38.9560	-111.8811
UT	Salt Lake City	40.7559	-111.8967
UT	Sandy	40.5794	-111.8816
UT	Santa Clara	37.1331	-113.6533
UT	Santaquin	39.9804	-111.7938
UT	Saratoga Springs	40.3486	-111.9132
UT	Scipio	39.2450	-112.1033
UT	Sevier	38.5907	-112.3921
UT	Sigurd	38.8406	-111.9669
UT	Smithfield	41.8403	-111.8528
UT	Snowville	41.8403	-112.3534
UT	South Jordan	40.5219	-111.9383
UT	Spanish Fork	40.1099	-111.6462
UT	Spring City	39.4825	-111.4953
UT	Springdale	37.2997	-113.0497
UT	Springville	40.1625	-111.5987
UT	Sterling	39.1936	-111.6917
UT	Stockton	40.3505	-112.4252
UT	Summit	37.8034	-112.9134
UT	Sunnyside	39.5514	-110.3872
UT	Syracuse	41.0864	-112.0451
UT	Tabiona	40.3827	-110.7021
UT	Talmage	40.1746	-110.3965
UT	Teasdale	38.2853	-111.4335
UT	Thompson	38.9881	-109.7945
UT	Tooele	40.5454	-112.3002
UT	Toquerville	37.2533	-113.2839
UT	Torrey	38.3350	-111.5474
UT	Tremonton	41.7016	-112.1813
UT	Trenton	41.9105	-111.9340
UT	Tridell	40.4436	-109.8359
UT	Tropic	37.6253	-112.0814
UT	Vernal	40.4406	-109.5469
UT	Vernon	40.0826	-112.4260
UT	Veyo	37.3590	-113.6668
UT	Virgin	37.1889	-113.0000
UT	Wales	39.4869	-111.6344
UT	Wallsburg	40.3657	-111.4649
UT	Washington	37.1364	-113.5050
UT	Wellington	39.5373	-110.7370
UT	Wellsville	41.6343	-111.9317
UT	Wendover	40.5974	-113.9936
UT	West Jordan	40.6254	-111.9677
UT	Whiterocks	40.4528	-109.9172
UT	Willard	41.3989	-112.0317
UT	Woodruff	41.4888	-111.1868
UT	Woods Cross	40.8874	-111.9027
VA	Abingdon	36.6916	-82.0200
VA	Accomac	37.7159	-75.6803
VA	Achilles	37.2800	-76.4406
VA	Afton	37.9626	-78.8410
VA	Alberta	36.8806	-77.9055
VA	Aldie	38.9756	-77.6417
VA	Alexandria	38.8200	-77.0589
VA	Altavista	37.1222	-79.2911
VA	Alton	36.5894	-79.0202
VA	Amelia Court House	37.3502	-77.9552
VA	Amherst	37.6027	-79.0506
VA	Amissville	38.6714	-77.9958
VA	Ammon	37.1508	-77.7444
VA	Amonate	37.1908	-81.6389
VA	Andover	36.9236	-82.7967
VA	Annandale	38.8307	-77.2142
VA	Appalachia	36.9060	-82.7914
VA	Appomattox	37.3530	-78.8224
VA	Ararat	36.6139	-80.5093
VA	Arcola	38.9517	-77.5344
VA	Ark	37.4383	-76.5761
VA	Arlington	38.8871	-77.0932
VA	Aroda	38.3256	-78.2366
VA	Arrington	37.6877	-78.9185
VA	Arvonia	37.6714	-78.3889
VA	Ashburn	39.0322	-77.4985
VA	Ashland	37.7395	-77.4784
VA	Assawoman	37.8663	-75.5297
VA	Atkins	36.8665	-81.4048
VA	Atlantic	37.9006	-75.5081
VA	Augusta Springs	38.1019	-79.3183
VA	Austinville	36.8195	-80.8583
VA	Axton	36.6548	-79.7396
VA	Aylett	37.8221	-77.1885
VA	Bacova	38.0539	-79.8439
VA	Banco	38.4511	-78.2819
VA	Bandy	37.1661	-81.6508
VA	Barboursville	38.1996	-78.3127
VA	Barhamsville	37.4617	-76.8321
VA	Barren Springs	36.9078	-80.8090
VA	Baskerville	36.7236	-78.2790
VA	Bassett	36.7534	-80.0055
VA	Bastian	37.1574	-81.1989
VA	Basye	38.7958	-78.7674
VA	Batesville	37.9956	-78.7225
VA	Battery Park	36.9964	-76.5744
VA	Bealeton	38.5697	-77.8004
VA	Beaumont	37.7611	-78.0261
VA	Beaverdam	37.9038	-77.6308
VA	Bedford	37.3153	-79.5331
VA	Bee	37.1014	-82.1856
VA	Belle Haven	37.5645	-75.8694
VA	Belspring	37.1908	-80.6083
VA	Ben Hur	36.7328	-83.0822
VA	Bena	37.2708	-76.4558
VA	Bent Mountain	37.2068	-80.1455
VA	Bentonville	38.8273	-78.2791
VA	Bergton	38.7925	-78.9668
VA	Berryville	39.1532	-77.9688
VA	Big Island	37.5306	-79.3827
VA	Big Rock	37.3186	-82.2246
VA	Big Stone Gap	36.8581	-82.7627
VA	Birchleaf	37.1695	-82.2483
VA	Birdsnest	37.4321	-75.9043
VA	Bishop	37.2086	-81.5583
VA	Blacksburg	37.2288	-80.4273
VA	Blackstone	37.0916	-77.9851
VA	Blackwater	36.6390	-82.9866
VA	Blairs	36.6674	-79.3789
VA	Bland	37.1376	-81.0201
VA	Bloxom	37.8273	-75.6156
VA	Blue Grass	38.5152	-79.5613
VA	Blue Ridge	37.3885	-79.8172
VA	Bluefield	37.2495	-81.3251
VA	Bluemont	39.1111	-77.8342
VA	Bohannon	37.3905	-76.3614
VA	Boissevain	37.2817	-81.3806
VA	Boones Mill	37.1331	-79.9556
VA	Boston	38.5382	-78.1423
VA	Bowling Green	38.0137	-77.1802
VA	Boyce	39.0698	-78.0203
VA	Boydton	36.6544	-78.3752
VA	Boykins	36.5951	-77.1975
VA	Bracey	36.5763	-78.1059
VA	Branchville	36.5787	-77.2704
VA	Brandy Station	38.5110	-77.9037
VA	Breaks	37.2958	-82.2811
VA	Bremo Bluff	37.7453	-78.2672
VA	Bridgewater	38.3859	-78.9937
VA	Brightwood	38.4114	-78.1698
VA	Bristol	36.6181	-82.1823
VA	Bristow	38.7228	-77.5364
VA	Broad Run	38.8236	-77.7133
VA	Broadford	36.9330	-81.6594
VA	Broadway	38.6083	-78.7875
VA	Brodnax	36.7319	-77.9898
VA	Brooke	38.3875	-77.3800
VA	Brookneal	37.0827	-78.9227
VA	Brownsburg	37.9283	-79.3194
VA	Brucetown	39.2544	-78.0669
VA	Bruington	37.7801	-76.9402
VA	Buchanan	37.5284	-79.7053
VA	Buckingham	37.5833	-78.5985
VA	Buena Vista	37.7396	-79.3523
VA	Buffalo Junction	36.6168	-78.6093
VA	Bumpass	37.8984	-77.7966
VA	Burgess	37.8687	-76.3542
VA	Burke	38.7946	-77.2733
VA	Burkes Garden	37.0981	-81.3411
VA	Burkeville	37.1952	-78.1961
VA	Burr Hill	38.3658	-77.8762
VA	Callands	36.7647	-79.6288
VA	Callao	37.9773	-76.5732
VA	Callaway	37.0285	-80.0496
VA	Calverton	38.6319	-77.6708
VA	Cana	36.5957	-80.6705
VA	Cape Charles	37.2799	-75.9721
VA	Capeville	37.2028	-75.9575
VA	Capron	36.7243	-77.2394
VA	Cardinal	37.4273	-76.3940
VA	Caret	37.9713	-76.9153
VA	Carrollton	36.9550	-76.5430
VA	Carrsville	36.7454	-76.8365
VA	Carson	37.0393	-77.4351
VA	Cartersville	37.6413	-78.1287
VA	Casanova	38.6575	-77.7172
VA	Cascade	36.5927	-79.6574
VA	Castleton	38.6032	-78.1208
VA	Castlewood	36.8764	-82.2876
VA	Catawba	37.3696	-80.1284
VA	Catharpin	38.8542	-77.5722
VA	Catlett	38.6536	-77.6408
VA	Cedar Bluff	37.0791	-81.7668
VA	Center Cross	37.7929	-76.7548
VA	Centreville	38.8517	-77.4450
VA	Ceres	37.0046	-81.3643
VA	Champlain	38.0214	-76.9719
VA	Chantilly	38.8865	-77.4393
VA	Charles City	37.3663	-77.1082
VA	Charlotte Court House	37.0864	-78.6606
VA	Charlottesville	38.0548	-78.4909
VA	Chase City	36.8053	-78.4553
VA	Chatham	36.8310	-79.4297
VA	Check	37.0326	-80.2367
VA	Cheriton	37.2894	-75.9717
VA	Chesapeake	36.7352	-76.2384
VA	Chester	37.3429	-77.4156
VA	Chester Gap	38.8533	-78.1353
VA	Chesterfield	37.3923	-77.5668
VA	Chilhowie	36.7719	-81.6651
VA	Chincoteague Island	37.9277	-75.3714
VA	Christchurch	37.6047	-76.5347
VA	Christiansburg	37.1297	-80.4092
VA	Church Road	37.1950	-77.6646
VA	Church View	37.6750	-76.6629
VA	Churchville	38.2346	-79.1791
VA	Claremont	37.2278	-76.9644
VA	Clarksville	36.6314	-78.5353
VA	Claudville	36.5839	-80.4442
VA	Clear Brook	39.2655	-78.0988
VA	Cleveland	36.9502	-82.1318
VA	Clifford	37.6433	-79.0225
VA	Clifton	38.7800	-77.3869
VA	Clifton Forge	37.8203	-79.8054
VA	Clinchco	37.1406	-82.3425
VA	Clintwood	37.1592	-82.4453
VA	Clover	36.8637	-78.7862
VA	Cloverdale	37.3663	-79.9128
VA	Cluster Springs	36.6208	-78.9219
VA	Cobbs Creek	37.4992	-76.3678
VA	Coeburn	36.9605	-82.4735
VA	Coleman Falls	37.4887	-79.3158
VA	Coles Point	38.1436	-76.6358
VA	Collinsville	36.7238	-79.9142
VA	Colonial Beach	38.2291	-76.9812
VA	Colonial Heights	37.2700	-77.4038
VA	Columbia	37.7147	-78.1794
VA	Concord	37.3370	-78.9804
VA	Copper Hill	37.0556	-80.1525
VA	Corbin	38.1994	-77.3892
VA	Courtland	36.7225	-77.0783
VA	Covesville	37.9080	-78.7127
VA	Covington	37.7842	-80.0032
VA	Craddockville	37.5817	-75.8692
VA	Craigsville	38.0768	-79.3619
VA	Crewe	37.1657	-78.1059
VA	Criders	38.7497	-78.9974
VA	Crimora	38.1684	-78.8413
VA	Cripple Creek	36.8086	-81.1039
VA	Critz	36.6211	-80.1298
VA	Crockett	36.8768	-81.2089
VA	Cross Junction	39.3762	-78.2997
VA	Crozet	38.0813	-78.7044
VA	Crozier	37.6718	-77.7940
VA	Crystal Hill	36.8732	-78.9706
VA	Cullen	37.1552	-78.6459
VA	Culpeper	38.4811	-78.0041
VA	Cumberland	37.5019	-78.2581
VA	Dahlgren	38.3375	-77.0429
VA	Daleville	37.4125	-79.9211
VA	Damascus	36.6403	-81.7776
VA	Dante	37.0054	-82.2815
VA	Danville	36.6218	-79.4124
VA	Davenport	37.0680	-82.1229
VA	Davis Wharf	37.5528	-75.8783
VA	Dayton	38.4339	-78.9937
VA	Deerfield	38.1842	-79.4152
VA	Delaplane	38.9150	-77.9206
VA	Deltaville	37.5549	-76.3468
VA	Dendron	37.0981	-76.8966
VA	Dewitt	37.0535	-77.6426
VA	Diggs	37.4363	-76.2872
VA	Dillwyn	37.5458	-78.4609
VA	Dinwiddie	37.0833	-77.5585
VA	Disputanta	37.1483	-77.2732
VA	Doe Hill	38.3902	-79.4822
VA	Dogue	38.2319	-77.2161
VA	Dolphin	36.8318	-77.7887
VA	Doran	37.0925	-81.8336
VA	Doswell	37.8417	-77.5125
VA	Drakes Branch	36.9688	-78.5615
VA	Draper	36.9697	-80.8188
VA	Drewryville	36.6854	-77.3591
VA	Dry Fork	36.7430	-79.4580
VA	Dryden	36.7818	-82.9305
VA	Dublin	37.0989	-80.6697
VA	Duffield	36.7044	-82.8065
VA	Dugspur	36.8145	-80.6123
VA	Dulles	38.9886	-77.4507
VA	Dumfries	38.9113	-77.9302
VA	Dundas	36.9053	-78.0100
VA	Dungannon	36.8242	-82.4960
VA	Dunn Loring	38.8954	-77.2214
VA	Dunnsville	37.8404	-76.8370
VA	Dutton	37.4869	-76.4358
VA	Dyke	38.2533	-78.5546
VA	Eagle Rock	37.6667	-79.8172
VA	Earlysville	38.1578	-78.4919
VA	East Stone Gap	36.8667	-82.7425
VA	Eastville	37.3525	-75.9461
VA	Ebony	36.5850	-77.9994
VA	Edinburg	38.8432	-78.6003
VA	Edwardsville	37.9064	-76.3656
VA	Eggleston	37.2906	-80.6528
VA	Elberon	37.0701	-76.8337
VA	Elk Creek	36.7306	-81.1915
VA	Elkton	38.4025	-78.6321
VA	Elkwood	38.4652	-77.8170
VA	Elliston	37.2127	-80.2497
VA	Emory	36.7728	-81.8364
VA	Emporia	36.6857	-77.5630
VA	Esmont	37.8125	-78.6106
VA	Etlan	38.5095	-78.2638
VA	Evergreen	37.3183	-78.7661
VA	Evington	37.2610	-79.2317
VA	Ewing	36.6237	-83.5047
VA	Exmore	37.5117	-75.8526
VA	Faber	37.8475	-78.7565
VA	Fairfax	38.8604	-77.2649
VA	Fairfax Station	38.7602	-77.3064
VA	Fairfield	37.8778	-79.2979
VA	Falls Church	38.8485	-77.1369
VA	Falls Mills	37.2710	-81.3182
VA	Fancy Gap	36.6640	-80.6907
VA	Farmville	37.3027	-78.4076
VA	Farnham	37.8740	-76.6050
VA	Ferrum	36.9168	-80.0349
VA	Fieldale	36.7064	-79.9652
VA	Fincastle	37.4911	-79.8511
VA	Fishers Hill	38.9806	-78.4050
VA	Fishersville	38.0974	-78.9696
VA	Flint Hill	38.7337	-78.0756
VA	Floyd	36.9195	-80.3191
VA	Ford	37.1397	-77.7372
VA	Forest	37.3379	-79.2791
VA	Fork Union	37.7715	-78.2355
VA	Fort Belvoir	38.6947	-77.1433
VA	Fort Blackmore	36.7438	-82.6102
VA	Fort Defiance	38.2109	-78.9326
VA	Fort Eustis	37.1221	-76.5897
VA	Fort Lee	37.2447	-77.3341
VA	Fort Mitchell	36.9181	-78.4864
VA	Fort Monroe	37.0297	-76.2969
VA	Fort Valley	38.8277	-78.4400
VA	Foster	37.4528	-76.3853
VA	Franklin	36.6786	-76.9391
VA	Franktown	37.4620	-75.8890
VA	Fredericksburg	38.2995	-77.4772
VA	Free Union	38.2062	-78.5959
VA	Freeman	36.7893	-77.7208
VA	Fries	36.7247	-81.0042
VA	Front Royal	38.9268	-78.1796
VA	Ft Myer	38.8795	-77.0803
VA	Fulks Run	38.6339	-78.9358
VA	Gainesville	38.7997	-77.6180
VA	Galax	36.6565	-80.9117
VA	Garrisonville	38.4825	-77.4269
VA	Gasburg	36.5766	-77.9029
VA	Gate City	36.6460	-82.6112
VA	Glade Hill	37.0169	-79.7763
VA	Glade Spring	36.7779	-81.7676
VA	Gladstone	37.5473	-78.8508
VA	Gladys	37.1386	-79.1048
VA	Glasgow	37.6430	-79.4590
VA	Glen Allen	37.6658	-77.5066
VA	Glen Lyn	37.3669	-80.8634
VA	Glen Wilton	37.7528	-79.8192
VA	Gloucester	37.4192	-76.5533
VA	Gloucester Point	37.2585	-76.4959
VA	Goldvein	38.4886	-77.6395
VA	Goochland	37.7688	-78.0112
VA	Goode	37.3481	-79.3813
VA	Goodview	37.3472	-79.7263
VA	Gordonsville	38.1073	-78.1952
VA	Gore	39.2887	-78.3417
VA	Goshen	37.9878	-79.4773
VA	Graves Mill	38.4225	-78.3678
VA	Great Falls	39.0039	-77.3083
VA	Green Bay	37.1234	-78.3072
VA	Greenbackville	38.0064	-75.4029
VA	Greenbush	37.7681	-75.6664
VA	Greenville	38.0018	-79.1359
VA	Greenway	38.9702	-77.2339
VA	Greenwood	38.0415	-78.7833
VA	Gretna	36.9695	-79.3389
VA	Grimstead	37.5003	-76.3017
VA	Grottoes	38.2484	-78.8255
VA	Grundy	37.2967	-82.1061
VA	Gum Spring	37.8184	-77.9070
VA	Gwynn	37.5006	-76.2904
VA	Hacksneck	37.6431	-75.8708
VA	Hadensville	37.8253	-77.9997
VA	Hague	38.0573	-76.6616
VA	Halifax	36.7626	-78.9415
VA	Hallieford	37.4936	-76.3406
VA	Hallwood	37.8536	-75.5613
VA	Hamilton	39.1399	-77.6608
VA	Hampden Sydney	37.1708	-78.4684
VA	Hampton	37.0065	-76.4130
VA	Hanover	37.7701	-77.3216
VA	Harborton	37.6617	-75.8308
VA	Hardy	37.2145	-79.8127
VA	Hardyville	37.5478	-76.4189
VA	Harrisonburg	38.4489	-78.8714
VA	Hartfield	37.5594	-76.4769
VA	Hartwood	38.4022	-77.5656
VA	Hayes	37.2916	-76.4905
VA	Haymarket	38.8128	-77.6362
VA	Haynesville	37.9500	-76.6628
VA	Haysi	37.2206	-82.2853
VA	Haywood	38.4686	-78.1798
VA	Head Waters	38.2946	-79.4353
VA	Heathsville	37.9072	-76.4178
VA	Henry	36.8393	-79.9904
VA	Herndon	38.9764	-77.3839
VA	Highland Springs	37.5437	-77.3226
VA	Hillsville	36.7442	-80.7197
VA	Hiltons	36.6498	-82.4299
VA	Hinton	38.4834	-79.0101
VA	Hiwassee	36.9978	-80.6382
VA	Honaker	37.0273	-81.9969
VA	Hood	38.3547	-78.3831
VA	Hopewell	37.2876	-77.2950
VA	Horntown	37.9699	-75.4716
VA	Horsepen	37.2281	-81.5200
VA	Hot Springs	37.9638	-79.8717
VA	Howardsville	37.7659	-78.5824
VA	Huddleston	37.1442	-79.4910
VA	Hudgins	37.4708	-76.3261
VA	Hume	38.8273	-77.9949
VA	Huntly	38.8133	-78.1301
VA	Hurley	37.4017	-82.0262
VA	Hurt	37.0798	-79.3000
VA	Hustle	38.0222	-77.0364
VA	Independence	36.6294	-81.1582
VA	Indian Valley	36.8990	-80.5757
VA	Iron Gate	37.7975	-79.7914
VA	Irvington	37.6645	-76.4160
VA	Isle Of Wight	36.9075	-76.7081
VA	Ivanhoe	36.8272	-80.9779
VA	Ivor	36.9071	-76.8861
VA	Ivy	38.0564	-78.5969
VA	Jamaica	37.7300	-76.6890
VA	Jamestown	37.2080	-76.7744
VA	Jamesville	37.5150	-75.9308
VA	Jarratt	36.8191	-77.4832
VA	Java	36.8586	-79.1870
VA	Jeffersonton	38.6256	-77.9069
VA	Jenkins Bridge	37.9192	-75.6319
VA	Jersey	38.2114	-77.1397
VA	Jetersville	37.3176	-78.1040
VA	Jewell Ridge	37.2224	-81.8107
VA	Jonesville	36.6896	-83.1362
VA	Keeling	36.7156	-79.2783
VA	Keen Mountain	37.2022	-81.9864
VA	Keene	37.9313	-78.5614
VA	Keezletown	38.4396	-78.7770
VA	Keller	37.6192	-75.7642
VA	Kenbridge	36.9330	-78.1242
VA	Kents Store	37.8942	-78.1208
VA	Keokee	36.8239	-82.9772
VA	Keswick	38.0013	-78.3404
VA	Keysville	37.0411	-78.4699
VA	Kilmarnock	37.7162	-76.3820
VA	King And Queen Court House	37.7176	-76.8631
VA	King George	38.2811	-77.1260
VA	King William	37.7202	-77.0998
VA	Kinsale	38.0505	-76.5855
VA	La Crosse	36.6861	-78.0953
VA	Lacey Spring	38.5411	-78.7667
VA	Lackey	37.2308	-76.5531
VA	Ladysmith	38.0175	-77.5156
VA	Lambsburg	36.5775	-80.7601
VA	Lancaster	37.7501	-76.5102
VA	Laneview	37.7681	-76.7117
VA	Lanexa	37.4194	-76.9027
VA	Laurel Fork	36.7073	-80.5148
VA	Lawrenceville	36.7449	-77.8384
VA	Lebanon	36.8809	-82.0956
VA	Leesburg	39.0867	-77.5775
VA	Leon	38.4572	-78.1546
VA	Lexington	37.7885	-79.4581
VA	Lightfoot	37.3406	-76.7547
VA	Lignum	38.3956	-77.8300
VA	Lincoln	39.1153	-77.6953
VA	Linden	38.8812	-78.0478
VA	Linville	38.5557	-78.8961
VA	Little Plymouth	37.6642	-76.8255
VA	Lively	37.7775	-76.5139
VA	Locust Dale	38.3340	-78.1016
VA	Locust Grove	38.3352	-77.7709
VA	Locust Hill	37.5983	-76.5019
VA	Locustville	37.6534	-75.6735
VA	Long Island	37.0644	-79.1219
VA	Loretto	38.0621	-76.9669
VA	Lorton	38.7047	-77.2180
VA	Lottsburg	37.9792	-76.5018
VA	Louisa	38.0132	-78.0347
VA	Lovettsville	39.2725	-77.6369
VA	Lovingston	37.7924	-78.8684
VA	Low Moor	37.7886	-79.8839
VA	Lowry	37.3336	-79.4556
VA	Lunenburg	36.9226	-78.2906
VA	Luray	38.6548	-78.4596
VA	Lynch Station	37.1528	-79.3297
VA	Lynchburg	37.3862	-79.1715
VA	Lyndhurst	37.9979	-78.9515
VA	Machipongo	37.4014	-75.9082
VA	Macon	37.5217	-77.9622
VA	Madison	38.3845	-78.2965
VA	Madison Heights	37.4531	-79.1141
VA	Maidens	37.7032	-77.8710
VA	Manakin Sabot	37.6380	-77.7077
VA	Manassas	38.7518	-77.4728
VA	Mannboro	37.2514	-77.8236
VA	Manquin	37.7184	-77.1860
VA	Mappsville	37.8354	-75.5699
VA	Marion	36.8273	-81.5349
VA	Marionville	37.4525	-75.8550
VA	Markham	38.9300	-77.9943
VA	Marshall	38.8237	-77.8970
VA	Martinsville	36.6871	-79.8691
VA	Maryus	37.2794	-76.4031
VA	Mascot	37.6068	-76.7383
VA	Mathews	37.4383	-76.3544
VA	Mattaponi	37.6417	-76.7840
VA	Maurertown	38.9441	-78.4658
VA	Mavisdale	37.2008	-82.2216
VA	Max Meadows	36.9171	-80.9214
VA	Maxie	37.3011	-82.1744
VA	Mc Clure	37.0814	-82.3806
VA	Mc Coy	37.2369	-80.5961
VA	Mc Dowell	38.3266	-79.4988
VA	Mc Gaheysville	38.3712	-78.7411
VA	Mc Kenney	36.9986	-77.7396
VA	Mc Lean	38.9326	-77.1706
VA	Meadows Of Dan	36.7250	-80.4022
VA	Meadowview	36.7612	-81.8512
VA	Mears	37.8692	-75.6354
VA	Mechanicsville	37.6281	-77.3395
VA	Meherrin	37.1013	-78.3874
VA	Melfa	37.6407	-75.7454
VA	Mendota	36.7223	-82.2649
VA	Meredithville	36.8067	-77.9569
VA	Merrifield	38.8741	-77.2272
VA	Merry Point	37.7336	-76.4828
VA	Middlebrook	38.0242	-79.2812
VA	Middleburg	38.9871	-77.7465
VA	Middletown	39.0367	-78.2815
VA	Midland	38.5671	-77.7127
VA	Midlothian	37.4310	-77.6545
VA	Milford	38.0058	-77.3185
VA	Millboro	38.0058	-79.6406
VA	Millers Tavern	37.8281	-76.9453
VA	Millwood	39.0694	-78.0381
VA	Mineral	37.9986	-77.8781
VA	Mint Spring	38.0744	-79.1011
VA	Mitchells	38.3744	-78.0105
VA	Modest Town	37.8128	-75.5653
VA	Mollusk	37.7300	-76.5383
VA	Moneta	37.1784	-79.6521
VA	Monroe	37.5414	-79.1703
VA	Montebello	37.8399	-79.0611
VA	Monterey	38.4058	-79.5941
VA	Montpelier	37.8177	-77.6924
VA	Montpelier Station	38.2281	-78.1767
VA	Montross	38.1105	-76.7828
VA	Montvale	37.4070	-79.7175
VA	Moon	37.4493	-76.3065
VA	Morattico	37.7892	-76.6294
VA	Moseley	37.4260	-77.7585
VA	Mount Crawford	38.3457	-78.8957
VA	Mount Holly	38.0911	-76.7183
VA	Mount Jackson	38.7688	-78.6767
VA	Mount Sidney	38.2612	-78.9730
VA	Mount Solon	38.3328	-79.1028
VA	Mount Vernon	38.7078	-77.0864
VA	Mouth Of Wilson	36.6104	-81.3955
VA	Mustoe	38.2862	-79.6591
VA	Narrows	37.3198	-80.8548
VA	Naruna	37.1058	-79.0028
VA	Nassawadox	37.4747	-75.8586
VA	Nathalie	36.9442	-78.9898
VA	Natural Bridge	37.6606	-79.5330
VA	Natural Bridge Station	37.5957	-79.5039
VA	Nellysford	37.8604	-78.8940
VA	Nelson	36.5586	-78.6710
VA	Nelsonia	37.8197	-75.5875
VA	New Canton	37.6645	-78.3112
VA	New Castle	37.4871	-80.1704
VA	New Church	37.9525	-75.5112
VA	New Hope	38.1978	-78.9061
VA	New Kent	37.5530	-77.0742
VA	New Market	38.6606	-78.6714
VA	New Point	37.3493	-76.2835
VA	New River	37.1333	-80.5917
VA	Newbern	37.0733	-80.6908
VA	Newington	38.7383	-77.1853
VA	Newport	37.3069	-80.5099
VA	Newport News	37.0580	-76.4607
VA	Newsoms	36.6148	-77.1069
VA	Newtown	37.8782	-77.1138
VA	Nickelsville	36.7502	-82.4202
VA	Ninde	38.2711	-77.0564
VA	Nokesville	38.6953	-77.5755
VA	Nora	37.0182	-82.3500
VA	Norfolk	36.8466	-76.2855
VA	Norge	37.3686	-76.7708
VA	North	37.4771	-76.3707
VA	North Garden	37.9620	-78.6954
VA	North Tazewell	37.1524	-81.5253
VA	Norton	36.9378	-82.6249
VA	Norwood	37.6431	-78.8092
VA	Nottoway	37.1283	-78.0783
VA	Nuttsville	37.7933	-76.5511
VA	Oak Hall	37.9332	-75.5624
VA	Oakpark	38.3667	-78.1603
VA	Oakton	38.8852	-77.3233
VA	Oakwood	37.1841	-81.9916
VA	Occoquan	38.6836	-77.2606
VA	Oilville	37.7089	-77.7700
VA	Oldhams	38.0025	-76.6692
VA	Onancock	37.7102	-75.7528
VA	Onemo	37.3985	-76.2941
VA	Onley	37.6704	-75.6992
VA	Ophelia	37.9100	-76.2839
VA	Orange	38.2339	-78.0912
VA	Ordinary	37.3153	-76.5136
VA	Oriskany	37.6164	-79.9839
VA	Orkney Springs	38.7937	-78.8111
VA	Orlean	38.7497	-77.9622
VA	Oyster	37.2864	-75.9228
VA	Paeonian Springs	39.1492	-77.6194
VA	Paint Bank	37.5745	-80.2544
VA	Painter	37.5828	-75.8066
VA	Palmyra	37.8818	-78.2980
VA	Pamplin	37.2653	-78.6517
VA	Paris	39.0044	-77.9517
VA	Parksley	37.7744	-75.6386
VA	Parrott	37.2050	-80.6158
VA	Partlow	38.0641	-77.6586
VA	Patrick Springs	36.6744	-80.1388
VA	Pearisburg	37.3041	-80.7267
VA	Pembroke	37.3303	-80.6155
VA	Penhook	36.9201	-79.6645
VA	Penn Laird	38.3697	-78.7979
VA	Pennington Gap	36.7508	-83.0223
VA	Petersburg	37.2200	-77.4326
VA	Phenix	37.0925	-78.7912
VA	Philomont	39.0561	-77.7406
VA	Pilgrims Knob	37.2989	-81.9119
VA	Pilot	37.0565	-80.3229
VA	Piney River	37.7158	-79.0206
VA	Pittsville	36.9716	-79.4794
VA	Pleasant Valley	38.3847	-78.8975
VA	Pocahontas	37.3036	-81.3397
VA	Poquoson	37.1313	-76.3807
VA	Port Haywood	37.3743	-76.3045
VA	Port Republic	38.3172	-78.8104
VA	Port Royal	38.1621	-77.1837
VA	Portsmouth	36.8089	-76.3671
VA	Pound	37.0927	-82.6016
VA	Pounding Mill	37.0596	-81.7301
VA	Powhatan	37.5564	-77.8798
VA	Pratts	38.3492	-78.2722
VA	Prince George	37.2333	-77.2747
VA	Prospect	37.3058	-78.5462
VA	Providence Forge	37.4259	-77.0711
VA	Pulaski	37.0567	-80.7710
VA	Pungoteague	37.6303	-75.8139
VA	Purcellville	39.1545	-77.7186
VA	Quantico	38.5310	-77.3358
VA	Quicksburg	38.7144	-78.6989
VA	Quinby	37.5536	-75.7342
VA	Quinque	38.2500	-78.3981
VA	Quinton	37.5185	-77.1486
VA	Radford	37.1358	-80.5717
VA	Radiant	38.3227	-78.1798
VA	Randolph	36.9631	-78.6992
VA	Raphine	37.9374	-79.2219
VA	Rapidan	38.3392	-78.0476
VA	Rappahannock Academy	38.2018	-77.2874
VA	Raven	37.1481	-81.8896
VA	Rawlings	36.9530	-77.8237
VA	Rectortown	38.9211	-77.8617
VA	Red Ash	37.1133	-81.8711
VA	Red House	37.1914	-78.8145
VA	Red Oak	36.7724	-78.6321
VA	Redwood	37.0197	-79.8122
VA	Reedville	37.8570	-76.2829
VA	Remington	38.5351	-77.7614
VA	Rescue	36.9958	-76.5608
VA	Reston	38.9600	-77.3456
VA	Reva	38.4604	-78.1572
VA	Rhoadesville	38.2863	-77.9230
VA	Rice	37.2721	-78.2793
VA	Rich Creek	37.3850	-80.8227
VA	Richardsville	38.3924	-77.7195
VA	Richlands	37.0941	-81.8123
VA	Richmond	37.4532	-77.4698
VA	Ridgeway	36.5874	-79.8686
VA	Rileyville	38.7564	-78.3873
VA	Riner	37.0322	-80.4353
VA	Ringgold	36.6035	-79.2988
VA	Ripplemead	37.3665	-80.6717
VA	Rixeyville	38.5852	-78.0282
VA	Roanoke	37.2725	-79.9530
VA	Rochelle	38.2743	-78.2654
VA	Rockbridge Baths	37.8965	-79.3874
VA	Rockville	37.7337	-77.7000
VA	Rocky Gap	37.2442	-81.1552
VA	Rocky Mount	36.9891	-79.8840
VA	Rollins Fork	38.1847	-77.0625
VA	Rose Hill	36.6583	-83.3486
VA	Rosedale	36.9740	-81.8888
VA	Roseland	37.8077	-78.9712
VA	Round Hill	39.1282	-77.7775
VA	Rowe	37.1276	-82.0274
VA	Ruby	38.5042	-77.5158
VA	Ruckersville	38.2339	-78.3910
VA	Rural Retreat	36.8836	-81.2879
VA	Rustburg	37.2545	-79.1215
VA	Ruther Glen	37.9451	-77.4714
VA	Ruthville	37.3672	-77.0414
VA	Saint Charles	36.8315	-83.0518
VA	Saint Paul	36.9323	-82.3418
VA	Saint Stephens Church	37.9051	-77.0842
VA	Salem	37.2853	-80.0692
VA	Saltville	36.8927	-81.7402
VA	Saluda	37.5949	-76.5921
VA	Sandston	37.5157	-77.2758
VA	Sandy Hook	37.7519	-77.9046
VA	Sandy Level	36.9910	-79.5614
VA	Sandy Point	38.0606	-76.5336
VA	Sanford	37.9243	-75.6957
VA	Saxe	36.9057	-78.6057
VA	Saxis	37.9239	-75.7222
VA	Schley	37.3894	-76.4553
VA	Schuyler	37.7976	-78.6925
VA	Scottsburg	36.7862	-78.7866
VA	Scottsville	37.8049	-78.4740
VA	Seaford	37.1885	-76.4290
VA	Sealston	38.2614	-77.3322
VA	Seaview	37.2617	-75.9461
VA	Sedley	36.7908	-77.0125
VA	Selma	37.8064	-79.8483
VA	Severn	37.2942	-76.4158
VA	Shacklefords	37.5698	-76.7269
VA	Sharps	37.8239	-76.7011
VA	Shawsville	37.1466	-80.2715
VA	Shenandoah	38.5010	-78.6090
VA	Shipman	37.7480	-78.8246
VA	Shortt Gap	37.1572	-81.8731
VA	Singers Glen	38.5525	-78.9136
VA	Skippers	36.5797	-77.5437
VA	Skipwith	36.7317	-78.5306
VA	Smithfield	36.9811	-76.6368
VA	Somerset	38.2047	-78.2504
VA	Somerville	38.5217	-77.6097
VA	South Boston	36.6963	-78.9188
VA	South Hill	36.7124	-78.1534
VA	Sparta	37.9917	-77.2306
VA	Speedwell	36.7998	-81.1834
VA	Spencer	36.5968	-80.0373
VA	Sperryville	38.6203	-78.2466
VA	Spotsylvania	38.1995	-77.6487
VA	Spout Spring	37.3643	-78.9059
VA	Spring Grove	37.1901	-76.9923
VA	Springfield	38.7797	-77.1866
VA	Stafford	38.4586	-77.4306
VA	Staffordsville	37.2454	-80.7403
VA	Stanardsville	38.3026	-78.4708
VA	Stanley	38.5660	-78.5093
VA	Stanleytown	36.7348	-79.9355
VA	Star Tannery	39.0908	-78.4343
VA	State Farm	37.6453	-77.8283
VA	Staunton	38.1451	-79.0752
VA	Steeles Tavern	37.9256	-79.2028
VA	Stephens City	39.0834	-78.1907
VA	Stephenson	39.1973	-78.0941
VA	Sterling	39.0061	-77.4288
VA	Stevensburg	38.4441	-77.8842
VA	Stevensville	37.7146	-76.9352
VA	Stony Creek	36.9361	-77.4443
VA	Strasburg	39.0562	-78.3595
VA	Stratford	38.1206	-76.8111
VA	Stuart	36.6517	-80.2392
VA	Stuarts Draft	38.0144	-79.0298
VA	Studley	37.6756	-77.2911
VA	Suffolk	36.8668	-76.5598
VA	Sugar Grove	36.7736	-81.4084
VA	Sumerduck	38.4674	-77.7044
VA	Surry	37.1260	-76.7651
VA	Susan	37.3619	-76.3186
VA	Sussex	36.9150	-77.2794
VA	Sutherland	37.1901	-77.5655
VA	Sutherlin	36.6258	-79.1950
VA	Sweet Briar	37.5528	-79.0667
VA	Swoope	38.1591	-79.1873
VA	Swords Creek	37.0738	-81.9084
VA	Syria	38.4972	-78.3229
VA	Tangier	37.8245	-75.9930
VA	Tannersville	36.9763	-81.6280
VA	Tappahannock	37.9146	-76.9125
VA	Tasley	37.7103	-75.7008
VA	Tazewell	37.1078	-81.5100
VA	Temperanceville	37.8954	-75.5528
VA	Thaxton	37.3600	-79.6522
VA	The Plains	38.8619	-77.7742
VA	Thornburg	38.1333	-77.5219
VA	Timberville	38.6476	-78.7717
VA	Toano	37.3901	-76.8253
VA	Toms Brook	38.9702	-78.4038
VA	Topping	37.5978	-76.4549
VA	Townsend	37.1844	-75.9586
VA	Trevilians	38.0514	-78.0731
VA	Triangle	38.5509	-77.3229
VA	Troutdale	36.6855	-81.4350
VA	Troutville	37.4019	-79.8786
VA	Troy	37.9636	-78.2535
VA	Tyro	37.8214	-79.0050
VA	Union Hall	37.0131	-79.6864
VA	Unionville	38.2383	-77.9193
VA	University Of Richmond	37.5737	-77.5407
VA	Upperville	39.0008	-77.8719
VA	Urbanna	37.6550	-76.6126
VA	Valentines	36.5650	-77.8384
VA	Vansant	37.1738	-82.1277
VA	Vernon Hill	36.7867	-79.1109
VA	Verona	38.2037	-79.0059
VA	Vesta	36.7167	-80.3581
VA	Vesuvius	37.8378	-79.2135
VA	Victoria	36.9835	-78.2372
VA	Vienna	38.8935	-77.2532
VA	Viewtown	38.6457	-78.0258
VA	Village	37.9489	-76.6044
VA	Villamont	37.3953	-79.7764
VA	Vinton	37.2711	-79.8355
VA	Virgilina	36.6062	-78.7605
VA	Virginia Beach	36.8527	-75.9783
VA	Wachapreague	37.6042	-75.6900
VA	Wake	37.5681	-76.4323
VA	Wakefield	36.9757	-76.9790
VA	Walkerton	37.7554	-77.0185
VA	Wallops Island	37.8273	-75.5065
VA	Wardtown	37.5347	-75.8772
VA	Ware Neck	37.4025	-76.4589
VA	Warfield	36.9011	-77.7673
VA	Warm Springs	38.0851	-79.8078
VA	Warrenton	38.7063	-77.8159
VA	Warsaw	37.9500	-76.7365
VA	Washington	38.7078	-78.1566
VA	Water View	37.7105	-76.6227
VA	Waterford	39.1867	-77.6103
VA	Wattsville	37.9339	-75.5000
VA	Waverly	37.0250	-77.1055
VA	Waynesboro	38.0774	-78.9035
VA	Weber City	36.6202	-82.5452
VA	Weems	37.6847	-76.4313
VA	West Augusta	38.2744	-79.3201
VA	West Mclean	38.9287	-77.2397
VA	West Point	37.5556	-76.8237
VA	Weyers Cave	38.2931	-78.9235
VA	White Hall	38.1178	-78.6617
VA	White Marsh	37.3422	-76.5217
VA	White Plains	36.6335	-77.9592
VA	White Post	39.0580	-78.1105
VA	White Stone	37.6475	-76.3686
VA	Whitetop	36.6106	-81.5839
VA	Whitewood	37.2644	-81.8904
VA	Wicomico	37.2908	-76.5097
VA	Wicomico Church	37.7790	-76.3565
VA	Williamsburg	37.2627	-76.7017
VA	Williamsville	38.1779	-79.6506
VA	Willis	36.8749	-80.4909
VA	Willis Wharf	37.5156	-75.8069
VA	Wilsons	37.1157	-77.8352
VA	Winchester	39.1581	-78.2313
VA	Windsor	36.8369	-76.7324
VA	Wingina	37.6415	-78.7557
VA	Wirtz	37.0818	-79.7573
VA	Wise	36.9750	-82.5947
VA	Withams	37.9456	-75.5775
VA	Wolford	37.3644	-81.9914
VA	Wolftown	38.3556	-78.3478
VA	Woodberry Forest	38.2139	-78.0536
VA	Woodbridge	38.6356	-77.2683
VA	Woodford	38.0847	-77.4399
VA	Woodlawn	36.7879	-80.8824
VA	Woods Cross Roads	37.4364	-76.5458
VA	Woodstock	38.8870	-78.5217
VA	Woodville	38.6482	-78.1739
VA	Woolwine	36.7921	-80.2774
VA	Wylliesburg	36.8390	-78.6127
VA	Wytheville	36.9407	-81.0941
VA	Yale	36.8373	-77.2870
VA	Yorktown	37.2287	-76.5423
VA	Zacata	38.1200	-76.7825
VA	Zuni	36.8437	-76.8110
VT	Adamant	44.3575	-72.5046
VT	Albany	44.7344	-72.3418
VT	Alburgh	44.9685	-73.2810
VT	Arlington	43.0857	-73.1594
VT	Ascutney	43.4069	-72.4075
VT	Averill	44.9923	-71.7003
VT	Bakersfield	44.7905	-72.7968
VT	Barnard	43.7286	-72.6194
VT	Barnet	44.3179	-72.0783
VT	Barre	44.1945	-72.4936
VT	Barton	44.7395	-72.1600
VT	Beebe Plain	45.0053	-72.1411
VT	Beecher Falls	45.0061	-71.5199
VT	Bellows Falls	43.1482	-72.4664
VT	Belmont	43.4284	-72.8257
VT	Belvidere Center	44.7500	-72.6917
VT	Bennington	42.8827	-73.1923
VT	Benson	43.5947	-73.2661
VT	Bethel	43.8195	-72.6528
VT	Bomoseen	43.6224	-73.2064
VT	Bondville	43.1618	-72.9128
VT	Bradford	44.0006	-72.1406
VT	Brandon	43.8065	-73.0882
VT	Brattleboro	42.8574	-72.5933
VT	Bridgewater	43.5804	-72.6467
VT	Bridgewater Corners	43.6021	-72.6822
VT	Bridport	43.9538	-73.3476
VT	Bristol	44.1460	-73.0717
VT	Brookfield	44.0321	-72.5953
VT	Brownsville	43.4646	-72.4944
VT	Burlington	44.4840	-73.2199
VT	Cabot	44.4042	-72.3064
VT	Calais	44.3934	-72.4741
VT	Cambridge	44.6510	-72.8657
VT	Cambridgeport	43.1534	-72.5655
VT	Canaan	44.9764	-71.5602
VT	Castleton	43.6223	-73.1708
VT	Cavendish	43.3766	-72.6092
VT	Center Rutland	43.6023	-73.0170
VT	Charlotte	44.3113	-73.2280
VT	Chelsea	44.0039	-72.4793
VT	Chester	43.2831	-72.6031
VT	Chester Depot	43.2628	-72.5956
VT	Chittenden	43.7034	-72.9360
VT	Colchester	44.5489	-73.1862
VT	Concord	44.4461	-71.8676
VT	Corinth	44.0325	-72.2822
VT	Coventry	44.8809	-72.2545
VT	Craftsbury	44.6434	-72.3660
VT	Craftsbury Common	44.6529	-72.4146
VT	Cuttingsville	43.5221	-72.8691
VT	Danby	43.3583	-73.0129
VT	Danville	44.4332	-72.1133
VT	Derby	44.9502	-72.1376
VT	Derby Line	44.9902	-72.0824
VT	Dorset	43.2636	-73.0766
VT	East Arlington	43.0638	-73.1389
VT	East Barre	44.1583	-72.4460
VT	East Berkshire	44.9298	-72.7066
VT	East Burke	44.6078	-71.9357
VT	East Calais	44.3556	-72.4398
VT	East Charleston	44.8299	-71.9763
VT	East Corinth	44.0619	-72.2151
VT	East Dorset	43.2370	-73.0081
VT	East Dover	42.9505	-72.7830
VT	East Fairfield	44.8018	-72.9110
VT	East Hardwick	44.5288	-72.3034
VT	East Haven	44.6517	-71.8675
VT	East Middlebury	43.9733	-73.1067
VT	East Montpelier	44.2828	-72.4926
VT	East Poultney	43.5264	-73.2050
VT	East Randolph	43.9553	-72.5487
VT	East Ryegate	44.1935	-72.0727
VT	East Saint Johnsbury	44.4386	-71.9461
VT	East Thetford	43.8258	-72.1967
VT	East Wallingford	43.4461	-72.8844
VT	Eden	44.7343	-72.5863
VT	Eden Mills	44.6931	-72.5134
VT	Enosburg Falls	44.8985	-72.7910
VT	Essex	44.4919	-73.1094
VT	Essex Junction	44.5035	-73.0906
VT	Fair Haven	43.6234	-73.2701
VT	Fairfax	44.6924	-73.0241
VT	Fairfield	44.7841	-73.0222
VT	Fairlee	43.9010	-72.1902
VT	Ferrisburgh	44.2128	-73.2586
VT	Florence	43.7093	-73.0790
VT	Forest Dale	43.8278	-73.0542
VT	Franklin	44.9614	-72.9037
VT	Gaysville	43.7529	-72.7311
VT	Gilman	44.4140	-71.7179
VT	Glover	44.7200	-72.2038
VT	Grafton	43.1601	-72.5972
VT	Granby	44.5706	-71.7592
VT	Grand Isle	44.7197	-73.3056
VT	Graniteville	44.1573	-72.4845
VT	Granville	43.9849	-72.8245
VT	Greensboro	44.5951	-72.2850
VT	Greensboro Bend	44.5485	-72.2525
VT	Groton	44.2204	-72.2175
VT	Guildhall	44.6902	-71.5991
VT	Hancock	43.9125	-72.9133
VT	Hardwick	44.5070	-72.3638
VT	Hartford	43.6606	-72.3389
VT	Hartland	43.5708	-72.4131
VT	Hartland Four Corners	43.5464	-72.4250
VT	Highgate Center	44.9404	-73.0155
VT	Highgate Springs	44.9794	-73.1058
VT	Hinesburg	44.3346	-73.0980
VT	Huntington	44.3227	-72.9964
VT	Hyde Park	44.6225	-72.5950
VT	Hydeville	43.6056	-73.2286
VT	Irasburg	44.8081	-72.2763
VT	Island Pond	44.8095	-71.8840
VT	Isle La Motte	44.8748	-73.3391
VT	Jacksonville	42.7778	-72.8071
VT	Jamaica	43.1042	-72.7944
VT	Jeffersonville	44.6625	-72.7806
VT	Jericho	44.4843	-72.9794
VT	Johnson	44.6420	-72.6712
VT	Jonesville	44.3839	-72.9381
VT	Killington	43.6634	-72.7963
VT	Lake Elmore	44.5617	-72.5989
VT	Londonderry	43.2240	-72.8018
VT	Lowell	44.7961	-72.4501
VT	Lower Waterford	44.3544	-71.9075
VT	Ludlow	43.3929	-72.7002
VT	Lunenburg	44.4663	-71.6930
VT	Lyndon	44.5142	-72.0114
VT	Lyndon Center	44.5472	-72.0311
VT	Lyndonville	44.5408	-72.0092
VT	Manchester	43.1636	-73.0728
VT	Manchester Center	43.1752	-73.0523
VT	Marlboro	42.8594	-72.7264
VT	Marshfield	44.3218	-72.3750
VT	Mc Indoe Falls	44.2617	-72.0647
VT	Middlebury	44.0070	-73.1661
VT	Middletown Springs	43.4849	-73.1145
VT	Milton	44.6483	-73.1317
VT	Monkton	44.2275	-73.1306
VT	Montgomery	44.9025	-72.6386
VT	Montgomery Center	44.8746	-72.5994
VT	Montpelier	44.2574	-72.5698
VT	Moretown	44.2596	-72.7494
VT	Morgan	44.9066	-71.9941
VT	Morrisville	44.5543	-72.6026
VT	Moscow	44.4414	-72.7158
VT	Mount Holly	43.4487	-72.7956
VT	New Haven	44.1126	-73.1735
VT	Newbury	44.0966	-72.1072
VT	Newfane	42.9704	-72.6781
VT	Newport	44.9393	-72.2065
VT	Newport Center	44.9442	-72.2974
VT	North Bennington	42.9239	-73.2375
VT	North Clarendon	43.5522	-72.9561
VT	North Concord	44.5501	-71.7867
VT	North Ferrisburgh	44.2515	-73.2033
VT	North Hartland	43.5967	-72.3526
VT	North Hero	44.8294	-73.2842
VT	North Hyde Park	44.6706	-72.5986
VT	North Montpelier	44.2566	-72.4821
VT	North Pomfret	43.7204	-72.4943
VT	North Pownal	42.8098	-73.2534
VT	North Springfield	43.3355	-72.5291
VT	North Thetford	43.8431	-72.1861
VT	North Troy	44.9619	-72.4572
VT	Northfield	44.1500	-72.6598
VT	Northfield Falls	44.1719	-72.6514
VT	Norton	44.9888	-71.7884
VT	Norwich	43.7404	-72.3016
VT	Orleans	44.8054	-72.1653
VT	Orwell	43.7837	-73.2949
VT	Passumpsic	44.3767	-72.0281
VT	Pawlet	43.3587	-73.1444
VT	Peacham	44.3356	-72.1770
VT	Perkinsville	43.3879	-72.5038
VT	Peru	43.2565	-72.8868
VT	Pittsfield	43.7538	-72.8534
VT	Pittsford	43.7152	-73.0135
VT	Plainfield	44.2622	-72.4224
VT	Plymouth	43.4987	-72.7107
VT	Post Mills	43.8933	-72.2620
VT	Poultney	43.5332	-73.2253
VT	Pownal	42.7880	-73.2162
VT	Proctor	43.6580	-73.0348
VT	Proctorsville	43.4005	-72.6196
VT	Putney	43.0356	-72.5123
VT	Quechee	43.6461	-72.4189
VT	Randolph	43.9444	-72.6726
VT	Randolph Center	43.9379	-72.5970
VT	Reading	43.4793	-72.5704
VT	Readsboro	42.7837	-72.9609
VT	Richford	44.9715	-72.6905
VT	Richmond	44.3998	-72.9933
VT	Ripton	43.9929	-73.0187
VT	Rochester	43.8804	-72.8159
VT	Roxbury	44.0846	-72.7202
VT	Rupert	43.2597	-73.2233
VT	Rutland	43.6141	-72.9708
VT	Saint Albans	44.8111	-73.0890
VT	Saint Albans Bay	44.8078	-73.1397
VT	Saint Johnsbury	44.4272	-72.0051
VT	Saint Johnsbury Center	44.4567	-72.0161
VT	Salisbury	43.9017	-73.1008
VT	Saxtons River	43.1379	-72.5081
VT	Shaftsbury	42.9614	-73.2166
VT	Sharon	43.7748	-72.4243
VT	Sheffield	44.6178	-72.1239
VT	Shelburne	44.3900	-73.2171
VT	Sheldon	44.8872	-72.9530
VT	Sheldon Springs	44.9061	-72.9781
VT	Shoreham	43.8862	-73.3054
VT	South Barre	44.1769	-72.5061
VT	South Burlington	44.4513	-73.1796
VT	South Hero	44.6400	-73.3113
VT	South Londonderry	43.1831	-72.8118
VT	South Newfane	42.9381	-72.7058
VT	South Pomfret	43.6797	-72.5349
VT	South Royalton	43.8089	-72.5232
VT	South Ryegate	44.2111	-72.1296
VT	South Strafford	43.8282	-72.3700
VT	South Woodstock	43.5601	-72.5384
VT	Springfield	43.3034	-72.4778
VT	Stamford	42.7696	-73.0691
VT	Starksboro	44.2261	-73.0157
VT	Stockbridge	43.7738	-72.7814
VT	Stowe	44.4695	-72.6923
VT	Strafford	43.8723	-72.3636
VT	Sutton	44.6465	-72.0211
VT	Swanton	44.9168	-73.1211
VT	Taftsville	43.6298	-72.4673
VT	Thetford	43.8211	-72.2544
VT	Thetford Center	43.8149	-72.2662
VT	Topsham	44.0639	-72.2228
VT	Townshend	43.0622	-72.6687
VT	Troy	44.9594	-72.3938
VT	Tunbridge	43.9169	-72.4786
VT	Underhill	44.5391	-72.9258
VT	Underhill Center	44.5075	-72.9000
VT	Vergennes	44.1326	-73.2793
VT	Vernon	42.7565	-72.5115
VT	Vershire	43.9618	-72.3190
VT	Waitsfield	44.1889	-72.8283
VT	Wallingford	43.4573	-72.9877
VT	Wardsboro	43.0326	-72.8077
VT	Warren	44.1142	-72.8482
VT	Washington	44.0864	-72.4300
VT	Waterbury	44.3378	-72.7567
VT	Waterbury Center	44.3828	-72.7080
VT	Waterville	44.7124	-72.7596
VT	Websterville	44.1606	-72.4700
VT	Wells	43.4305	-73.2027
VT	Wells River	44.1524	-72.0530
VT	West Burke	44.6636	-71.9572
VT	West Charleston	44.8729	-72.0521
VT	West Danville	44.4465	-72.2198
VT	West Dover	42.9560	-72.8542
VT	West Dummerston	42.9264	-72.6158
VT	West Fairlee	43.9223	-72.2616
VT	West Glover	44.7031	-72.2599
VT	West Halifax	42.7761	-72.7501
VT	West Hartford	43.7161	-72.4446
VT	West Newbury	44.0644	-72.1253
VT	West Pawlet	43.3667	-73.2313
VT	West Rupert	43.2618	-73.2028
VT	West Rutland	43.5781	-73.0424
VT	West Topsham	44.1199	-72.2701
VT	West Townshend	43.1300	-72.7210
VT	West Wardsboro	43.0472	-72.8805
VT	Westfield	44.8825	-72.4396
VT	Westford	44.6182	-73.0060
VT	Westminster	43.0694	-72.4622
VT	Westminster Station	43.0856	-72.4397
VT	Weston	43.2941	-72.7935
VT	White River Junction	43.6634	-72.3504
VT	Whiting	43.8750	-73.2133
VT	Whitingham	42.7901	-72.8560
VT	Wilder	43.6728	-72.3092
VT	Williamstown	44.1182	-72.5381
VT	Williamsville	42.9482	-72.6584
VT	Williston	44.4367	-73.0957
VT	Wilmington	42.8812	-72.8613
VT	Windsor	43.4760	-72.4110
VT	Winooski	44.4949	-73.1874
VT	Wolcott	44.5558	-72.4844
VT	Woodbury	44.4325	-72.4178
VT	Woodstock	43.6248	-72.5385
VT	Worcester	44.3944	-72.5609
WA	Aberdeen	46.9843	-123.7963
WA	Acme	48.6752	-122.1914
WA	Addy	48.4477	-117.8924
WA	Adna	46.6292	-123.0600
WA	Airway Heights	47.6447	-117.5922
WA	Albion	46.7911	-117.2494
WA	Allyn	47.3850	-122.8536
WA	Almira	47.7632	-118.9123
WA	Amanda Park	47.4706	-123.9074
WA	Amboy	45.9195	-122.4574
WA	Anacortes	48.5004	-122.6309
WA	Anatone	46.1285	-117.0883
WA	Anderson Island	47.1587	-122.6960
WA	Appleton	45.9090	-121.1486
WA	Ardenvoir	47.7375	-120.3678
WA	Ariel	45.9952	-122.4677
WA	Arlington	48.1829	-122.1121
WA	Ashford	46.7531	-121.9898
WA	Asotin	46.1343	-117.0015
WA	Auburn	47.3163	-122.2701
WA	Bainbridge Island	47.6450	-122.5313
WA	Baring	47.7578	-121.4476
WA	Battle Ground	45.7907	-122.5318
WA	Bay Center	46.6317	-123.9536
WA	Beaver	48.0673	-124.3054
WA	Belfair	47.4550	-122.8224
WA	Bellevue	47.6199	-122.2074
WA	Bellingham	48.7490	-122.4887
WA	Belmont	47.0881	-117.1614
WA	Benge	46.8676	-117.9699
WA	Benton City	46.2806	-119.4913
WA	Beverly	46.8484	-119.9121
WA	Bickleton	45.9597	-120.1042
WA	Bingen	45.6341	-121.1758
WA	Black Diamond	47.3114	-122.0053
WA	Blaine	48.9636	-122.7323
WA	Blakely Island	48.5128	-122.6114
WA	Bonney Lake	47.1819	-122.1739
WA	Bothell	47.7497	-122.2159
WA	Bow	48.5620	-122.4134
WA	Boyds	48.6919	-118.1991
WA	Bremerton	47.6019	-122.6299
WA	Brewster	48.1206	-119.7720
WA	Bridgeport	48.0161	-119.7028
WA	Brinnon	47.6776	-122.9375
WA	Brownstown	46.4044	-120.6058
WA	Brush Prairie	45.7304	-122.4843
WA	Buckley	47.1524	-122.0621
WA	Bucoda	46.7992	-122.8686
WA	Buena	46.4289	-120.3122
WA	Burbank	46.2000	-119.0119
WA	Burley	47.4181	-122.6297
WA	Burlington	48.4786	-122.3345
WA	Burton	47.3892	-122.4594
WA	Camano Island	48.1917	-122.5139
WA	Camas	45.6058	-122.4142
WA	Camp Murray	47.1170	-122.5663
WA	Carbonado	47.0802	-122.0513
WA	Carlsborg	48.0908	-123.1708
WA	Carlton	48.2526	-120.1055
WA	Carnation	47.6380	-121.9111
WA	Carrolls	46.0717	-122.8611
WA	Carson	45.7493	-121.8351
WA	Cashmere	47.5173	-120.5033
WA	Castle Rock	46.2783	-122.9139
WA	Cathlamet	46.1954	-123.3627
WA	Centerville	45.7032	-120.9460
WA	Centralia	46.7246	-122.9671
WA	Chattaroy	47.9192	-117.2921
WA	Chehalis	46.6382	-122.9658
WA	Chelan	47.8483	-120.0273
WA	Chelan Falls	47.8017	-119.9847
WA	Cheney	47.4943	-117.5834
WA	Chewelah	48.2876	-117.7754
WA	Chimacum	47.9861	-122.7883
WA	Chinook	46.2731	-123.9442
WA	Cinebar	46.5671	-122.5660
WA	Clallam Bay	48.2255	-124.2015
WA	Clarkston	46.3946	-117.0645
WA	Clayton	47.9552	-117.5740
WA	Cle Elum	47.2063	-120.9685
WA	Clearlake	48.4644	-122.2328
WA	Clinton	47.9508	-122.3916
WA	Colbert	47.8411	-117.3759
WA	Colfax	46.8800	-117.3670
WA	College Place	46.0457	-118.3853
WA	Colton	46.5901	-117.1692
WA	Colville	48.5780	-117.8645
WA	Conconully	48.5575	-119.7486
WA	Concrete	48.5310	-121.6643
WA	Connell	46.6643	-118.8545
WA	Conway	48.3406	-122.3417
WA	Copalis Beach	47.0650	-124.1359
WA	Copalis Crossing	47.1253	-124.1347
WA	Cosmopolis	46.9538	-123.7739
WA	Cougar	46.0690	-122.2942
WA	Coulee City	47.5966	-119.2758
WA	Coulee Dam	48.1739	-119.1809
WA	Coupeville	48.2189	-122.6823
WA	Cowiche	46.6661	-120.7149
WA	Creston	47.7977	-118.5307
WA	Curlew	48.9108	-118.6452
WA	Curtis	46.5584	-123.1570
WA	Cusick	48.3915	-117.3295
WA	Custer	48.9374	-122.6226
WA	Dallesport	45.6175	-121.1783
WA	Danville	48.9725	-118.4884
WA	Darrington	48.2493	-121.5918
WA	Davenport	47.6809	-118.1667
WA	Dayton	46.3075	-117.9738
WA	Deer Harbor	48.6203	-122.9983
WA	Deer Park	47.9486	-117.4436
WA	Deming	48.8034	-122.1540
WA	Dixie	46.1403	-118.1542
WA	Doty	46.6347	-123.2764
WA	Dryden	47.5414	-120.5597
WA	Dupont	47.0969	-122.6300
WA	Duvall	47.7250	-121.9369
WA	East Olympia	46.9678	-122.8344
WA	East Wenatchee	47.4186	-120.2731
WA	Easton	47.2372	-121.1778
WA	Eastsound	48.6656	-122.9370
WA	Eatonville	46.8708	-122.2696
WA	Edmonds	47.8007	-122.3669
WA	Edwall	47.5379	-117.9071
WA	Elbe	46.7666	-122.1503
WA	Electric City	47.9264	-119.0367
WA	Elk	48.0205	-117.2963
WA	Ellensburg	46.9996	-120.5163
WA	Elma	47.0058	-123.3997
WA	Elmer City	47.9981	-118.9533
WA	Eltopia	46.4750	-119.1013
WA	Endicott	46.9364	-117.7230
WA	Entiat	47.7057	-120.2760
WA	Enumclaw	47.2665	-122.0314
WA	Ephrata	47.2771	-119.5336
WA	Ethel	46.5358	-122.7760
WA	Evans	48.7458	-118.0001
WA	Everett	47.9884	-122.2006
WA	Everson	48.9045	-122.3325
WA	Fairchild Air Force Base	47.6131	-117.6437
WA	Fairfield	47.3987	-117.1921
WA	Fall City	47.5682	-121.8896
WA	Farmington	47.0847	-117.0763
WA	Federal Way	47.3203	-122.3117
WA	Ferndale	48.8625	-122.5953
WA	Ford	47.9169	-117.8119
WA	Forks	47.9287	-124.3989
WA	Four Lakes	47.5614	-117.5931
WA	Fox Island	47.2524	-122.6286
WA	Freeland	48.0342	-122.5641
WA	Friday Harbor	48.5454	-123.0947
WA	Fruitland	47.9797	-118.2159
WA	Galvin	46.7425	-123.0258
WA	Garfield	46.9946	-117.1523
WA	George	47.0792	-119.8547
WA	Gifford	48.2229	-118.1299
WA	Gig Harbor	47.3786	-122.7000
WA	Glenoma	46.5283	-122.0990
WA	Glenwood	46.0071	-121.2885
WA	Gold Bar	47.8569	-121.6958
WA	Goldendale	45.8320	-120.8130
WA	Goose Prairie	46.7311	-120.6983
WA	Graham	47.0246	-122.2936
WA	Grand Coulee	47.9385	-118.9978
WA	Grandview	46.2538	-119.9157
WA	Granger	46.3480	-120.1818
WA	Granite Falls	48.0790	-121.9428
WA	Grapeview	47.3058	-122.9497
WA	Grayland	46.8532	-124.0562
WA	Grays River	46.3535	-123.5888
WA	Greenacres	47.6584	-117.1568
WA	Greenbank	48.1244	-122.5871
WA	Hamilton	48.5217	-121.9881
WA	Hansville	47.9061	-122.5655
WA	Harrah	46.4104	-120.5736
WA	Harrington	47.4555	-118.2778
WA	Hartline	47.7256	-119.1045
WA	Hay	46.6789	-117.9147
WA	Heisson	45.8250	-122.4900
WA	Hobart	47.4219	-121.9717
WA	Hoodsport	47.4235	-123.1739
WA	Hooper	46.7544	-118.1469
WA	Hoquiam	46.9823	-123.8842
WA	Humptulips	47.1356	-123.9717
WA	Hunters	48.1333	-118.1525
WA	Husum	45.7994	-121.4858
WA	Ilwaco	46.3142	-124.0282
WA	Inchelium	48.2924	-118.3552
WA	Index	47.8208	-121.5539
WA	Indianola	47.7472	-122.5244
WA	Ione	48.7130	-117.4049
WA	Issaquah	47.5509	-122.0335
WA	Joyce	48.1367	-123.7328
WA	Kahlotus	46.6433	-118.5558
WA	Kalama	46.0112	-122.8166
WA	Kapowsin	46.9858	-122.2244
WA	Keller	48.0236	-118.6547
WA	Kelso	46.1485	-122.8870
WA	Kenmore	47.7575	-122.2428
WA	Kennewick	46.2109	-119.1680
WA	Kent	47.3695	-122.1949
WA	Kettle Falls	48.6364	-118.0548
WA	Keyport	47.7022	-122.6197
WA	Kingston	47.8108	-122.5255
WA	Kirkland	47.6786	-122.1894
WA	Kittitas	46.9833	-120.4158
WA	Klickitat	45.7515	-121.2292
WA	La Center	45.8806	-122.6240
WA	La Conner	48.4093	-122.5313
WA	La Grande	46.8344	-122.3175
WA	La Push	47.9089	-124.6353
WA	Lacey	47.0240	-122.7827
WA	Lacrosse	46.7717	-117.7703
WA	Lake Stevens	48.0171	-122.0672
WA	Lakebay	47.2474	-122.7427
WA	Lakewood	47.1229	-122.5293
WA	Lamona	47.3594	-118.4814
WA	Lamont	47.1730	-117.8302
WA	Langley	48.0187	-122.4530
WA	Latah	47.3038	-117.1688
WA	Laurier	48.9989	-118.2231
WA	Leavenworth	47.6438	-120.6748
WA	Lebam	46.5592	-123.5478
WA	Liberty Lake	47.6517	-117.0838
WA	Lilliwaup	47.5128	-123.0631
WA	Lincoln	47.7820	-118.4810
WA	Lind	46.9560	-118.7061
WA	Littlerock	46.9019	-123.0167
WA	Long Beach	46.3774	-124.0470
WA	Longbranch	47.2007	-122.7561
WA	Longmire	46.7500	-121.8114
WA	Longview	46.1514	-122.9634
WA	Loomis	48.8696	-119.6427
WA	Loon Lake	48.0784	-117.6325
WA	Lopez Island	48.5208	-122.9674
WA	Lummi Island	48.7128	-122.6823
WA	Lyle	45.7450	-121.2501
WA	Lyman	48.5257	-122.0162
WA	Lynden	48.9372	-122.4592
WA	Lynnwood	47.8118	-122.2878
WA	Mabton	46.2121	-120.0151
WA	Malaga	47.3553	-120.2086
WA	Malden	47.2289	-117.4717
WA	Malo	48.8186	-118.6237
WA	Malone	46.9606	-123.3256
WA	Malott	48.2828	-119.7056
WA	Manchester	47.5561	-122.5436
WA	Mansfield	47.9021	-119.4053
WA	Manson	47.8958	-120.1490
WA	Maple Falls	48.9244	-122.0758
WA	Maple Valley	47.3845	-122.0574
WA	Marblemount	48.5278	-121.4483
WA	Marcus	48.6633	-118.0672
WA	Marlin	47.3209	-119.0909
WA	Marshall	47.5650	-117.4983
WA	Marysville	48.0656	-122.1562
WA	Matlock	47.1775	-123.3376
WA	Mattawa	46.6794	-119.9161
WA	Mazama	48.5977	-120.3880
WA	Mcchord Afb	47.1286	-122.5231
WA	Mccleary	47.0540	-123.2733
WA	Mckenna	46.9361	-122.5544
WA	Mead	47.7933	-117.3117
WA	Medical Lake	47.5837	-117.6794
WA	Medina	47.6211	-122.2264
WA	Menlo	46.6217	-123.6458
WA	Mercer Island	47.5631	-122.2266
WA	Mesa	46.5782	-119.1373
WA	Metaline	48.8506	-117.3897
WA	Metaline Falls	48.8597	-117.3633
WA	Methow	48.0900	-120.0059
WA	Mica	47.5538	-117.1637
WA	Mill Creek	47.8603	-122.2031
WA	Milton	47.2483	-122.3155
WA	Mineral	46.7096	-122.1861
WA	Moclips	47.2226	-124.2044
WA	Mohler	47.4811	-118.2533
WA	Monitor	47.4869	-120.4169
WA	Monroe	47.8585	-121.9474
WA	Montesano	47.0901	-123.5006
WA	Morton	46.5581	-122.2496
WA	Moses Lake	47.1374	-119.2891
WA	Mossyrock	46.5131	-122.4789
WA	Mount Vernon	48.4164	-122.3265
WA	Mountlake Terrace	47.7931	-122.3040
WA	Moxee	46.5542	-120.3685
WA	Mukilteo	47.9199	-122.3019
WA	Naches	46.7353	-120.8267
WA	Nahcotta	46.4986	-124.0322
WA	Napavine	46.5747	-122.9069
WA	Naselle	46.3528	-123.8044
WA	Neah Bay	48.3683	-124.6236
WA	Neilton	47.4131	-123.8792
WA	Nespelem	48.1672	-118.9736
WA	Newman Lake	47.7274	-117.0640
WA	Newport	48.1695	-117.1508
WA	Nine Mile Falls	47.8019	-117.5894
WA	Nooksack	48.9278	-122.3203
WA	Nordland	48.0432	-122.6926
WA	North Bend	47.4755	-121.7571
WA	North Bonneville	45.6375	-121.9750
WA	North Lakewood	48.1519	-122.2075
WA	Northport	48.9247	-117.7931
WA	Oak Harbor	48.3151	-122.6374
WA	Oakesdale	47.0806	-117.2803
WA	Oakville	46.8434	-123.2493
WA	Ocean Park	46.5029	-124.0436
WA	Ocean Shores	46.9829	-124.1532
WA	Odessa	47.3395	-118.6983
WA	Okanogan	48.3513	-119.6046
WA	Olalla	47.4241	-122.5745
WA	Olga	48.6555	-122.8362
WA	Olympia	47.0129	-122.8763
WA	Omak	48.4143	-119.5272
WA	Onalaska	46.5730	-122.7075
WA	Orcas	48.5981	-122.9433
WA	Orient	48.8661	-118.2017
WA	Orondo	47.6969	-120.1721
WA	Oroville	48.9397	-119.4032
WA	Orting	47.0822	-122.1860
WA	Othello	46.7925	-119.3164
WA	Otis Orchards	47.7027	-117.1121
WA	Outlook	46.3525	-120.0970
WA	Oysterville	46.5492	-124.0269
WA	Pacific	47.2666	-122.2435
WA	Pacific Beach	47.1981	-124.1588
WA	Packwood	46.6500	-121.6553
WA	Palisades	47.4694	-119.8023
WA	Palouse	46.9076	-117.0855
WA	Paradise Inn	46.7183	-121.6706
WA	Parker	46.5011	-120.4642
WA	Pasco	46.2492	-119.1044
WA	Pateros	48.0591	-119.9133
WA	Paterson	45.9911	-119.7559
WA	Pe Ell	46.5656	-123.2852
WA	Peshastin	47.5813	-120.6139
WA	Plymouth	46.0382	-119.5030
WA	Point Roberts	48.9879	-123.0555
WA	Pomeroy	46.4698	-117.5993
WA	Port Angeles	48.1065	-123.4384
WA	Port Gamble	47.8544	-122.5825
WA	Port Hadlock	48.0345	-122.7682
WA	Port Ludlow	47.9222	-122.6896
WA	Port Orchard	47.5048	-122.6153
WA	Port Townsend	48.1040	-122.7945
WA	Poulsbo	47.7423	-122.6277
WA	Prescott	46.3539	-118.4097
WA	Preston	47.5239	-121.9258
WA	Prosser	46.2232	-119.7710
WA	Pullman	46.7352	-117.1729
WA	Puyallup	47.1991	-122.3151
WA	Quilcene	47.8324	-122.8583
WA	Quinault	47.4485	-123.8037
WA	Quincy	47.1976	-119.8459
WA	Rainier	46.8829	-122.6795
WA	Randle	46.5492	-121.8555
WA	Ravensdale	47.4155	-121.9879
WA	Raymond	46.6710	-123.6929
WA	Reardan	47.7054	-117.8663
WA	Redmond	47.6718	-122.1232
WA	Redondo	47.3486	-122.3222
WA	Renton	47.4648	-122.2075
WA	Republic	48.6704	-118.6999
WA	Retsil	47.5461	-122.6100
WA	Rice	48.4062	-118.1249
WA	Richland	46.2833	-119.2892
WA	Ridgefield	45.7846	-122.6934
WA	Ritzville	47.1315	-118.3958
WA	Riverside	48.4876	-119.5803
WA	Rochester	46.8193	-123.0406
WA	Rock Island	47.3706	-120.1378
WA	Rockford	47.4528	-117.1318
WA	Rockport	48.4704	-121.5554
WA	Rollingbay	47.6647	-122.5089
WA	Ronald	47.2353	-121.0222
WA	Roosevelt	45.8296	-120.3566
WA	Rosalia	47.2218	-117.4147
WA	Rosburg	46.3071	-123.6571
WA	Roslyn	47.2236	-120.9919
WA	Roy	46.9560	-122.4483
WA	Royal City	46.9156	-119.5815
WA	Ryderwood	46.3752	-123.0431
WA	Saint John	47.0755	-117.5730
WA	Salkum	46.5151	-122.6454
WA	Sammamish	47.6244	-122.0423
WA	Satsop	47.0033	-123.4822
WA	Seabeck	47.6255	-122.8227
WA	Seahurst	47.4694	-122.3608
WA	Seattle	47.6114	-122.3305
WA	Seaview	46.3347	-124.0533
WA	Sedro Woolley	48.5274	-122.2329
WA	Sekiu	48.3032	-124.4685
WA	Selah	46.6767	-120.5408
WA	Sequim	48.0881	-123.1198
WA	Shaw Island	48.5844	-122.9278
WA	Shelton	47.2086	-123.0729
WA	Silvana	48.2025	-122.2525
WA	Silver Creek	46.5491	-122.4757
WA	Silverdale	47.6920	-122.7161
WA	Silverlake	46.3163	-122.7649
WA	Skamokawa	46.2952	-123.4332
WA	Skykomish	47.6922	-121.3713
WA	Snohomish	47.8954	-122.0716
WA	Snoqualmie	47.5293	-121.8225
WA	Snoqualmie Pass	47.4097	-121.4058
WA	Soap Lake	47.3830	-119.4860
WA	South Bend	46.6544	-123.8203
WA	South Cle Elum	47.1858	-120.9478
WA	South Colby	47.5222	-122.5361
WA	South Prairie	47.1394	-122.0969
WA	Southworth	47.5122	-122.5006
WA	Spanaway	47.0732	-122.3943
WA	Spangle	47.4338	-117.3827
WA	Spokane	47.6665	-117.4365
WA	Sprague	47.3247	-117.9897
WA	Springdale	47.9927	-117.8733
WA	Stanwood	48.2011	-122.3780
WA	Starbuck	46.5197	-118.1278
WA	Startup	47.8681	-121.7392
WA	Stehekin	48.2980	-120.7552
WA	Steilacoom	47.1704	-122.5888
WA	Steptoe	47.0061	-117.3550
WA	Stevenson	45.6882	-121.9093
WA	Stratford	47.4272	-119.2819
WA	Sultan	47.8589	-121.7369
WA	Sumas	48.9708	-122.2074
WA	Sumner	47.2033	-122.2392
WA	Sunnyside	46.3213	-120.0126
WA	Suquamish	47.7343	-122.5573
WA	Tacoma	47.2764	-122.7583
WA	Taholah	47.3407	-124.2827
WA	Tahuya	47.4356	-122.9211
WA	Tekoa	47.2271	-117.0819
WA	Tenino	46.8641	-122.8493
WA	Thornton	47.1253	-117.3864
WA	Thorp	47.0178	-120.6786
WA	Tieton	46.7063	-120.7473
WA	Tokeland	46.7469	-124.0460
WA	Toledo	46.4396	-122.8266
WA	Tonasket	48.7194	-119.3943
WA	Toppenish	46.3751	-120.3305
WA	Touchet	46.0485	-118.6554
WA	Toutle	46.2956	-122.6477
WA	Tracyton	47.6092	-122.6539
WA	Trout Lake	45.9828	-121.5163
WA	Tumtum	47.8982	-117.6990
WA	Tumwater	46.9542	-123.0250
WA	Twisp	48.3632	-120.1350
WA	Underwood	45.7409	-121.5974
WA	Union	47.3513	-123.0344
WA	Uniontown	46.5258	-117.0908
WA	University Place	47.2054	-122.5336
WA	Usk	48.2960	-117.3189
WA	Vader	46.3985	-122.9585
WA	Valley	48.1351	-117.7610
WA	Valleyford	47.5292	-117.2686
WA	Vancouver	45.6418	-122.6801
WA	Vantage	46.9967	-120.5467
WA	Vashon	47.4259	-122.4644
WA	Vaughn	47.3309	-122.7736
WA	Veradale	47.6421	-117.1977
WA	Wahkiacus	45.8156	-121.1486
WA	Waitsburg	46.2691	-118.1447
WA	Waldron	48.6878	-123.0356
WA	Walla Walla	46.0614	-118.3315
WA	Wallula	46.0856	-118.9042
WA	Wapato	46.4507	-120.4265
WA	Warden	46.9770	-119.0539
WA	Washougal	45.5959	-122.3104
WA	Washtucna	46.8209	-118.2862
WA	Waterville	47.6295	-119.9887
WA	Wauconda	48.8224	-118.9469
WA	Wauna	47.3792	-122.6414
WA	Waverly	47.3354	-117.2331
WA	Wellpinit	47.8697	-117.9856
WA	Wenatchee	47.4253	-120.3273
WA	West Richland	46.3044	-119.3603
WA	Westport	46.8836	-124.1061
WA	White Salmon	45.7551	-121.4795
WA	White Swan	46.3716	-120.7453
WA	Wilbur	47.7410	-118.7063
WA	Wilkeson	47.1056	-122.0444
WA	Wilson Creek	47.4233	-119.1197
WA	Winlock	46.4940	-122.9158
WA	Winthrop	48.4756	-120.1805
WA	Wishram	45.6575	-120.9656
WA	Woodinville	47.7684	-122.1271
WA	Woodland	45.9219	-122.7126
WA	Yacolt	45.8622	-122.4275
WA	Yakima	46.6070	-120.4773
WA	Yelm	46.9206	-122.5880
WA	Zillah	46.4158	-120.2662
WI	Abbotsford	44.9641	-90.2994
WI	Abrams	44.7869	-88.0571
WI	Adams	43.8967	-89.8219
WI	Adell	43.6151	-88.0254
WI	Afton	42.6039	-89.0711
WI	Albany	42.7155	-89.4357
WI	Algoma	44.6101	-87.4578
WI	Allenton	43.4681	-88.3539
WI	Alma	44.4294	-91.8079
WI	Alma Center	44.4452	-90.9356
WI	Almena	45.4195	-92.0027
WI	Almond	44.2898	-89.3584
WI	Altoona	44.8021	-91.4382
WI	Amberg	45.4989	-87.9643
WI	Amery	45.3252	-92.3615
WI	Amherst	44.4231	-89.3035
WI	Amherst Junction	44.5065	-89.3038
WI	Aniwa	45.0104	-89.2683
WI	Antigo	45.1314	-89.1419
WI	Appleton	44.2773	-88.3976
WI	Arcadia	44.2539	-91.4805
WI	Arena	43.1521	-89.9386
WI	Argonne	45.6583	-88.8886
WI	Argyle	42.6955	-89.8598
WI	Arkansaw	44.6267	-92.0566
WI	Arkdale	44.0529	-89.8962
WI	Arlington	43.3269	-89.3631
WI	Armstrong Creek	45.6726	-88.4908
WI	Arpin	44.5419	-90.0370
WI	Ashippun	43.2119	-88.5161
WI	Ashland	46.5779	-90.8767
WI	Athelstane	45.4228	-88.1753
WI	Athens	45.0320	-90.0626
WI	Auburndale	44.6378	-90.0136
WI	Augusta	44.6947	-91.1232
WI	Avalon	42.6598	-88.8371
WI	Avoca	43.1571	-90.2889
WI	Babcock	44.3031	-90.0986
WI	Bagley	42.9207	-91.0685
WI	Baileys Harbor	45.0565	-87.1676
WI	Baldwin	44.9657	-92.3655
WI	Balsam Lake	45.4588	-92.4150
WI	Bancroft	44.3065	-89.5304
WI	Bangor	43.8687	-90.9809
WI	Baraboo	43.4825	-89.7462
WI	Barneveld	43.0158	-89.9042
WI	Barron	45.4005	-91.8500
WI	Barronett	45.6190	-92.0196
WI	Bassett	42.5406	-88.2278
WI	Bay City	44.6166	-92.4469
WI	Bayfield	46.8354	-90.8217
WI	Bear Creek	44.5348	-88.7404
WI	Beaver Dam	43.4616	-88.8407
WI	Beetown	42.7950	-90.8853
WI	Beldenville	44.7721	-92.4372
WI	Belgium	43.4995	-87.8509
WI	Belleville	42.8669	-89.5377
WI	Belmont	42.7308	-90.3359
WI	Beloit	42.5229	-89.0399
WI	Benet Lake	42.4981	-88.0817
WI	Benoit	46.5019	-91.0767
WI	Benton	42.5349	-90.3380
WI	Berlin	43.9769	-88.9490
WI	Big Bend	42.8885	-88.2122
WI	Big Falls	44.6156	-89.0161
WI	Birchwood	45.6403	-91.5776
WI	Birnamwood	44.9269	-89.2124
WI	Black Creek	44.4856	-88.4448
WI	Black Earth	43.1322	-89.7390
WI	Black River Falls	44.2921	-90.8480
WI	Blair	44.2968	-91.2235
WI	Blanchardville	42.8062	-89.8555
WI	Blenker	44.6133	-89.9150
WI	Bloomer	45.1025	-91.4900
WI	Bloomington	42.8726	-90.9099
WI	Blue Mounds	43.0050	-89.8345
WI	Blue River	43.2366	-90.5873
WI	Bonduel	44.7379	-88.4390
WI	Boscobel	43.1393	-90.7061
WI	Boulder Junction	46.1112	-89.6325
WI	Bowler	44.9337	-88.9761
WI	Boyceville	45.0642	-92.0248
WI	Boyd	44.9437	-91.0294
WI	Brandon	43.7258	-88.7841
WI	Brantwood	45.5514	-90.1160
WI	Briggsville	43.6759	-89.5803
WI	Brill	45.6028	-91.6719
WI	Brillion	44.1779	-88.0833
WI	Bristol	42.5325	-88.0478
WI	Brodhead	42.6111	-89.3714
WI	Brokaw	45.0272	-89.6531
WI	Brookfield	43.0622	-88.0980
WI	Brooklyn	42.8423	-89.3818
WI	Brownsville	43.6109	-88.5097
WI	Browntown	42.5579	-89.7816
WI	Bruce	45.4479	-91.2906
WI	Brule	46.5763	-91.5539
WI	Brussels	44.7476	-87.6225
WI	Bryant	45.2030	-88.9983
WI	Burlington	42.6660	-88.2749
WI	Burnett	43.5116	-88.7176
WI	Butler	43.1054	-88.0710
WI	Butte Des Morts	44.0994	-88.6539
WI	Butternut	46.0184	-90.4821
WI	Cable	46.2172	-91.2244
WI	Cadott	44.9630	-91.1699
WI	Caledonia	42.8295	-87.9228
WI	Cambria	43.5724	-89.1156
WI	Cambridge	42.9918	-89.0209
WI	Cameron	45.4038	-91.7310
WI	Camp Douglas	43.9367	-90.2689
WI	Camp Lake	42.5347	-88.1436
WI	Campbellsport	43.6042	-88.2729
WI	Caroline	44.7276	-88.8887
WI	Cascade	43.6591	-88.0947
WI	Casco	44.5833	-87.6231
WI	Cashton	43.7456	-90.7612
WI	Cassville	42.7288	-90.9608
WI	Cataract	44.0878	-90.8422
WI	Catawba	45.5081	-90.5146
WI	Cazenovia	43.4987	-90.2796
WI	Cecil	44.8110	-88.4183
WI	Cedar Grove	43.5751	-87.8401
WI	Cedarburg	43.3034	-88.0029
WI	Centuria	45.4484	-92.5477
WI	Chaseburg	43.6794	-91.0799
WI	Chetek	45.3170	-91.6542
WI	Chili	44.6301	-90.3600
WI	Chilton	44.0242	-88.1827
WI	Chippewa Falls	44.9322	-91.3844
WI	Clam Lake	46.2457	-90.8841
WI	Clayton	45.3063	-92.1395
WI	Clear Lake	45.2365	-92.2749
WI	Cleveland	43.9217	-87.7673
WI	Clinton	42.5535	-88.8705
WI	Clintonville	44.6364	-88.7430
WI	Clyman	43.3114	-88.7200
WI	Cobb	42.9660	-90.3324
WI	Cochrane	44.2516	-91.8587
WI	Colby	44.9117	-90.3144
WI	Coleman	45.0722	-88.0587
WI	Colfax	44.9993	-91.7357
WI	Colgate	43.1998	-88.2406
WI	Collins	44.0856	-87.9828
WI	Coloma	44.0275	-89.4943
WI	Columbus	43.3315	-89.0271
WI	Combined Locks	44.2666	-88.3133
WI	Comstock	45.4911	-92.0860
WI	Conover	46.0440	-89.2389
WI	Conrath	45.3533	-91.0621
WI	Coon Valley	43.7218	-91.0143
WI	Cornell	45.1619	-91.1733
WI	Cornucopia	46.8372	-91.0974
WI	Cottage Grove	43.0784	-89.2017
WI	Couderay	45.8097	-91.3278
WI	Crandon	45.5416	-88.9116
WI	Crivitz	45.2541	-88.0613
WI	Cross Plains	43.1132	-89.6397
WI	Cuba City	42.5991	-90.4749
WI	Cudahy	42.9490	-87.8620
WI	Cumberland	45.5403	-92.0297
WI	Curtiss	44.9602	-90.4592
WI	Cushing	45.5604	-92.6241
WI	Custer	44.5662	-89.4153
WI	Dale	44.2731	-88.6783
WI	Dallas	45.2549	-91.8368
WI	Dalton	43.6718	-89.1918
WI	Danbury	46.0297	-92.2660
WI	Dane	43.2424	-89.5117
WI	Darien	42.6435	-88.7142
WI	Darlington	42.6878	-90.1106
WI	De Forest	43.2357	-89.3297
WI	De Pere	44.4388	-88.0806
WI	De Soto	43.4947	-91.1930
WI	Deer Park	45.1690	-92.3585
WI	Deerbrook	45.2368	-89.1873
WI	Deerfield	43.0571	-89.0862
WI	Delafield	43.0500	-88.3972
WI	Delavan	42.6227	-88.6277
WI	Dellwood	43.9706	-89.8167
WI	Denmark	44.3594	-87.8270
WI	Dickeyville	42.6272	-90.5919
WI	Dodge	44.1289	-91.5243
WI	Dodgeville	42.9698	-90.1404
WI	Dorchester	45.0042	-90.3596
WI	Dousman	42.9851	-88.4568
WI	Downing	45.1030	-92.1134
WI	Downsville	44.7747	-91.9319
WI	Doylestown	43.4278	-89.1500
WI	Dresser	45.3546	-92.5623
WI	Drummond	46.3119	-91.2856
WI	Dunbar	45.6009	-88.1067
WI	Durand	44.6300	-91.9295
WI	Eagle	42.8809	-88.4674
WI	Eagle River	45.9161	-89.2531
WI	East Ellsworth	44.7342	-92.4678
WI	East Troy	42.8035	-88.4092
WI	Eastman	43.1959	-91.0193
WI	Eau Claire	44.7840	-91.4877
WI	Eau Galle	44.7214	-92.0408
WI	Eden	43.6959	-88.3266
WI	Edgar	44.9038	-89.9980
WI	Edgerton	42.8386	-89.0642
WI	Edgewater	45.7422	-91.4750
WI	Edmund	42.9675	-90.2644
WI	Egg Harbor	45.0100	-87.2805
WI	Eland	44.8309	-89.2461
WI	Elcho	45.4409	-89.1516
WI	Elderon	44.7839	-89.2447
WI	Eldorado	43.8415	-88.6388
WI	Eleva	44.5985	-91.4804
WI	Elk Mound	44.8670	-91.6752
WI	Elkhart Lake	43.8436	-87.9767
WI	Elkhorn	42.7009	-88.5462
WI	Ellison Bay	45.2572	-87.0512
WI	Ellsworth	44.7302	-92.4890
WI	Elm Grove	43.0479	-88.0854
WI	Elmwood	44.7561	-92.2022
WI	Elroy	43.7516	-90.2889
WI	Elton	45.1562	-88.8837
WI	Embarrass	44.6656	-88.7072
WI	Endeavor	43.6963	-89.4617
WI	Ephraim	45.1564	-87.1681
WI	Ettrick	44.1724	-91.2635
WI	Eureka	44.0044	-88.8417
WI	Evansville	42.7732	-89.2877
WI	Exeland	45.6753	-91.2238
WI	Fairchild	44.5963	-90.9906
WI	Fairwater	43.7439	-88.8669
WI	Fall Creek	44.7684	-91.2856
WI	Fall River	43.4008	-89.0625
WI	Fence	45.7597	-88.3649
WI	Fennimore	42.9886	-90.6550
WI	Ferryville	43.3959	-91.0446
WI	Fifield	45.8621	-90.4246
WI	Fish Creek	45.1155	-87.2064
WI	Florence	45.9027	-88.2289
WI	Fond Du Lac	43.7704	-88.4291
WI	Fontana	42.5429	-88.5684
WI	Footville	42.6708	-89.2089
WI	Forest Junction	44.2061	-88.1517
WI	Forestville	44.6969	-87.4928
WI	Fort Atkinson	42.9229	-88.8467
WI	Fountain City	44.1364	-91.6779
WI	Fox Lake	43.5815	-88.9041
WI	Foxboro	46.4875	-92.1493
WI	Francis Creek	44.2000	-87.7200
WI	Franklin	42.9017	-88.0086
WI	Franksville	42.7859	-87.9873
WI	Frederic	45.6653	-92.4265
WI	Fredonia	43.4843	-87.9822
WI	Freedom	44.3864	-88.2886
WI	Fremont	44.2379	-88.8449
WI	Friendship	43.9896	-89.8149
WI	Friesland	43.5886	-89.0672
WI	Galesville	44.0888	-91.3588
WI	Galloway	44.8272	-89.1694
WI	Gays Mills	43.2936	-90.8676
WI	Genesee Depot	42.9667	-88.3711
WI	Genoa	43.6051	-91.1350
WI	Genoa City	42.5323	-88.3485
WI	Germantown	43.2189	-88.1165
WI	Gile	46.4283	-90.2250
WI	Gillett	44.9018	-88.3242
WI	Gilman	45.1891	-90.8257
WI	Gilmanton	44.4708	-91.6758
WI	Gleason	45.3384	-89.4753
WI	Glen Flora	45.4888	-90.8552
WI	Glen Haven	42.8204	-91.0005
WI	Glenbeulah	43.7666	-88.1049
WI	Glenwood City	45.0623	-92.1816
WI	Glidden	46.1337	-90.5889
WI	Goodman	45.6469	-88.3629
WI	Gordon	46.2336	-91.8033
WI	Gotham	43.2233	-90.2914
WI	Grafton	43.3231	-87.9521
WI	Grand Marsh	43.8568	-89.6557
WI	Grand View	46.3577	-91.1075
WI	Granton	44.5606	-90.4484
WI	Grantsburg	45.7613	-92.6627
WI	Gratiot	42.5759	-90.0243
WI	Green Bay	44.4853	-88.0169
WI	Green Lake	43.8444	-88.9685
WI	Green Valley	44.7956	-88.2703
WI	Greenbush	43.7767	-88.0839
WI	Greendale	42.9373	-87.9943
WI	Greenleaf	44.2937	-88.0275
WI	Greenville	44.2997	-88.5696
WI	Greenwood	44.7404	-90.6229
WI	Gresham	44.8530	-88.7887
WI	Hager City	44.6270	-92.5501
WI	Hales Corners	42.9410	-88.0503
WI	Hammond	44.9670	-92.4472
WI	Hancock	44.1297	-89.5344
WI	Hannibal	45.2525	-90.7889
WI	Hanover	42.6386	-89.1619
WI	Harshaw	45.6762	-89.6503
WI	Hartford	43.3157	-88.3707
WI	Hartland	43.1172	-88.3446
WI	Hatley	44.8256	-89.3777
WI	Haugen	45.6089	-91.7747
WI	Hawkins	45.5241	-90.7114
WI	Hawthorne	46.5031	-91.8606
WI	Hayward	46.0014	-91.3977
WI	Hazel Green	42.5359	-90.5118
WI	Hazelhurst	45.7745	-89.7478
WI	Heafford Junction	45.5472	-89.7153
WI	Helenville	43.0101	-88.7269
WI	Herbster	46.8213	-91.2332
WI	Hertel	45.8076	-92.1404
WI	Hewitt	44.6437	-90.1031
WI	High Bridge	46.3796	-90.7383
WI	Highland	43.0524	-90.3650
WI	Hilbert	44.1271	-88.2070
WI	Hillpoint	43.3951	-90.1588
WI	Hillsboro	43.6350	-90.3706
WI	Hingham	43.6389	-87.9142
WI	Hixton	44.3978	-91.0391
WI	Holcombe	45.2513	-91.1330
WI	Hollandale	42.8773	-89.9130
WI	Holmen	43.9761	-91.2497
WI	Honey Creek	42.7483	-88.3078
WI	Horicon	43.4469	-88.6310
WI	Hortonville	44.3273	-88.6281
WI	Houlton	45.0701	-92.7608
WI	Hubertus	43.2343	-88.2311
WI	Hudson	44.9842	-92.7271
WI	Humbird	44.5367	-90.8883
WI	Hurley	46.4448	-90.1975
WI	Hustisford	43.3450	-88.6017
WI	Hustler	43.9225	-90.2714
WI	Independence	44.3959	-91.4535
WI	Iola	44.5322	-89.1373
WI	Irma	45.3485	-89.6611
WI	Iron Belt	46.3955	-90.3245
WI	Iron Ridge	43.3934	-88.5441
WI	Iron River	46.5790	-91.4211
WI	Ixonia	43.1707	-88.5806
WI	Jackson	43.3252	-88.1626
WI	Janesville	42.6915	-89.0331
WI	Jefferson	43.0006	-88.8078
WI	Jim Falls	45.0644	-91.2649
WI	Johnson Creek	43.0751	-88.7836
WI	Juda	42.5679	-89.5026
WI	Jump River	45.1667	-90.8075
WI	Junction City	44.5963	-89.7438
WI	Juneau	43.3792	-88.6845
WI	Kansasville	42.7012	-88.1180
WI	Kaukauna	44.2956	-88.2717
WI	Kellnersville	44.2249	-87.8036
WI	Kendall	43.8161	-90.4107
WI	Kennan	45.5350	-90.5910
WI	Kenosha	42.6052	-87.8299
WI	Keshena	44.9146	-88.6357
WI	Kewaskum	43.5214	-88.1925
WI	Kewaunee	44.4401	-87.5594
WI	Kiel	43.9341	-87.9956
WI	Kieler	42.5814	-90.6025
WI	Kimberly	44.2701	-88.3384
WI	King	44.2673	-89.1137
WI	Kingston	43.6924	-89.1320
WI	Knapp	44.9545	-92.0752
WI	Kohler	43.7381	-87.7867
WI	Krakow	44.7635	-88.2593
WI	La Crosse	43.7989	-91.2175
WI	La Farge	43.6170	-90.6483
WI	La Pointe	46.8467	-90.6036
WI	La Valle	43.5699	-90.1280
WI	Lac Du Flambeau	45.9718	-89.8901
WI	Ladysmith	45.4719	-91.1088
WI	Lake Delton	43.6011	-89.7936
WI	Lake Geneva	42.5881	-88.4554
WI	Lake Mills	43.0816	-88.9133
WI	Lake Nebagamon	46.5023	-91.7402
WI	Lake Tomahawk	45.8035	-89.5856
WI	Lakewood	45.3163	-88.5032
WI	Lancaster	42.8445	-90.7109
WI	Land O Lakes	46.1563	-89.3218
WI	Lannon	43.1497	-88.1639
WI	Laona	45.5534	-88.6715
WI	Larsen	44.1984	-88.6963
WI	Lebanon	43.2553	-88.6267
WI	Lena	44.9405	-88.0543
WI	Leopolis	44.7812	-88.8722
WI	Lime Ridge	43.4678	-90.1547
WI	Linden	42.9184	-90.2797
WI	Little Chute	44.2842	-88.3120
WI	Little Suamico	44.6775	-88.0272
WI	Livingston	42.9044	-90.4420
WI	Lodi	43.3270	-89.5554
WI	Loganville	43.4050	-90.0337
WI	Lomira	43.5885	-88.4413
WI	Lone Rock	43.2208	-90.2352
WI	Long Lake	45.9218	-88.6953
WI	Lowell	43.3420	-88.7873
WI	Loyal	44.7272	-90.4922
WI	Lublin	45.0739	-90.7337
WI	Luck	45.5568	-92.4164
WI	Luxemburg	44.5506	-87.7156
WI	Lyndon Station	43.6899	-89.8915
WI	Lynxville	43.2464	-91.0561
WI	Lyons	42.6511	-88.3583
WI	Madison	43.0730	-89.3817
WI	Maiden Rock	44.6086	-92.2782
WI	Malone	43.8690	-88.3073
WI	Manawa	44.4701	-88.9164
WI	Manitowish Waters	46.1239	-89.8308
WI	Manitowoc	44.0971	-87.6823
WI	Maple	46.6206	-91.7020
WI	Maplewood	44.7475	-87.4792
WI	Marathon	44.9657	-89.8299
WI	Marengo	46.4071	-90.8400
WI	Maribel	44.2852	-87.8055
WI	Marinette	45.0874	-87.6697
WI	Marion	44.6794	-88.8767
WI	Markesan	43.7140	-89.0070
WI	Marquette	43.7459	-89.1397
WI	Marshall	43.1636	-89.0753
WI	Marshfield	44.6688	-90.1716
WI	Mason	46.4573	-91.0575
WI	Mather	44.1477	-90.2953
WI	Mattoon	45.0042	-89.0419
WI	Mauston	43.7934	-90.0641
WI	Mayville	43.5045	-88.5451
WI	Mazomanie	43.1847	-89.7636
WI	Mc Farland	43.0107	-89.2948
WI	Mc Naughton	45.7233	-89.4828
WI	Medford	45.1512	-90.3503
WI	Mellen	46.3007	-90.6552
WI	Melrose	44.1382	-91.0445
WI	Menasha	44.2112	-88.4175
WI	Menomonee Falls	43.1602	-88.1128
WI	Menomonie	44.8718	-91.9265
WI	Mequon	43.2364	-87.9844
WI	Mercer	46.1696	-90.0679
WI	Merrill	45.1809	-89.6907
WI	Merrillan	44.4369	-90.8105
WI	Merrimac	43.3855	-89.6323
WI	Merton	43.1467	-88.3067
WI	Middleton	43.1052	-89.5073
WI	Mikana	45.5919	-91.6011
WI	Milladore	44.6044	-89.8875
WI	Millston	44.1931	-90.6475
WI	Milltown	45.5271	-92.5017
WI	Milton	42.7791	-88.9531
WI	Milwaukee	43.0343	-87.9151
WI	Mindoro	44.0287	-91.0642
WI	Mineral Point	42.8547	-90.1646
WI	Minocqua	45.8719	-89.7580
WI	Minong	46.1044	-91.8506
WI	Mishicot	44.2609	-87.6447
WI	Mondovi	44.6099	-91.6696
WI	Monroe	42.5991	-89.6403
WI	Montello	43.7690	-89.3586
WI	Montfort	42.9757	-90.4447
WI	Monticello	42.7415	-89.6081
WI	Montreal	46.4257	-90.2442
WI	Morrisonville	43.2772	-89.3594
WI	Mosinee	44.7997	-89.6845
WI	Mount Calvary	43.8142	-88.2399
WI	Mount Hope	42.9689	-90.8665
WI	Mount Horeb	43.0020	-89.7414
WI	Mount Sterling	43.3153	-90.9286
WI	Mountain	45.1991	-88.4583
WI	Mukwonago	42.8821	-88.3451
WI	Muscoda	43.2074	-90.4570
WI	Muskego	42.9047	-88.1214
WI	Nashotah	43.1118	-88.4089
WI	Necedah	44.0345	-90.0600
WI	Neenah	44.1811	-88.4792
WI	Neillsville	44.5494	-90.6112
WI	Nekoosa	44.2820	-89.8814
WI	Nelson	44.4295	-92.0007
WI	Nelsonville	44.4950	-89.3097
WI	Neopit	44.9873	-88.8611
WI	Neosho	43.2978	-88.5205
WI	Neshkoro	43.8989	-89.2336
WI	New Auburn	45.2356	-91.5197
WI	New Berlin	42.9740	-88.1553
WI	New Franken	44.5592	-87.8235
WI	New Glarus	42.8143	-89.6437
WI	New Holstein	43.9446	-88.0911
WI	New Lisbon	43.8877	-90.1524
WI	New London	44.3928	-88.7554
WI	New Munster	42.5794	-88.2278
WI	New Richmond	45.1598	-92.5513
WI	Newburg	43.4317	-88.0464
WI	Newton	43.9836	-87.7848
WI	Niagara	45.7653	-88.0309
WI	Nichols	44.5631	-88.4633
WI	North Freedom	43.4106	-89.8490
WI	North Lake	43.1561	-88.3706
WI	North Prairie	42.9385	-88.3950
WI	Norwalk	43.8128	-90.6801
WI	Oak Creek	42.8892	-87.9027
WI	Oakdale	43.9597	-90.3817
WI	Oakfield	43.6864	-88.5569
WI	Oconomowoc	43.1095	-88.4862
WI	Oconto	44.8914	-87.8917
WI	Oconto Falls	44.8755	-88.1555
WI	Odanah	46.6083	-90.6967
WI	Ogdensburg	44.4678	-89.0119
WI	Ogema	45.4392	-90.2565
WI	Ojibwa	45.7854	-91.1109
WI	Okauchee	43.1130	-88.4323
WI	Omro	44.0357	-88.7519
WI	Onalaska	43.8974	-91.2314
WI	Oneida	44.5166	-88.1859
WI	Ontario	43.7172	-90.6205
WI	Oostburg	43.6229	-87.7970
WI	Oregon	42.9295	-89.3870
WI	Orfordville	42.6278	-89.2533
WI	Osceola	45.3218	-92.6971
WI	Oshkosh	44.0220	-88.5436
WI	Osseo	44.5599	-91.2191
WI	Owen	44.9578	-90.5469
WI	Oxford	43.7799	-89.5632
WI	Packwaukee	43.7633	-89.4583
WI	Palmyra	42.8793	-88.5903
WI	Pardeeville	43.5340	-89.3265
WI	Park Falls	45.9363	-90.4246
WI	Patch Grove	42.9403	-90.9719
WI	Pearson	45.3881	-89.0758
WI	Pelican Lake	45.5049	-89.1817
WI	Pell Lake	42.5381	-88.3508
WI	Pembine	45.6074	-87.9704
WI	Pepin	44.4587	-92.1394
WI	Peshtigo	45.0458	-87.7298
WI	Pewaukee	43.0788	-88.2729
WI	Phelps	46.0645	-89.0815
WI	Phillips	45.6975	-90.4041
WI	Phlox	45.0511	-89.0142
WI	Pickerel	45.3567	-88.9137
WI	Pickett	43.9009	-88.7135
WI	Pigeon Falls	44.4264	-91.2103
WI	Pine River	44.1604	-89.0404
WI	Pittsville	44.4375	-90.1892
WI	Plain	43.2927	-90.0558
WI	Plainfield	44.2091	-89.4559
WI	Platteville	42.7393	-90.4854
WI	Pleasant Prairie	42.5277	-87.8857
WI	Plover	44.4507	-89.5428
WI	Plum City	44.6360	-92.1837
WI	Plymouth	43.7526	-87.9779
WI	Poplar	46.5771	-91.8253
WI	Port Edwards	44.3497	-89.8652
WI	Port Washington	43.3955	-87.8797
WI	Port Wing	46.7620	-91.3920
WI	Portage	43.5501	-89.4714
WI	Porterfield	45.1934	-87.8062
WI	Potosi	42.6884	-90.7002
WI	Potter	44.1206	-88.0992
WI	Pound	45.1273	-88.1396
WI	Powers Lake	42.5536	-88.2944
WI	Poy Sippi	44.1101	-88.9268
WI	Poynette	43.4013	-89.4189
WI	Prairie Du Chien	43.0426	-91.1193
WI	Prairie Du Sac	43.2956	-89.7452
WI	Prairie Farm	45.2462	-91.9742
WI	Prentice	45.5482	-90.2942
WI	Prescott	44.7476	-92.7535
WI	Presque Isle	46.2217	-89.7728
WI	Princeton	43.8438	-89.1249
WI	Pulaski	44.6611	-88.2634
WI	Racine	42.6868	-87.8378
WI	Radisson	45.7734	-91.2262
WI	Randolph	43.5392	-89.0067
WI	Random Lake	43.5672	-87.9816
WI	Readfield	44.2725	-88.7697
WI	Readstown	43.4508	-90.7579
WI	Redgranite	44.0438	-89.0981
WI	Reedsburg	43.5325	-90.0025
WI	Reedsville	44.1576	-87.9660
WI	Reeseville	43.3013	-88.8571
WI	Rewey	42.8594	-90.3804
WI	Rhinelander	45.6467	-89.4093
WI	Rib Lake	45.2984	-90.1763
WI	Rice Lake	45.5105	-91.7335
WI	Richfield	43.2739	-88.2155
WI	Richland Center	43.3627	-90.3914
WI	Ridgeland	45.1868	-91.8790
WI	Ridgeway	43.0077	-89.9889
WI	Ringle	44.9238	-89.4328
WI	Rio	43.4231	-89.2354
WI	Ripon	43.8454	-88.8424
WI	River Falls	44.8550	-92.6313
WI	Roberts	44.9874	-92.5598
WI	Rochester	42.7414	-88.2242
WI	Rock Falls	44.7186	-91.6897
WI	Rock Springs	43.4681	-89.9218
WI	Rockland	43.9382	-90.9488
WI	Rosendale	43.7889	-88.6417
WI	Rosholt	44.6622	-89.3356
WI	Rothschild	44.8843	-89.6193
WI	Rubicon	43.3121	-88.4528
WI	Rudolph	44.4741	-89.8003
WI	Saint Cloud	43.8074	-88.1845
WI	Saint Croix Falls	45.4132	-92.6384
WI	Saint Germain	45.9183	-89.4866
WI	Saint Nazianz	44.0064	-87.9229
WI	Salem	42.5709	-88.1287
WI	Sand Creek	45.1705	-91.7014
WI	Sarona	45.7085	-91.7621
WI	Sauk City	43.2686	-89.7418
WI	Saukville	43.3913	-87.9568
WI	Saxeville	44.1761	-89.1144
WI	Saxon	46.4959	-90.4383
WI	Sayner	45.9867	-89.5194
WI	Scandinavia	44.4604	-89.1650
WI	Schofield	44.9064	-89.5818
WI	Seneca	43.2650	-90.9583
WI	Sextonville	43.2783	-90.2908
WI	Seymour	44.5091	-88.3172
WI	Sharon	42.5194	-88.7265
WI	Shawano	44.7851	-88.6036
WI	Sheboygan	43.7410	-87.7247
WI	Sheboygan Falls	43.7266	-87.8242
WI	Sheldon	45.3182	-90.9141
WI	Shell Lake	45.7536	-91.9606
WI	Sherwood	44.1736	-88.2597
WI	Shiocton	44.4972	-88.5562
WI	Shullsburg	42.5786	-90.2266
WI	Silver Lake	42.5461	-88.1656
WI	Sinsinawa	42.5236	-90.5392
WI	Siren	45.7821	-92.3892
WI	Sister Bay	45.1875	-87.1139
WI	Slinger	43.3322	-88.2824
WI	Sobieski	44.7105	-88.1076
WI	Soldiers Grove	43.3919	-90.7663
WI	Solon Springs	46.3888	-91.7702
WI	Somers	42.6403	-87.9103
WI	Somerset	45.1331	-92.6865
WI	South Milwaukee	42.9105	-87.8646
WI	South Range	46.5887	-91.9458
WI	South Wayne	42.5822	-89.8888
WI	Sparta	43.9540	-90.8146
WI	Spencer	44.7391	-90.3114
WI	Spooner	45.8505	-91.9155
WI	Spring Green	43.1883	-90.0676
WI	Spring Valley	44.8356	-92.2906
WI	Springbrook	45.9604	-91.6777
WI	Springfield	42.6417	-88.4119
WI	Stanley	44.9689	-90.9389
WI	Star Lake	46.0383	-89.4722
WI	Star Prairie	45.2013	-92.5514
WI	Stetsonville	45.0792	-90.2829
WI	Steuben	43.1955	-90.8609
WI	Stevens Point	44.5212	-89.5588
WI	Stitzer	42.9214	-90.6079
WI	Stockbridge	44.0717	-88.2989
WI	Stockholm	44.5004	-92.2284
WI	Stoddard	43.6912	-91.1919
WI	Stone Lake	45.8337	-91.5093
WI	Stoughton	42.9290	-89.2240
WI	Stratford	44.7899	-90.0583
WI	Strum	44.5674	-91.3833
WI	Sturgeon Bay	44.8438	-87.3753
WI	Sturtevant	42.6967	-87.9031
WI	Suamico	44.6319	-88.0392
WI	Sullivan	42.9982	-88.6026
WI	Summit Lake	45.3204	-89.1807
WI	Sun Prairie	43.1869	-89.2227
WI	Superior	46.7016	-92.0912
WI	Suring	45.0186	-88.3628
WI	Sussex	43.1441	-88.2271
WI	Taylor	44.2899	-91.1128
WI	Theresa	43.5045	-88.4478
WI	Thiensville	43.2251	-87.9594
WI	Thorp	44.9573	-90.8029
WI	Three Lakes	45.8046	-89.1328
WI	Tigerton	44.7299	-89.0569
WI	Tilleda	44.8118	-88.9075
WI	Tisch Mills	44.3272	-87.6236
WI	Tomah	43.9948	-90.4917
WI	Tomahawk	45.4963	-89.7273
WI	Tony	45.4741	-90.9869
WI	Townsend	45.3148	-88.6107
WI	Trego	45.9516	-91.8581
WI	Trempealeau	44.0218	-91.4282
WI	Trevor	42.5201	-88.1387
WI	Tripoli	45.5814	-89.9852
WI	Tunnel City	44.0072	-90.5656
WI	Turtle Lake	45.4213	-92.1781
WI	Twin Lakes	42.5232	-88.2573
WI	Two Rivers	44.1660	-87.5855
WI	Union Center	43.6853	-90.2667
WI	Union Grove	42.6896	-88.0390
WI	Unity	44.8227	-90.3221
WI	Upson	46.3761	-90.4051
WI	Valders	44.0420	-87.8812
WI	Van Dyne	43.8734	-88.5100
WI	Verona	42.9999	-89.5522
WI	Vesper	44.4677	-89.9826
WI	Viola	43.5048	-90.6554
WI	Viroqua	43.5442	-90.8939
WI	Wabeno	45.4332	-88.6625
WI	Waldo	43.6571	-87.9722
WI	Wales	43.0088	-88.3787
WI	Walworth	42.5350	-88.6027
WI	Warrens	44.1570	-90.4967
WI	Wascott	46.1725	-91.7981
WI	Washburn	46.6806	-90.9095
WI	Washington Island	45.3740	-86.9137
WI	Waterford	42.7969	-88.1933
WI	Waterloo	43.1832	-88.9838
WI	Watertown	43.1947	-88.7289
WI	Waukau	43.9892	-88.7717
WI	Waukesha	42.9993	-88.2196
WI	Waunakee	43.1818	-89.4532
WI	Waupaca	44.3481	-89.1101
WI	Waupun	43.6324	-88.7373
WI	Wausau	44.9634	-89.6340
WI	Wausaukee	45.3495	-87.9099
WI	Wautoma	44.0656	-89.2666
WI	Wauzeka	43.1143	-90.9239
WI	Webster	45.8740	-92.3227
WI	West Bend	43.4253	-88.1833
WI	West Salem	43.9063	-91.0893
WI	Westboro	45.3445	-90.3072
WI	Westby	43.6631	-90.8740
WI	Westfield	43.8968	-89.5020
WI	Weyauwega	44.3210	-88.9410
WI	Weyerhaeuser	45.4263	-91.4289
WI	Wheeler	45.0719	-91.8871
WI	White Lake	45.1715	-88.7555
WI	Whitehall	44.3827	-91.3030
WI	Whitelaw	44.1573	-87.8267
WI	Whitewater	42.8272	-88.7429
WI	Wild Rose	44.1834	-89.1953
WI	Willard	44.7274	-90.7499
WI	Williams Bay	42.5767	-88.5431
WI	Wilmot	42.5128	-88.1819
WI	Wilson	44.9466	-92.1965
WI	Wilton	43.8322	-90.5162
WI	Windsor	43.2141	-89.3415
WI	Winnebago	44.0758	-88.5250
WI	Winneconne	44.1187	-88.7214
WI	Winter	45.8414	-90.9496
WI	Wisconsin Dells	43.6508	-89.7665
WI	Wisconsin Rapids	44.3758	-89.8062
WI	Withee	44.9757	-90.6049
WI	Wittenberg	44.8232	-89.1665
WI	Wonewoc	43.6285	-90.2394
WI	Woodford	42.6486	-89.8625
WI	Woodland	43.3703	-88.5186
WI	Woodman	43.0577	-90.8245
WI	Woodruff	45.9186	-89.6954
WI	Woodville	44.9408	-92.2848
WI	Woodworth	42.5581	-88.0011
WI	Wrightstown	44.3384	-88.1218
WI	Wyocena	43.4958	-89.3083
WI	Zachow	44.7403	-88.4447
WI	Zenda	42.5119	-88.4817
WV	Accoville	37.7686	-81.8372
WV	Adrian	38.9134	-80.2887
WV	Advent	38.6236	-81.5721
WV	Albright	39.5701	-79.6358
WV	Alderson	37.7301	-80.6713
WV	Alkol	38.1609	-81.9840
WV	Allen Junction	37.5892	-81.3508
WV	Alloy	38.1375	-81.2744
WV	Alma	39.4298	-80.8172
WV	Alum Bridge	39.0425	-80.6882
WV	Alum Creek	38.2858	-81.7863
WV	Amherstdale	37.7956	-81.7589
WV	Amigo	37.5921	-81.3491
WV	Amma	38.5455	-81.2532
WV	Anawalt	37.3358	-81.4367
WV	Anmoore	39.2567	-80.2925
WV	Ansted	38.1369	-81.0955
WV	Apple Grove	38.7131	-82.1726
WV	Arbovale	38.4546	-79.7934
WV	Arnett	37.8502	-81.4355
WV	Arnoldsburg	38.8227	-81.1551
WV	Arthurdale	39.4950	-79.8153
WV	Artie	37.9181	-81.3788
WV	Asbury	37.8488	-80.5653
WV	Ashford	38.1823	-81.7113
WV	Ashton	38.6571	-82.1089
WV	Athens	37.4323	-80.9974
WV	Auburn	39.0864	-80.8837
WV	Augusta	39.2998	-78.5931
WV	Aurora	39.3047	-79.5711
WV	Avondale	37.4125	-81.7844
WV	Baisden	37.5715	-81.9328
WV	Baker	39.0656	-78.7748
WV	Bakerton	39.3628	-77.7633
WV	Ballard	37.4980	-80.7614
WV	Bancroft	38.5094	-81.8400
WV	Barboursville	38.3893	-82.2960
WV	Barrackville	39.5036	-80.1669
WV	Bartley	37.3406	-81.7378
WV	Bartow	38.5513	-79.7952
WV	Baxter	39.5361	-80.1417
WV	Bayard	39.2542	-79.3981
WV	Beaver	37.7516	-81.0731
WV	Beckley	37.7932	-81.2061
WV	Beech Bottom	40.2264	-80.6517
WV	Beeson	37.4909	-81.2062
WV	Belington	39.0244	-79.9495
WV	Belle	38.2254	-81.5058
WV	Belleville	39.1314	-81.6923
WV	Belmont	39.3679	-81.2788
WV	Belva	38.2491	-81.1566
WV	Benwood	40.0133	-80.7160
WV	Berea	39.1305	-80.9223
WV	Bergoo	38.4864	-80.3008
WV	Berkeley Springs	39.5874	-78.2192
WV	Berwind	37.2475	-81.6411
WV	Bethany	40.2020	-80.5546
WV	Beverly	38.8280	-79.8651
WV	Bickmore	38.3659	-81.1068
WV	Big Bend	38.9719	-81.1360
WV	Big Creek	38.0046	-82.0161
WV	Big Run	39.5941	-80.5837
WV	Big Sandy	37.4642	-81.6983
WV	Big Springs	38.9963	-81.0698
WV	Bim	37.8934	-81.6880
WV	Birch River	38.4914	-80.7459
WV	Blacksville	39.6958	-80.2326
WV	Blair	37.8783	-81.8281
WV	Bloomery	39.3286	-78.3816
WV	Bloomingrose	38.1412	-81.6367
WV	Blount	38.3121	-81.4052
WV	Blue Creek	38.4506	-81.4575
WV	Blue Jay	37.7369	-81.1381
WV	Bluefield	37.2798	-81.2290
WV	Bob White	37.9587	-81.7209
WV	Bolt	37.7673	-81.4156
WV	Bomont	38.4073	-81.2200
WV	Boomer	38.1506	-81.2875
WV	Borderland	37.7139	-82.3092
WV	Bowden	38.9349	-79.6193
WV	Bradley	37.8653	-81.1942
WV	Bradshaw	37.3500	-81.8017
WV	Bramwell	37.3321	-81.3256
WV	Branchland	38.2694	-82.2684
WV	Brandywine	38.6357	-79.2096
WV	Breeden	37.9198	-82.2547
WV	Brenton	37.5844	-81.6495
WV	Bretz	39.5422	-79.8008
WV	Bridgeport	39.2954	-80.2427
WV	Brohard	39.0338	-81.1775
WV	Bruceton Mills	39.6454	-79.6159
WV	Bruno	37.6906	-81.8692
WV	Buckeye	38.1815	-80.1393
WV	Buckhannon	38.9841	-80.2178
WV	Bud	37.5375	-81.3794
WV	Buffalo	38.6092	-81.9500
WV	Bunker Hill	39.3276	-78.0487
WV	Burlington	39.3887	-78.9123
WV	Burnsville	38.8504	-80.6590
WV	Burton	39.6680	-80.4059
WV	Cabin Creek	38.1858	-81.5153
WV	Cabins	38.9512	-79.2783
WV	Cairo	39.2325	-81.1554
WV	Caldwell	37.7735	-80.3773
WV	Calvin	38.3277	-80.7016
WV	Camden	39.0893	-80.5915
WV	Camden On Gauley	38.3792	-80.5914
WV	Cameron	39.8227	-80.5669
WV	Camp Creek	37.4841	-81.1111
WV	Cannelton	38.1942	-81.2961
WV	Canvas	38.2624	-80.7446
WV	Capon Bridge	39.2802	-78.4644
WV	Capon Springs	39.1361	-78.4847
WV	Carolina	39.4803	-80.2736
WV	Cass	38.4337	-79.8853
WV	Cassville	39.6656	-80.0639
WV	Cedar Grove	38.2133	-81.4067
WV	Cedarville	38.8397	-80.8403
WV	Center Point	39.4125	-80.6352
WV	Ceredo	38.3964	-82.5589
WV	Chapmanville	37.9385	-82.0512
WV	Charles Town	39.2771	-77.8563
WV	Charleston	38.3490	-81.6306
WV	Charlton Heights	38.1236	-81.2342
WV	Charmco	37.9895	-80.7077
WV	Chattaroy	37.7033	-82.2811
WV	Chauncey	37.7661	-81.9878
WV	Chester	40.5981	-80.5584
WV	Chloe	38.6712	-81.0901
WV	Circleville	38.6230	-79.5367
WV	Clarksburg	39.2784	-80.3487
WV	Clay	38.4764	-81.0696
WV	Clear Creek	37.8916	-81.3209
WV	Clear Fork	37.6463	-81.6893
WV	Clendenin	38.4777	-81.3560
WV	Cleveland	38.8392	-80.3428
WV	Clothier	37.7933	-81.9881
WV	Coal City	37.6661	-81.1844
WV	Coal Mountain	37.6885	-81.7079
WV	Coalton	38.9144	-79.9767
WV	Coalwood	37.3872	-81.6528
WV	Colcord	37.9492	-81.4437
WV	Colfax	39.4347	-80.1319
WV	Colliers	40.3484	-80.5493
WV	Comfort	38.1372	-81.5962
WV	Cool Ridge	37.6574	-81.1053
WV	Copen	38.8306	-80.7285
WV	Cora	37.8342	-82.0267
WV	Corinne	37.5728	-81.3567
WV	Costa	38.1647	-81.7080
WV	Cottageville	38.8633	-81.8186
WV	Covel	37.4908	-81.3228
WV	Cowen	38.4133	-80.5358
WV	Coxs Mills	39.0021	-80.8746
WV	Crab Orchard	37.7205	-81.2491
WV	Craigsville	38.3254	-80.6444
WV	Crawford	38.8401	-80.4007
WV	Crawley	37.9397	-80.6309
WV	Creston	38.9378	-81.2369
WV	Crum	37.9389	-82.4624
WV	Cucumber	37.2778	-81.6269
WV	Culloden	38.4198	-82.0690
WV	Cyclone	37.7447	-81.6505
WV	Dailey	38.7986	-79.8964
WV	Dallas	39.9783	-80.5508
WV	Danese	37.9036	-80.9471
WV	Daniels	37.7322	-81.1391
WV	Danville	38.0336	-81.8542
WV	Davin	37.7265	-81.8057
WV	Davis	39.0882	-79.4563
WV	Davisville	39.2126	-81.4799
WV	Davy	37.4683	-81.6679
WV	Dawes	38.1428	-81.4522
WV	Deep Water	38.1267	-81.2639
WV	Delbarton	37.7038	-82.1319
WV	Dellslow	39.6069	-79.8922
WV	Delray	39.1796	-78.6394
WV	Diana	38.5755	-80.4320
WV	Dille	38.4747	-80.8538
WV	Dingess	37.8703	-82.1951
WV	Dixie	38.2663	-81.1862
WV	Dorothy	37.9622	-81.4968
WV	Dothan	37.9672	-81.2222
WV	Drennen	38.2587	-81.0089
WV	Dry Creek	37.8607	-81.4814
WV	Drybranch	38.1800	-81.4669
WV	Dryfork	38.9576	-79.4534
WV	Duck	38.5647	-80.9764
WV	Dunbar	38.3683	-81.7425
WV	Dunlow	38.0283	-82.3827
WV	Dunmore	38.3636	-79.8556
WV	Durbin	38.6163	-79.7935
WV	East Bank	38.2181	-81.4431
WV	East Lynn	38.1995	-82.3279
WV	Eccles	37.7831	-81.2661
WV	Eckman	37.4044	-81.4644
WV	Edgarton	37.5803	-82.1047
WV	Edmond	38.0544	-81.0326
WV	Eglon	39.2925	-79.5109
WV	Elbert	37.3181	-81.5442
WV	Eleanor	38.5367	-81.9317
WV	Elizabeth	39.0566	-81.3989
WV	Elk Garden	39.3631	-79.1539
WV	Elkhorn	37.3856	-81.4111
WV	Elkins	38.9253	-79.8471
WV	Elkview	38.4323	-81.4817
WV	Ellamore	38.9340	-80.0926
WV	Ellenboro	39.2824	-81.0604
WV	Elton	37.8468	-80.8252
WV	Enterprise	39.4260	-80.3167
WV	Erbacon	38.5419	-80.5742
WV	Eskdale	38.1069	-81.4492
WV	Ethel	37.8664	-81.9125
WV	Evans	38.8113	-81.7909
WV	Exchange	38.8069	-80.7681
WV	Fairdale	37.7866	-81.4018
WV	Fairlea	37.7806	-80.4572
WV	Fairmont	39.4727	-80.1460
WV	Fairview	39.6103	-80.2529
WV	Falling Rock	38.4756	-81.3809
WV	Falling Waters	39.5865	-77.8852
WV	Fanrock	37.5627	-81.6236
WV	Farmington	39.5029	-80.2566
WV	Fayetteville	38.0628	-81.0810
WV	Fenwick	38.2447	-80.6350
WV	Fisher	39.0480	-78.9888
WV	Flat Top	37.5500	-81.1280
WV	Flatwoods	38.7245	-80.6385
WV	Flemington	39.2711	-80.1282
WV	Follansbee	40.3296	-80.5850
WV	Folsom	39.4693	-80.5258
WV	Forest Hill	37.5600	-80.8149
WV	Fort Ashby	39.4970	-78.7743
WV	Fort Gay	38.1335	-82.5541
WV	Foster	38.0908	-81.7659
WV	Four States	39.4797	-80.3100
WV	Frametown	38.6368	-80.8774
WV	Frankford	37.9036	-80.3647
WV	Franklin	38.6400	-79.3538
WV	Fraziers Bottom	38.5517	-82.0111
WV	Freeman	37.3300	-81.3081
WV	French Creek	38.8511	-80.2743
WV	Frenchton	38.8728	-80.3567
WV	Friendly	39.5024	-81.0345
WV	Gallagher	38.1894	-81.3862
WV	Gallipolis Ferry	38.7650	-82.1535
WV	Galloway	39.2317	-80.1222
WV	Gandeeville	38.7034	-81.4243
WV	Gap Mills	37.5280	-80.3905
WV	Gary	37.3636	-81.5503
WV	Gassaway	38.6862	-80.7863
WV	Gauley Bridge	38.1689	-81.1960
WV	Gay	38.7978	-81.5703
WV	Genoa	38.0889	-82.4669
WV	Gerrardstown	39.3780	-78.1141
WV	Ghent	37.6208	-81.1019
WV	Gilbert	37.5942	-81.8665
WV	Gilboa	38.2983	-80.9522
WV	Given	38.7130	-81.6825
WV	Glady	38.8669	-79.7342
WV	Glasgow	38.2153	-81.4247
WV	Glen	38.3690	-81.2234
WV	Glen Dale	39.9597	-80.7323
WV	Glen Daniel	37.7547	-81.4033
WV	Glen Easton	39.8531	-80.6661
WV	Glen Ferris	38.1531	-81.2150
WV	Glen Fork	37.6447	-81.5402
WV	Glen Jean	37.9264	-81.1503
WV	Glen Rogers	37.7217	-81.4290
WV	Glen White	37.7303	-81.2800
WV	Glengary	39.3839	-78.1558
WV	Glenville	38.9336	-80.8278
WV	Glenwood	38.5449	-82.1434
WV	Gordon	37.9782	-81.6713
WV	Gormania	39.2715	-79.3401
WV	Grafton	39.3414	-80.0285
WV	Grant Town	39.5581	-80.1819
WV	Grantsville	38.9324	-81.0763
WV	Granville	39.6458	-79.9875
WV	Grassy Meadows	37.8428	-80.7302
WV	Great Cacapon	39.5836	-78.3331
WV	Green Bank	38.4097	-79.8015
WV	Green Spring	39.5029	-78.6272
WV	Green Sulphur Springs	37.8086	-80.8399
WV	Greenville	37.5212	-80.6761
WV	Griffithsville	38.2470	-81.9820
WV	Gypsy	39.3686	-80.3181
WV	Hacker Valley	38.6796	-80.4023
WV	Halltown	39.3139	-77.7981
WV	Hambleton	39.1168	-79.6416
WV	Hamlin	38.2896	-82.1047
WV	Handley	38.1869	-81.3656
WV	Hanover	37.5630	-81.8136
WV	Hansford	38.1272	-81.3950
WV	Harman	38.9234	-79.5246
WV	Harper	37.7986	-81.2617
WV	Harpers Ferry	39.3153	-77.7694
WV	Harrisville	39.1996	-81.0460
WV	Hartford	38.9861	-81.9922
WV	Harts	38.0089	-82.1554
WV	Haywood	39.3811	-80.3361
WV	Heaters	38.7558	-80.6429
WV	Hedgesville	39.5470	-78.0560
WV	Helen	37.6347	-81.3142
WV	Helvetia	38.7713	-80.1382
WV	Hemphill	37.4447	-81.5956
WV	Henderson	38.8265	-82.1364
WV	Hendricks	39.0748	-79.6303
WV	Henlawson	37.9022	-81.9883
WV	Hensley	37.4739	-81.7000
WV	Hepzibah	39.3325	-80.3356
WV	Herndon	37.5264	-81.3468
WV	Hernshaw	38.1942	-81.6130
WV	Hewett	37.9581	-81.8509
WV	Hiawatha	37.4400	-81.2442
WV	Hico	38.1094	-80.9638
WV	High View	39.2225	-78.4425
WV	Hillsboro	38.1259	-80.2446
WV	Hilltop	37.9428	-81.1511
WV	Hinton	37.6640	-80.8678
WV	Holden	37.8242	-82.0597
WV	Hometown	38.5328	-81.8614
WV	Horner	38.9726	-80.3656
WV	Hugheston	38.2094	-81.3728
WV	Hundred	39.6917	-80.4746
WV	Huntington	38.4097	-82.4423
WV	Hurricane	38.4257	-81.9943
WV	Huttonsville	38.6784	-79.9775
WV	Iaeger	37.4499	-81.8120
WV	Idamay	39.4969	-80.2572
WV	Ikes Fork	37.5219	-81.8044
WV	Independence	39.4464	-79.8822
WV	Indore	38.3397	-81.1575
WV	Institute	38.3836	-81.7656
WV	Inwood	39.3701	-78.0242
WV	Ireland	38.7677	-80.4770
WV	Isaban	37.5300	-81.8883
WV	Itmann	37.5733	-81.4183
WV	Ivydale	38.5305	-81.0335
WV	Jacksonburg	39.5416	-80.6437
WV	Jane Lew	39.1100	-80.4311
WV	Jeffrey	37.9570	-81.8003
WV	Jenkinjones	37.2933	-81.4233
WV	Jesse	37.6608	-81.5628
WV	Jolo	37.3324	-81.8316
WV	Josephine	37.6221	-81.2176
WV	Julian	38.1264	-81.8642
WV	Jumping Branch	37.6397	-80.9957
WV	Junior	38.9786	-79.9497
WV	Justice	37.5886	-81.8356
WV	Kanawha Falls	38.1079	-81.1628
WV	Kanawha Head	38.7618	-80.3727
WV	Kearneysville	39.3220	-77.9588
WV	Kegley	37.4084	-81.1401
WV	Kellysville	37.3447	-80.9281
WV	Kenna	38.6239	-81.6517
WV	Kenova	38.3860	-82.5736
WV	Kerens	39.0299	-79.7754
WV	Kermit	37.8642	-82.3741
WV	Keslers Cross Lanes	38.2258	-80.9334
WV	Keyser	39.4304	-78.9887
WV	Kiahsville	38.0777	-82.2562
WV	Kimball	37.4256	-81.5069
WV	Kimberly	38.1249	-81.3217
WV	Kincaid	38.0321	-81.2690
WV	Kingmont	39.4469	-80.1761
WV	Kingwood	39.4819	-79.7063
WV	Kistler	37.7561	-81.8603
WV	Kopperston	37.7483	-81.5697
WV	Kyle	37.4081	-81.4258
WV	Lahmansville	39.1642	-79.0433
WV	Lake	37.9462	-81.9512
WV	Lanark	37.8275	-81.1464
WV	Lansing	38.1108	-81.0277
WV	Lashmeet	37.4420	-81.2138
WV	Lavalette	38.3305	-82.4287
WV	Layland	37.8658	-80.9924
WV	Le Roy	38.9576	-81.5725
WV	Left Hand	38.6063	-81.2467
WV	Leivasy	38.1350	-80.7172
WV	Lenore	37.7994	-82.2693
WV	Leon	38.7530	-81.9092
WV	Lerona	37.4925	-80.9796
WV	Lesage	38.4770	-82.2957
WV	Leslie	38.0444	-80.7231
WV	Lester	37.7265	-81.3095
WV	Letart	38.9311	-81.9751
WV	Levels	39.4976	-78.5508
WV	Lewisburg	37.8083	-80.4407
WV	Liberty	38.6200	-81.7678
WV	Lindside	37.4817	-80.6203
WV	Linn	38.9573	-80.7300
WV	Little Birch	38.5810	-80.7063
WV	Littleton	39.6592	-80.5695
WV	Lizemores	38.3366	-81.1633
WV	Lochgelly	38.0106	-81.1453
WV	Logan	37.8475	-82.0021
WV	London	38.1944	-81.3689
WV	Lookout	38.0528	-80.9201
WV	Looneyville	38.6641	-81.2822
WV	Lorado	37.8011	-81.7444
WV	Lorentz	39.0100	-80.3017
WV	Lost City	38.8954	-78.8227
WV	Lost Creek	39.1725	-80.3777
WV	Lumberport	39.3781	-80.3676
WV	Lyburn	37.7743	-81.9293
WV	Lynco	37.6981	-81.6772
WV	Maben	37.6543	-81.3914
WV	Mabie	38.8222	-80.0131
WV	Mabscott	37.7708	-81.2086
WV	Mac Arthur	37.7517	-81.2183
WV	Macfarlan	39.0806	-81.1776
WV	Madison	38.0444	-81.7938
WV	Maidsville	39.7093	-80.0832
WV	Mallory	37.7306	-81.8381
WV	Mammoth	38.2583	-81.3509
WV	Man	37.7295	-81.8652
WV	Mannington	39.5220	-80.3552
WV	Marianna	37.6114	-81.5761
WV	Marlinton	38.2293	-80.0609
WV	Martinsburg	39.4600	-77.9589
WV	Mason	39.0064	-82.0282
WV	Masontown	39.5764	-79.8010
WV	Matewan	37.6495	-82.1457
WV	Matheny	37.6620	-81.5957
WV	Mathias	38.8744	-78.8814
WV	Matoaka	37.4418	-81.2680
WV	Maxwelton	37.9005	-80.4275
WV	Maybeury	37.3683	-81.3667
WV	Maysel	38.4939	-81.1227
WV	Maysville	39.0712	-79.1937
WV	Mc Graws	37.6764	-81.4406
WV	Mcmechen	39.9878	-80.7308
WV	Meadow Bridge	37.8780	-80.8521
WV	Meadow Creek	37.8048	-80.9174
WV	Meadowbrook	39.3354	-80.3257
WV	Metz	39.6078	-80.4168
WV	Miami	38.1522	-81.4481
WV	Middlebourne	39.5054	-80.8861
WV	Midkiff	38.1439	-82.1542
WV	Midway	37.7178	-81.2192
WV	Milam	38.8125	-79.0729
WV	Mill Creek	38.7325	-79.9786
WV	Millstone	38.8603	-81.0864
WV	Millville	39.2939	-77.7861
WV	Millwood	38.8962	-81.8248
WV	Milton	38.4140	-82.1458
WV	Minden	37.9758	-81.1197
WV	Mineral Wells	39.2100	-81.5305
WV	Moatsville	39.2123	-79.9216
WV	Mohawk	37.4879	-81.9142
WV	Montana Mines	39.5186	-80.1086
WV	Montcalm	37.3517	-81.2517
WV	Monterville	38.5517	-80.1224
WV	Montgomery	38.1412	-81.2814
WV	Montrose	39.0964	-79.7896
WV	Moorefield	39.0568	-78.9779
WV	Morgantown	39.6368	-80.0180
WV	Moundsville	39.9148	-80.7310
WV	Mount Alto	38.8639	-81.8784
WV	Mount Carbon	38.1601	-81.3334
WV	Mount Clare	39.2107	-80.2899
WV	Mount Gay	37.8414	-82.0089
WV	Mount Hope	37.9110	-81.1704
WV	Mount Lookout	38.1821	-80.9108
WV	Mount Nebo	38.1971	-80.8202
WV	Mount Olive	38.2378	-81.2336
WV	Mount Storm	39.2652	-79.2255
WV	Mount Zion	38.8775	-81.1195
WV	Mullens	37.5842	-81.3890
WV	Munday	39.0214	-81.2040
WV	Myra	38.2198	-82.1351
WV	Nallen	38.1083	-80.8858
WV	Naoma	37.9154	-81.5214
WV	Napier	38.7746	-80.5841
WV	Naugatuck	37.7897	-82.3492
WV	Nebo	38.6271	-81.0257
WV	Nellis	38.1521	-81.7399
WV	Nemours	37.3014	-81.3044
WV	Neola	37.9658	-80.1303
WV	Nettie	38.2090	-80.6953
WV	New Creek	39.3612	-79.0452
WV	New Cumberland	40.5228	-80.5901
WV	New Haven	38.9850	-81.9733
WV	New Manchester	40.5314	-80.5803
WV	New Martinsville	39.6588	-80.8565
WV	New Milton	39.1899	-80.7076
WV	New Richmond	37.5700	-81.4889
WV	Newburg	39.4027	-79.8280
WV	Newell	40.6140	-80.6011
WV	Newhall	37.2636	-81.6189
WV	Newton	38.6052	-81.1676
WV	Newtown	37.6278	-82.0858
WV	Nimitz	37.6286	-80.9446
WV	Nitro	38.4193	-81.8293
WV	Normantown	38.8802	-80.9419
WV	North Matewan	37.6264	-82.1483
WV	North Spring	37.5180	-81.7973
WV	Northfork	37.3953	-81.4158
WV	Norton	38.9317	-79.9658
WV	Oakvale	37.3342	-80.9628
WV	Oceana	37.7039	-81.6216
WV	Odd	37.5930	-81.1872
WV	Old Fields	39.1502	-78.9509
WV	Omar	37.7224	-82.0049
WV	Ona	38.4529	-82.2181
WV	Onego	38.8017	-79.4507
WV	Orgas	38.0736	-81.5738
WV	Orlando	38.8853	-80.5601
WV	Orma	38.7360	-81.0961
WV	Osage	39.6567	-80.0117
WV	Ottawa	37.9586	-81.8167
WV	Paden City	39.6044	-80.9265
WV	Page	38.0528	-81.2700
WV	Pageton	37.3492	-81.4656
WV	Palestine	38.9741	-81.4280
WV	Panther	37.4833	-81.8961
WV	Parkersburg	39.2644	-81.5354
WV	Parsons	39.1059	-79.6734
WV	Paw Paw	39.4923	-78.4586
WV	Pax	37.9097	-81.2644
WV	Paynesville	37.3653	-81.6845
WV	Peach Creek	37.8744	-81.9850
WV	Pecks Mill	37.9298	-81.9654
WV	Pence Springs	37.6767	-80.7092
WV	Pennsboro	39.2921	-80.9585
WV	Pentress	39.7103	-80.1606
WV	Petersburg	38.9766	-79.1307
WV	Peterstown	37.4147	-80.7686
WV	Petroleum	39.1741	-81.2406
WV	Peytona	38.1250	-81.7018
WV	Philippi	39.1508	-80.0385
WV	Pickens	38.6842	-80.2098
WV	Piedmont	39.4799	-79.0489
WV	Pinch	38.4086	-81.4819
WV	Pine Grove	39.5651	-80.6772
WV	Pineville	37.5840	-81.5336
WV	Piney View	37.8361	-81.1350
WV	Pipestem	37.5303	-80.9463
WV	Poca	38.4883	-81.8051
WV	Point Pleasant	38.8632	-82.1132
WV	Points	39.4572	-78.5641
WV	Pond Gap	38.2904	-81.2866
WV	Pool	38.1460	-80.8859
WV	Porters Falls	39.5797	-80.7764
WV	Powellton	38.0992	-81.3179
WV	Pratt	38.2100	-81.3842
WV	Premier	37.4222	-81.6439
WV	Prichard	38.2300	-82.5753
WV	Prince	37.8589	-81.0539
WV	Princeton	37.3668	-81.0864
WV	Princewick	37.6435	-81.2310
WV	Procious	38.4722	-81.2263
WV	Proctor	39.7207	-80.7618
WV	Prosperity	37.8364	-81.2019
WV	Pullman	39.1900	-80.9347
WV	Purgitsville	39.2681	-78.9060
WV	Pursglove	39.6995	-80.0618
WV	Quinwood	38.0519	-80.7173
WV	Rachel	39.5225	-80.2957
WV	Racine	38.1495	-81.6557
WV	Ragland	37.7025	-82.1275
WV	Rainelle	37.9661	-80.7821
WV	Raleigh	37.7567	-81.1744
WV	Ranger	38.1556	-82.1908
WV	Ranson	39.2995	-77.8606
WV	Ravencliff	37.6980	-81.4967
WV	Ravenswood	38.9468	-81.7524
WV	Rawl	37.6497	-82.2197
WV	Raysal	37.3431	-81.7825
WV	Reader	39.5836	-80.7516
WV	Red Creek	39.0196	-79.5301
WV	Red House	38.5463	-81.9045
WV	Red Jacket	37.6483	-82.1403
WV	Redstar	37.9849	-81.1344
WV	Reedsville	39.5182	-79.8101
WV	Reedy	38.8371	-81.4198
WV	Renick	37.9922	-80.3653
WV	Reynoldsville	39.2883	-80.4350
WV	Rhodell	37.6286	-81.2948
WV	Richwood	38.2230	-80.5445
WV	Ridgeley	39.5818	-78.7920
WV	Ridgeview	38.1486	-81.7725
WV	Ridgeway	39.2972	-78.0719
WV	Rio	39.1807	-78.6935
WV	Ripley	38.8090	-81.7020
WV	Rippon	39.2167	-77.9050
WV	Riverton	38.6979	-79.4655
WV	Rivesville	39.5568	-80.1417
WV	Robson	38.0973	-81.2488
WV	Rock	37.3889	-81.2188
WV	Rock Cave	38.7811	-80.3163
WV	Rock Creek	37.8367	-81.4837
WV	Rock View	37.6178	-81.5392
WV	Rockport	39.0798	-81.5713
WV	Roderfield	37.4503	-81.7058
WV	Romney	39.3424	-78.7481
WV	Ronceverte	37.7418	-80.4626
WV	Rosedale	38.7701	-80.9061
WV	Rosemont	39.2686	-80.1631
WV	Rowlesburg	39.2216	-79.6430
WV	Rupert	37.9639	-80.6900
WV	Sabine	37.6786	-81.5017
WV	Saint Albans	38.3774	-81.8305
WV	Saint Marys	39.3860	-81.1725
WV	Salem	39.2948	-80.5898
WV	Salt Rock	38.3265	-82.2470
WV	Sand Fork	38.8950	-80.7306
WV	Sandstone	37.7599	-80.8716
WV	Sandyville	38.9093	-81.6543
WV	Sarah Ann	37.7111	-81.9875
WV	Saulsville	37.6556	-81.4577
WV	Saxon	37.7861	-81.4323
WV	Scarbro	37.9471	-81.2457
WV	Scott Depot	38.4501	-81.9005
WV	Secondcreek	37.6602	-80.4181
WV	Selbyville	38.7194	-80.3130
WV	Seneca Rocks	38.8296	-79.3866
WV	Seth	38.0971	-81.6393
WV	Shady Spring	37.6978	-81.1023
WV	Shanks	39.2849	-78.6995
WV	Sharples	37.9203	-81.8294
WV	Shenandoah Junction	39.3711	-77.8892
WV	Shepherdstown	39.4311	-77.8158
WV	Shinnston	39.3888	-80.2834
WV	Shirley	39.3981	-80.7653
WV	Shoals	38.3269	-82.4753
WV	Shock	38.7575	-80.9687
WV	Short Creek	40.1856	-80.6747
WV	Simon	37.6197	-81.7586
WV	Simpson	39.2667	-80.0936
WV	Sinks Grove	37.6621	-80.5169
WV	Sistersville	39.5584	-80.9818
WV	Skelton	37.8106	-81.1875
WV	Slab Fork	37.6796	-81.2279
WV	Slanesville	39.4026	-78.5060
WV	Slatyfork	38.3812	-80.0404
WV	Smithburg	39.2883	-80.7317
WV	Smithers	38.1811	-81.3072
WV	Smithfield	39.5134	-80.5582
WV	Smithville	39.0671	-81.0620
WV	Smoot	37.8772	-80.6680
WV	Snowshoe	38.3972	-80.1417
WV	Sod	38.2630	-81.8681
WV	Sophia	37.7075	-81.2508
WV	Southside	38.7120	-81.9966
WV	Spanishburg	37.4631	-81.1069
WV	Spelter	39.3450	-80.3181
WV	Spencer	38.7897	-81.3303
WV	Sprague	37.7930	-81.1841
WV	Spring Dale	37.8695	-80.8150
WV	Springfield	39.4630	-78.6950
WV	Spurlockville	38.0770	-81.9918
WV	Squire	37.2370	-81.5805
WV	Stanaford	37.8158	-81.1525
WV	Stephenson	37.5798	-81.3339
WV	Stollings	37.8419	-81.9333
WV	Sugar Grove	38.5201	-79.2903
WV	Sumerco	38.2053	-81.8943
WV	Summersville	38.3009	-80.8353
WV	Summit Point	39.2338	-77.9586
WV	Surveyor	37.7480	-81.3392
WV	Sutton	38.6739	-80.6811
WV	Swiss	38.2791	-81.0807
WV	Switchback	37.3711	-81.3858
WV	Switzer	37.7931	-81.9878
WV	Sylvester	38.0091	-81.5492
WV	Tad	38.3333	-81.4944
WV	Talcott	37.6491	-80.7461
WV	Tallmansville	38.8564	-80.1580
WV	Teays	38.4417	-81.9531
WV	Terra Alta	39.4416	-79.5572
WV	Thomas	39.1505	-79.5030
WV	Thornton	39.3329	-79.9096
WV	Thorpe	37.3686	-81.5167
WV	Thurmond	37.9554	-81.0714
WV	Tioga	38.3760	-80.6617
WV	Tornado	38.3357	-81.8476
WV	Triadelphia	40.0699	-80.5953
WV	Troy	39.0839	-80.7549
WV	Tunnelton	39.3625	-79.7478
WV	Turtle Creek	38.0427	-81.8535
WV	Twilight	37.9210	-81.6352
WV	Uneeda	38.0356	-81.7808
WV	Union	37.5802	-80.5248
WV	Upper Tract	38.7950	-79.2586
WV	Upperglade	38.4185	-80.4965
WV	Valley Bend	38.7849	-79.9160
WV	Valley Grove	40.0946	-80.5551
WV	Valley Head	38.5366	-80.0449
WV	Van	37.9712	-81.7022
WV	Varney	37.6692	-82.1222
WV	Verdunville	37.8444	-82.0553
WV	Verner	37.6455	-81.8648
WV	Victor	38.1402	-81.0322
WV	Vienna	39.3251	-81.5411
WV	Volga	39.0684	-80.1432
WV	Waiteville	37.4645	-80.4634
WV	Walker	39.1821	-81.3866
WV	Walkersville	38.8507	-80.4802
WV	Wallace	39.4117	-80.4865
WV	Wallback	38.5725	-81.0935
WV	Walton	38.6023	-81.3958
WV	Wana	39.7021	-80.3051
WV	War	37.3378	-81.7153
WV	Wardensville	39.0562	-78.6175
WV	Warriormine	37.2928	-81.6972
WV	Washington	39.2339	-81.6407
WV	Waverly	39.3157	-81.3819
WV	Wayne	38.2258	-82.4339
WV	Wayside	37.5937	-80.7458
WV	Webster Springs	38.4764	-80.3998
WV	Weirton	40.4137	-80.5683
WV	Welch	37.4000	-81.5344
WV	Wellsburg	40.2548	-80.5961
WV	West Columbia	38.9262	-82.0905
WV	West Hamlin	38.2886	-82.1843
WV	West Liberty	40.1697	-80.5939
WV	West Milford	39.2039	-80.3630
WV	West Union	39.2762	-80.7911
WV	Weston	39.0411	-80.4737
WV	Wharncliffe	37.5452	-81.9566
WV	Wharton	37.8872	-81.6703
WV	Wheeling	40.0727	-80.6851
WV	White Oak	37.6801	-81.0589
WV	White Sulphur Springs	37.8146	-80.2746
WV	Whitesville	37.9787	-81.5340
WV	Whitman	37.8133	-82.0247
WV	Whitmer	38.8083	-79.5578
WV	Widen	38.4661	-80.8575
WV	Wilcoe	37.3811	-81.5642
WV	Wiley Ford	39.6133	-78.7750
WV	Wileyville	39.6626	-80.6473
WV	Wilkinson	37.8278	-81.9978
WV	Williamsburg	37.9442	-80.5173
WV	Williamson	37.6902	-82.2642
WV	Williamstown	39.3824	-81.4566
WV	Wilsonburg	39.2925	-80.3963
WV	Wilsondale	37.9516	-82.3814
WV	Windsor Heights	40.1911	-80.6656
WV	Winfield	38.5072	-81.8900
WV	Winifrede	38.1852	-81.5587
WV	Winona	38.0464	-80.9925
WV	Wolfcreek	37.6188	-80.6113
WV	Wolfe	37.3072	-81.3289
WV	Woodville	38.1570	-81.9113
WV	Worthington	39.4522	-80.2905
WV	Wyatt	39.4350	-80.3536
WV	Wyco	37.5989	-81.3431
WV	Wyoming	37.5822	-81.6019
WV	Yawkey	38.2193	-81.9568
WV	Yellow Spring	39.1830	-78.4950
WV	Yolyn	37.8665	-81.8727
WY	Afton	42.7128	-110.9420
WY	Aladdin	44.7473	-104.1931
WY	Albin	41.4342	-104.1505
WY	Alcova	42.5684	-106.6102
WY	Alpine	43.1753	-111.0339
WY	Alta	43.7539	-111.0361
WY	Alva	44.6947	-104.4408
WY	Arapahoe	42.9679	-108.4941
WY	Arminto	43.1209	-107.3436
WY	Arvada	44.6899	-106.1092
WY	Auburn	42.8051	-110.9944
WY	Baggs	41.0312	-107.6687
WY	Bairoil	42.2327	-107.5633
WY	Banner	44.5908	-106.8733
WY	Basin	44.3788	-108.0438
WY	Bedford	42.9323	-110.9556
WY	Beulah	44.5736	-104.1531
WY	Big Horn	44.6833	-106.9917
WY	Big Piney	42.5521	-110.1330
WY	Bondurant	43.2238	-110.3353
WY	Bosler	41.5627	-105.8197
WY	Boulder	42.6881	-109.5401
WY	Buffalo	44.3485	-106.7073
WY	Buford	41.1421	-105.4697
WY	Burlington	44.4442	-108.4327
WY	Burns	41.2003	-104.3155
WY	Byron	44.7964	-108.5058
WY	Carpenter	41.0428	-104.2765
WY	Casper	42.8458	-106.3166
WY	Centennial	41.3391	-105.9945
WY	Cheyenne	41.1437	-104.7962
WY	Chugwater	41.7487	-104.8179
WY	Clearmont	44.6610	-106.4581
WY	Cody	44.5231	-109.0756
WY	Cokeville	42.0580	-110.9164
WY	Cora	43.1399	-109.9154
WY	Cowley	44.8833	-108.4689
WY	Crowheart	43.3716	-109.2960
WY	Daniel	42.9176	-110.1336
WY	Dayton	44.8780	-107.3026
WY	Deaver	44.9257	-108.5979
WY	Devils Tower	44.6171	-104.7936
WY	Diamondville	41.7794	-110.5378
WY	Dixon	41.0446	-107.5604
WY	Douglas	42.7626	-105.3855
WY	Dubois	43.5451	-109.6492
WY	Edgerton	43.4131	-106.2489
WY	Elk Mountain	41.6875	-106.4128
WY	Emblem	44.5058	-108.3911
WY	Encampment	41.2054	-106.7803
WY	Etna	43.1386	-111.0160
WY	Evanston	41.2609	-110.9631
WY	Evansville	42.8614	-106.2639
WY	Fairview	42.6886	-110.9817
WY	Farson	42.0508	-109.4364
WY	Fort Bridger	41.2828	-110.3474
WY	Fort Laramie	42.2133	-104.5226
WY	Fort Washakie	43.0048	-108.8964
WY	Four Corners	44.1007	-104.1229
WY	Frannie	44.9697	-108.6203
WY	Freedom	43.0172	-111.0292
WY	Frontier	41.8142	-110.5364
WY	Ft Warren Afb	41.1511	-104.8610
WY	Garrett	42.1420	-105.5505
WY	Gillette	44.2820	-105.4974
WY	Glendo	42.5004	-105.0000
WY	Glenrock	42.8675	-105.8579
WY	Granger	41.5936	-109.9681
WY	Granite Canon	41.0053	-105.2492
WY	Green River	41.5196	-109.4714
WY	Greybull	44.4919	-108.0795
WY	Grover	42.7965	-110.9244
WY	Guernsey	42.2655	-104.7512
WY	Hanna	41.8726	-106.5283
WY	Hartville	42.3334	-104.7296
WY	Hawk Springs	41.7415	-104.3295
WY	Hiland	42.8375	-106.3872
WY	Hillsdale	41.2128	-104.4769
WY	Horse Creek	41.4150	-105.1817
WY	Hudson	42.9061	-108.5828
WY	Hulett	44.7352	-104.6174
WY	Huntley	41.9328	-104.1456
WY	Hyattville	44.2507	-107.6053
WY	Jackson	43.4607	-110.7663
WY	Jay Em	42.3574	-104.3114
WY	Jeffrey City	42.5402	-107.8724
WY	Jelm	41.1457	-105.9257
WY	Kaycee	43.7236	-106.5632
WY	Kelly	43.6094	-110.5442
WY	Kemmerer	41.7887	-110.5283
WY	Kinnear	43.1318	-108.6154
WY	Kirby	43.8044	-108.1808
WY	La Barge	42.2473	-110.2109
WY	Lagrange	41.6423	-104.1974
WY	Lance Creek	43.2316	-104.5450
WY	Lander	42.8597	-108.7383
WY	Laramie	41.3129	-105.5811
WY	Leiter	44.7181	-106.2686
WY	Linch	43.6064	-106.1956
WY	Lingle	42.1346	-104.3320
WY	Little America	41.5436	-109.8583
WY	Lonetree	41.0491	-110.1729
WY	Lost Springs	42.7298	-104.9209
WY	Lovell	44.8336	-108.4141
WY	Lusk	42.7660	-104.4651
WY	Lyman	41.3291	-110.2926
WY	Lysite	43.3284	-107.6488
WY	Manderson	44.3119	-107.9534
WY	Manville	42.7792	-104.6172
WY	Mc Kinnon	41.0409	-109.8745
WY	Medicine Bow	41.9030	-106.2012
WY	Meeteetse	44.1962	-108.9500
WY	Meriden	41.5424	-104.2866
WY	Midwest	43.4108	-106.2668
WY	Mills	42.8406	-106.3653
WY	Moorcroft	44.2999	-104.9059
WY	Moose	43.7712	-110.8575
WY	Moran	43.8816	-110.3294
WY	Mountain View	41.2689	-110.3392
WY	Natrona	43.0297	-106.8086
WY	Newcastle	43.8511	-104.2262
WY	Opal	41.7692	-110.3253
WY	Osage	43.9990	-104.4226
WY	Otto	44.4056	-108.3047
WY	Parkman	44.9650	-107.3254
WY	Pavillion	43.1985	-108.6044
WY	Pine Bluffs	41.1788	-104.0666
WY	Pinedale	42.8543	-109.8561
WY	Point Of Rocks	41.6803	-108.7850
WY	Powder River	43.0322	-106.9867
WY	Powell	44.7561	-108.7773
WY	Ralston	44.7161	-108.8639
WY	Ranchester	44.9048	-107.1598
WY	Rawlins	41.7951	-107.2349
WY	Recluse	44.7861	-105.7760
WY	Reliance	41.6692	-109.1964
WY	Riverton	43.0458	-108.4113
WY	Robertson	41.1853	-110.4125
WY	Rock River	41.7461	-105.9746
WY	Rock Springs	41.6060	-109.2300
WY	Rozet	44.3058	-105.2459
WY	Saddlestring	44.3483	-106.6983
WY	Saint Stephens	42.9839	-108.4158
WY	Saratoga	41.4463	-106.7975
WY	Savery	41.0395	-107.4234
WY	Shawnee	42.8395	-105.0324
WY	Shell	44.5636	-107.8243
WY	Sheridan	44.7849	-106.9648
WY	Shirley Basin	42.2228	-106.5219
WY	Shoshoni	43.2457	-108.1007
WY	Sinclair	41.7797	-107.1091
WY	Smoot	42.6192	-110.9224
WY	Story	44.6072	-107.0492
WY	Sundance	44.4058	-104.3837
WY	Superior	41.7694	-108.9758
WY	Ten Sleep	43.9978	-107.4153
WY	Teton Village	43.5881	-110.8272
WY	Thayne	42.9330	-111.0114
WY	Thermopolis	43.6622	-108.2313
WY	Tie Siding	41.0528	-105.4462
WY	Torrington	42.0624	-104.1917
WY	Upton	44.0893	-104.6352
WY	Van Tassell	42.8300	-104.3151
WY	Veteran	41.9821	-104.3709
WY	Walcott	41.7611	-106.8444
WY	Wamsutter	41.6583	-108.1517
WY	Wapiti	44.4797	-109.4326
WY	Weston	44.8357	-105.3732
WY	Wheatland	42.0495	-104.9679
WY	Wilson	43.4992	-110.8742
WY	Wolf	44.7682	-107.3034
WY	Worland	44.0138	-107.9563
WY	Wright	43.8293	-105.5323
WY	Wyarno	44.8133	-106.7733
WY	Yellowstone National Park	44.8539	-110.6744
WY	Yoder	41.9120	-104.3535
